
; 64tass Turbo Assembler Macro V1.60.3243 listing file
; 64tass.exe --nostart -L eth.lst -o eth.bin C:\projects\_M65\_xlar54\mega-ip-master\src\eth.asm
; Wed Aug 19 08:14:09 2026

;Offset	;Hex		;Monitor	;Source

;******  Processing input file: C:\projects\_M65\_xlar54\mega-ip-master\src\eth.asm


;******  Processing file: C:\projects\_M65\_xlar54\mega-ip-master\src\macros.asm


;******  Return to file: C:\projects\_M65\_xlar54\mega-ip-master\src\eth.asm


;******  Processing file: C:\projects\_M65\_xlar54\mega-ip-master\src\mega65.asm

=$d02f					MEGA65_IO_MODE          = $D02f
=$ffde800				MEGA65_TXRX_BUF         = $FFDE800
=$d6e0					MEGA65_ETH_CTRL1        = $D6E0
=$d6e1					MEGA65_ETH_CTRL2        = $D6E1
=$d6e2					MEGA65_ETH_TXSIZE_LSB   = $D6E2
=$d6e3					MEGA65_ETH_TXSIZE_MSB   = $D6E3
=$d6e4					MEGA65_ETH_COMMAND      = $D6E4
=$d6e5					MEGA65_ETH_CTRL3        = $D6E5
=$d6e9					MEGA65_ETH_MAC          = $D6E9
=$d6ef					MEGA65_ETH_DEBUG        = $D6EF
=$d7ef					MEGA65_HWRNG_RANDOM     = $D7EF
=$d7fa					MEGA65_FRAMECOUNT       = $D7FA
=$d7fe					MEGA65_HWRNG_STATUS     = $D7FE
=$80					MEGA65_HWRNG_NOT_READY  = $80
=$d011					MEGA65_VICII_CTRL1      = $D011
=$d012					MEGA65_VICII_RSTR_CMP   = $D012

;******  Return to file: C:\projects\_M65\_xlar54\mega-ip-master\src\eth.asm

=$02					TCP_FLAG_SYN                = $02
=$10					TCP_FLAG_ACK                = $10
=$08					TCP_FLAG_PSH                = $08
=$01					TCP_FLAG_FIN                = $01
=$04					TCP_FLAG_RST                = $04
=$00					ETH_STATE_DOWN              = $00
=$01					ETH_STATE_ARP_WAITING       = $01
=$00					TCP_STATE_CLOSED            = $00
=$02					TCP_STATE_SYN_SENT          = $02
=$03					TCP_STATE_SYN_RECEIVED      = $03
=$04					TCP_STATE_ESTABLISHED       = $04
=$05					TCP_STATE_FIN_WAIT_1        = $05
=$06					TCP_STATE_FIN_WAIT_2        = $06
=$07					TCP_STATE_CLOSE_WAIT        = $07
=$09					TCP_STATE_LAST_ACK          = $09
=$0a					TCP_STATE_TIME_WAIT         = $0a
=$01					CONN_CONNECTED              = %00000001     ; ESTABLISHED
=$02					CONN_FAILED                 = %00000010     ; handshake failed / RST / closed
=$04					CONN_IN_PROGRESS            = %00000100     ; we're working on it
=$08					CONN_ARP_WAIT               = %00001000     ; ARP request outstanding
=$10					CONN_SYN_SENT               = %00010000     ; SYN has been sent
=$01					EV_RST                      = %00000001     ; hard reset seen (peer RST)          [existing]
=$02					EV_PEER_FIN                 = %00000010     ; peer initiated close (we saw FIN)
=$04					EV_LOCAL_CLOSE              = %00000100     ; our FIN exchange completed
=$08					EV_TIMEWAIT_DONE            = %00001000     ; TIME_WAIT expired - CLOSED
=$10					EV_CONNECT_FAIL             = %00010000     ; SYN handshake failed / timeout
=$20					EV_TX_TIMEOUT               = %00100000     ; data retransmit retries exhausted
=235					TCP_PAYLOAD_MAX             = 235
=236					TCP_PAYLOAD_PADDED_SIZE     = TCP_PAYLOAD_MAX + 1
=$00					TCP_RECV_WINDOW_CAP_LO      = $00          ; advertise at most 1024 bytes
=$04					TCP_RECV_WINDOW_CAP_HI      = $04          ; to avoid overrunning 45E100 RX FIFO
=128					DNS_HOST_BUFFER_SIZE        = 128
=127					DNS_HOST_MAX                = DNS_HOST_BUFFER_SIZE - 1
=$20					BANK1_WORKSPACE_LOW_HI      = $20          ; bank-1 offset $2000 -> physical $12000
=$f8					BANK1_COLOR_SHADOW_HI       = $f8          ; bank-1 offset $f800 -> physical $1f800
=60					CONNECT_SYN_RETRY_TICKS     = 60
=4					CONNECT_SYN_MAX_RETRIES     = 4
=45					TCP_TX_RETRY_TICKS          = 45
=5					TCP_TX_BUSY_RETRY_TICKS     = 5
=6					TCP_TX_MAX_RETRIES          = 6
=6					TIME_WAIT_TICK_FRAMES       = 6
=$01					IP_PROTO_ICMP               = $01
=$06					IP_PROTO_TCP                = $06
=$11					IP_PROTO_UDP                = $11
=$00					ICMP_TYPE_ECHO_REPLY        = $00
=$08					ICMP_TYPE_ECHO_REQUEST      = $08
=8					ETH_RCV_BURST_MAX           = 8
=$00					EXEC_BANK = $00  ; code is running from $42000
=$05					RING_BUFFER_BANK = $05
=$00					RING_BUFFER_BANK_HI = $00
=$0000					RING_BUFFER_BASE = $0000
=$0f					RING_BUFFER_PAGE_MASK = $0f          ; 16 pages x 256 bytes = 4 KB
=$1000					TCP_OOO_BUFFER_BASE = $1000          ; one saved out-of-order TCP segment in bank 5
=$fb					RBUF_PTR_LO = $fb
=$fc					RBUF_PTR_HI = $fc
=$fd					RBUF_PTR_BANK = $fd
=$fe					RBUF_PTR_TOP = $fe
=$2100					STATE_BLOCK_BASE = $2100
=$7600					ML_EXTENSION_TABLE_BASE = $7600
=$77c0					ML_CALL_STAGING_BASE = $77c0

;******  Processing file: C:\projects\_M65\_xlar54\mega-ip-master\src\api.asm

.2000	4c 12 32	jmp $3212	    jmp ETH_INIT
.2003	4c a5 32	jmp $32a5	    jmp ETH_SET_GATEWAY_IP
.2006	4c 89 32	jmp $3289	    jmp ETH_SET_LOCAL_IP
.2009	4c 00 6d	jmp $6d00	    jmp ETH_SET_LOCAL_PORT
.200c	4c 97 32	jmp $3297	    jmp ETH_SET_REMOTE_IP
.200f	4c c1 32	jmp $32c1	    jmp ETH_SET_REMOTE_PORT
.2012	4c b3 32	jmp $32b3	    jmp ETH_SET_SUBNET_MASK
.2015	4c d6 32	jmp $32d6	    jmp ETH_SET_CHAR_XLATE
.2018	4c 90 35	jmp $3590	    jmp ETH_TCP_SEND
.201b	4c a9 35	jmp $35a9	    jmp ETH_TCP_SEND_STRING
.201e	4c d7 40	jmp $40d7	    jmp RBUF_GET
.2021	4c 54 35	jmp $3554	    jmp ETH_TCP_DISCONNECT
.2024	4c 1a 4a	jmp $4a1a	    jmp ETH_STATUS_POLL
.2027	4c da 32	jmp $32da	    jmp ETH_TCP_CONNECT_START
.202a	4c 2d 34	jmp $342d	    jmp ETH_CONNECT_POLL
.202d	4c e4 34	jmp $34e4	    jmp ETH_CONNECT_CANCEL
.2030	4c 07 62	jmp $6207	    jmp ETH_DNS_LOOKUP
.2033	4c 17 63	jmp $6317	    jmp ETH_GET_DNS_RESULT_IP
.2036	4c 50 62	jmp $6250	    jmp ETH_GET_DNS_STATE
.2039	4c 1a 35	jmp $351a	    jmp ETH_TCP_LISTEN_START
.203c	4c 4e 35	jmp $354e	    jmp ETH_TCP_LISTEN_STOP
.203f	4c 4a 35	jmp $354a	    jmp ETH_ACCEPT_POLL
.2042	4c e8 59	jmp $59e8	    jmp ETH_DHCP_START
.2045	4c 71 5a	jmp $5a71	    jmp ETH_DHCP_POLL
.2048	4c 8b 5a	jmp $5a8b	    jmp ETH_GET_DHCP_STATE
.204b	4c c8 32	jmp $32c8	    jmp ETH_SET_PRIMARY_DNS
.204e	4c 07 6d	jmp $6d07	    jmp ETH_GET_LOCAL_IP
.2051	4c 14 6d	jmp $6d14	    jmp ETH_GET_GATEWAY_IP
.2054	4c 21 6d	jmp $6d21	    jmp ETH_GET_SUBNET_MASK
.2057	4c 2e 6d	jmp $6d2e	    jmp ETH_GET_PRIMARY_DNS
.205a	4c 3b 6d	jmp $6d3b	    jmp ETH_GET_REMOTE_IP
.205d	4c 48 6d	jmp $6d48	    jmp ETH_TCP_FORCE_CLOSE
.2060	4c 84 6d	jmp $6d84	    jmp ETH_GET_ABI_INFO
.2063	4c 8d 6d	jmp $6d8d	    jmp ETH_DNS_START_ASTR
.2066	4c a4 6d	jmp $6da4	    jmp ETH_TCP_TX_IDLE

;******  Return to file: C:\projects\_M65\_xlar54\mega-ip-master\src\eth.asm

>2100	c0 a8 01 4b			LOCAL_IP:               .byte 192, 168, 1, 75
>2104	c0 00				LOCAL_PORT:             .byte $c0, $00              ; ephemeral port 49152
>2106	c0 a8 01 01			REMOTE_IP:              .byte 192, 168, 1, 1
>210a	00 17				REMOTE_PORT:            .byte $00, $17
>210c	c0 a8 01 01			GATEWAY_IP:             .byte 192, 168, 1, 1
>2110	ff ff ff 00			SUBNET_MASK:            .byte $ff, $ff, $ff, $00
>2114	08 08 08 08			PRIMARY_DNS:            .byte 8, 8, 8, 8
>2118	00				ETH_STATE:              .byte $00                   ; current state of ethernet
>2119	00				TCP_STATE:              .byte $00
>211a	00 00 00 00			REMOTE_ISN:             .byte $00, $00, $00, $00
>211e	00 00 00 00			LOCAL_ISN:              .byte $00, $00, $00, $00
>2122	00				LOCAL_ISN_TMP:          .byte $00                   ; temp values for seq number and ack number calcs
>2123	00 00				REMOTE_ISN_TMP:         .byte $00, $00
>2125	00				CONNECT_ACTIVE:         .byte $00                   ; 1 while a connect attempt is active
>2126	00				CONNECT_SYN_SENT:       .byte $00                   ; 1 after we transmit SYN
>2127	00				CONNECT_FAIL_LATCH:     .byte $00                   ; set by IRQ on RST/abort, polled/cleared in CONNECT_POLL
>2128	00				CONNECT_RETRY_TICKS:    .byte $00
>2129	00				CONNECT_RETRY_LEFT:     .byte $00
>212a	00				CONNECT_LAST_RASTER_LO: .byte $00
>212b	00				CONNECT_LAST_RASTER_HI: .byte $00
>212c	00 00 00 00			CONNECT_EXPECT_ACK:     .byte $00, $00, $00, $00
>2130	00 00 00 00			CONNECT_SYN_ISS:        .byte $00, $00, $00, $00
>2134	00 00				TCP_LISTEN_PORT:        .byte $00, $00              ; ---- Passive-accept (single slot) ----
>2136	00				TCP_LISTEN_STATE:       .byte $00                   ; 0=idle, 1=LISTEN, 2=SYN_RCVD
>2137	00				TCP_ACCEPT_FLAGS:       .byte $00                   ; bit0=accepted, bit1=fail
>2138	00				TCP_LISTEN_ENABLED:     .byte $00                   ; 0=off, 1=on
>2139	00 00 00 00			TCP_SYNACK_ISS:         .byte $00, $00, $00, $00
>213d	00				RX_COPY_REM_LO:         .byte 0
>213e	00				RX_COPY_REM_HI:         .byte 0
>213f	00				RX_CONSUMED_LO:         .byte 0
>2140	00				RX_CONSUMED_HI:         .byte 0
>2141	00				SKIP_LO:                .byte 0
>2142	00				SKIP_HI:                .byte 0
>2143	00				OFF_LO:                 .byte 0
>2144	00				OFF_HI:                 .byte 0
>2145	00				ETH_RX_TCP_FLAGS:       .byte $00                   ; recieved tcp pack flags
>2146	00				ETH_TX_LEN_LSB:         .byte $00
>2147	00				ETH_TX_LEN_MSB:         .byte $00
>2148	00				ETH_RX_FRAME_LEN_L:     .byte $00                   ; copied Ethernet frame length, excluding FCS
>2149	00				ETH_RX_FRAME_LEN_H:     .byte $00
>214a	00				ETH_RX_PAYLOAD_LEN_L:   .byte $00                   ; copied Ethernet payload length, excluding header/FCS
>214b	00				ETH_RX_PAYLOAD_LEN_H:   .byte $00
>214c	58				TIME_WAIT_COUNTER_LO:   .byte $58                   ; 2*MSL = 60 s -> 600 ticks of 100 ms -> 0x0258
>214d	02				TIME_WAIT_COUNTER_HI:   .byte $02
>214e	06				TIME_WAIT_FRAME_TICKS:  .byte TIME_WAIT_TICK_FRAMES
>214f	00				TIME_WAIT_LAST_RASTER_LO: .byte $00
>2150	00				TIME_WAIT_LAST_RASTER_HI: .byte $00
>2151	00				CHARACTER_MODE:         .byte $00                   ; $00 = C= gfx (no translation), $01 = ASCII->PETSCII
>2152	00				ACK_REPLY_PENDING:      .byte 0
>2153	00				ACK_REPLY_LEN_L:        .byte 0
>2154	00				ACK_REPLY_LEN_H:        .byte 0
>2155	00 00 00 00 00 00 00 00		ACK_REPLY_PACKET:       .fill 60, $00               ; 60 bytes is enough (14+20+20), 60 gives slack
>215d	00 00 00 00 00 00 00 00 00 00 00 00 00 00 00 00
;	...repeated 2 times (32 bytes)...
>218d	00 00 00 00
>2191	00				RBUF_HEAD_LO:           .byte 0
>2192	00				RBUF_HEAD_HI:           .byte 0                     ; 0..15
>2193	00				RBUF_TAIL_LO:           .byte 0
>2194	00				RBUF_TAIL_HI:           .byte 0                     ; 0..15
>2195	00				TMP_TAIL_LO:            .byte 0
>2196	00				TMP_TAIL_HI:            .byte 0
>2197	00				TMP_HEAD_LO:            .byte 0
>2198	00				TMP_HEAD_HI:            .byte 0
>2199	00				NEXT_LO:                .byte 0
>219a	00				NEXT_HI:                .byte 0
>219b	00				HLO:                    .byte 0
>219c	00				HHI:                    .byte 0
>219d	00				FREE_LO:                .byte 0
>219e	00				FREE_HI:                .byte 0
>219f	00				ADV_WINDOW_LAST_LO:     .byte 0
>21a0	00				ADV_WINDOW_LAST_HI:     .byte 0
>21a1	00 00 00 00			SEG_SEQ:                .byte 0,0,0,0
>21a5	00 00 00 00			SEG_ACK:                .byte 0,0,0,0
>21a9	00				TCP_OOO_VALID:          .byte 0
>21aa	00				TCP_OOO_FLAGS:          .byte 0
>21ab	00 00 00 00			TCP_OOO_SEQ:            .byte 0,0,0,0
>21af	00 00				TCP_OOO_LEN:            .byte 0,0
>21b1	00				RX_META0:               .byte $00
>21b2	00				RX_META1:               .byte $00
>21b3	00				ETH_RCV_BURST_LEFT:     .byte $00
>21b4	00				tmp_raster:             .byte 0
>21b5	00 00 00 00 00 00 00 00		host_str:               .fill DNS_HOST_BUFFER_SIZE, $00
>21bd	00 00 00 00 00 00 00 00 00 00 00 00 00 00 00 00
;	...repeated 6 times (96 bytes)...
>222d	00 00 00 00 00 00 00 00
.2235					ETH_TX_FRAME_HEADER:
.2235					ETH_TX_FRAME_DEST_MAC:
>2235	ff ff ff ff ff ff		    .byte $ff, $ff, $ff, $ff, $ff, $ff
.223b					ETH_TX_FRAME_SRC_MAC:
>223b	00 00 00 00 00 00		    .byte $00, $00, $00, $00, $00, $00
.2241					ETH_TX_TYPE:
>2241	08 06				    .byte $08, $06
.2243					ETH_TX_FRAME_PAYLOAD:
>2243	00 00 00 00 00 00 00 00		    .fill 1600, $00
>224b	00 00 00 00 00 00 00 00 00 00 00 00 00 00 00 00
;	...repeated 98 times (1568 bytes)...
>287b	00 00 00 00 00 00 00 00
.2883					ETH_RX_FRAME_HEADER:
.2883					ETH_RX_FRAME_DEST_MAC:
>2883	00 00 00 00 00 00		    .byte $00, $00, $00, $00, $00, $00
.2889					ETH_RX_FRAME_SRC_MAC:
>2889	00 00 00 00 00 00		    .byte $00, $00, $00, $00, $00, $00
.288f					ETH_RX_TYPE:
>288f	00 00				    .byte $00, $00
.2891					ETH_RX_FRAME_PAYLOAD:
>2891	00 00 00 00 00 00 00 00		    .fill 1600, $00
>2899	00 00 00 00 00 00 00 00 00 00 00 00 00 00 00 00
;	...repeated 98 times (1568 bytes)...
>2ec9	00 00 00 00 00 00 00 00
.2ed1					RX_CANARY:
>2ed1	c3 3c				    .byte $C3, $3C  ; should never change!!
.2ed3					TCP_RX_DATA_PAYLOAD_SIZE:
>2ed3	00 00				    .byte $00, $00
>2ed5	00				TXQ_HEAD:               .byte 0
>2ed6	00				TXQ_TAIL:               .byte 0
>2ed7	00				TXQ_COUNT:              .byte 0
>2ed8	00				TXQ_NEW_COUNT:          .byte 0
>2ed9	00				TXQ_ENQ_LEN:            .byte 0
>2eda	00				TXQ_SEND_LEN:           .byte 0
>2edb	00				TXQ_SCAN:               .byte 0
>2edc	00				TX_UNACK_PENDING:       .byte 0
>2edd	00				TX_UNACK_LEN:           .byte 0
>2ede	00				TX_UNACK_RETRY_TICKS:   .byte 0
>2edf	00				TX_UNACK_RETRY_LEFT:    .byte 0
>2ee0	00				TCP_TX_LAST_RASTER_LO:  .byte 0
>2ee1	00				TCP_TX_LAST_RASTER_HI:  .byte 0
>2ee2	00 00 00 00			TX_UNACK_SEQ:           .byte 0,0,0,0
>2ee6	00 00 00 00			TX_UNACK_EXPECT_ACK:    .byte 0,0,0,0
>2eea	00 00 00 00			TX_SAVE_LOCAL_ISN:      .byte 0,0,0,0
>2eee	00				TCP_PEER_MAC_VALID:     .byte 0
>2eef	00 00 00 00 00 00		TCP_PEER_MAC:           .byte 0,0,0,0,0,0
>2ef5	00 00				TCP_RST_SAVE_LOCAL_PORT:  .byte 0,0
>2ef7	00 00				TCP_RST_SAVE_REMOTE_PORT: .byte 0,0
>2ef9	00 00 00 00			TCP_RST_SAVE_REMOTE_IP:   .byte 0,0,0,0
>2efd	00 00 00 00			TCP_RST_SAVE_LOCAL_ISN:   .byte 0,0,0,0
>2f01	00 00 00 00			TCP_RST_SAVE_REMOTE_ISN:  .byte 0,0,0,0
>2f05	00 00				TCP_RST_SAVE_TX_LEN:      .byte 0,0
>2f07	00 00				TCP_RST_SAVE_RX_LEN:      .byte 0,0
>2f09	00				TCP_RST_SAVE_BUMP:        .byte 0
>2f0a	00				TCP_RST_TCP_OFF:          .byte 0
>2f0b	00				TCP_RST_REPLY_FLAGS:      .byte 0
.2f0c					TX_APP_QUEUE:
>2f0c	00 00 00 00 00 00 00 00		    .fill 256, $00
>2f14	00 00 00 00 00 00 00 00 00 00 00 00 00 00 00 00
;	...repeated 14 times (224 bytes)...
>3004	00 00 00 00 00 00 00 00
.300c					TX_UNACK_PAYLOAD:
>300c	00 00 00 00 00 00 00 00		    .fill TCP_PAYLOAD_MAX, $00
>3014	00 00 00 00 00 00 00 00 00 00 00 00 00 00 00 00
;	...repeated 13 times (208 bytes)...
>30f4	00 00 00
.30f7					TCP_DATA_PAYLOAD_SIZE:
>30f7	00				.byte $00
>30f8	00				.byte $00
.30f9					TCP_HEADER_SIZE:
>30f9	00				.byte $00
.30fa					TCP_DATA_PAYLOAD_WORD_COUNT:
>30fa	00				.byte $00
.30fb					TCP_PSEUDO_HDR:
>30fb	00 00 00 00 00 00 00 00		.byte $00, $00, $00, $00, $00, $00, $00, $00, $00, $00, $00, $00
>3103	00 00 00 00
.3107					TCP_HDR:
>3107	00 00				TCP_HDR_SRC_PORT:   .byte $00, $00
>3109	00 00				TCP_HDR_DST_PORT:   .byte $00, $00
>310b	00 00 00 00			TCP_HDR_SEQ_NUM:    .byte $00, $00, $00, $00
>310f	00 00 00 00			TCP_HDR_ACK_NUM:    .byte $00, $00, $00, $00
>3113	00 00				TCP_HDR_FLGS_OFFS:  .byte $00, $00
>3115	00 00				TCP_HDR_WINDOW:     .byte $00, $00
>3117	00 00				TCP_HDR_CHKSM:      .byte $00, $00
>3119	00 00				TCP_HDR_URGNT:      .byte $00, $00
.311b					TCP_DATA_PAYLOAD:
>311b	00 00 00 00 00 00 00 00		.byte $00, $00, $00, $00, $00, $00, $00, $00, $00, $00, $00, $00, $00, $00, $00, $00
>3123	00 00 00 00 00 00 00 00
>312b	00 00 00 00 00 00 00 00		.byte $00, $00, $00, $00, $00, $00, $00, $00, $00, $00, $00, $00, $00, $00, $00, $00
>3133	00 00 00 00 00 00 00 00
>313b	00 00 00 00 00 00 00 00		.byte $00, $00, $00, $00, $00, $00, $00, $00, $00, $00, $00, $00, $00, $00, $00, $00
>3143	00 00 00 00 00 00 00 00
>314b	00 00 00 00 00 00 00 00		.byte $00, $00, $00, $00, $00, $00, $00, $00, $00, $00, $00, $00, $00, $00, $00, $00
>3153	00 00 00 00 00 00 00 00
>315b	00 00 00 00 00 00 00 00		.byte $00, $00, $00, $00, $00, $00, $00, $00, $00, $00, $00, $00, $00, $00, $00, $00
>3163	00 00 00 00 00 00 00 00
>316b	00 00 00 00 00 00 00 00		.byte $00, $00, $00, $00, $00, $00, $00, $00, $00, $00, $00, $00, $00, $00, $00, $00
>3173	00 00 00 00 00 00 00 00
>317b	00 00 00 00 00 00 00 00		.byte $00, $00, $00, $00, $00, $00, $00, $00, $00, $00, $00, $00, $00, $00, $00, $00
>3183	00 00 00 00 00 00 00 00
>318b	00 00 00 00 00 00 00 00		.byte $00, $00, $00, $00, $00, $00, $00, $00, $00, $00, $00, $00, $00, $00, $00, $00
>3193	00 00 00 00 00 00 00 00
>319b	00 00 00 00 00 00 00 00		.byte $00, $00, $00, $00, $00, $00, $00, $00, $00, $00, $00, $00, $00, $00, $00, $00
>31a3	00 00 00 00 00 00 00 00
>31ab	00 00 00 00 00 00 00 00		.byte $00, $00, $00, $00, $00, $00, $00, $00, $00, $00, $00, $00, $00, $00, $00, $00
>31b3	00 00 00 00 00 00 00 00
>31bb	00 00 00 00 00 00 00 00		.byte $00, $00, $00, $00, $00, $00, $00, $00, $00, $00, $00, $00, $00, $00, $00, $00
>31c3	00 00 00 00 00 00 00 00
>31cb	00 00 00 00 00 00 00 00		.byte $00, $00, $00, $00, $00, $00, $00, $00, $00, $00, $00, $00, $00, $00, $00, $00
>31d3	00 00 00 00 00 00 00 00
>31db	00 00 00 00 00 00 00 00		.byte $00, $00, $00, $00, $00, $00, $00, $00, $00, $00, $00, $00, $00, $00, $00, $00
>31e3	00 00 00 00 00 00 00 00
>31eb	00 00 00 00 00 00 00 00		.byte $00, $00, $00, $00, $00, $00, $00, $00, $00, $00, $00, $00, $00, $00, $00, $00
>31f3	00 00 00 00 00 00 00 00
>31fb	00 00 00 00 00 00 00 00		.byte $00, $00, $00, $00, $00, $00, $00, $00, $00, $00, $00
>3203	00 00 00
.3206					TCP_DATA_PAYLOAD_PAD:
>3206	00				.byte $00
.3207					MEGA65_IO_ENABLE:
.3207	a9 47		lda #$47	    lda #$47
.3209	8d 2f d0	sta $d02f	    sta MEGA65_IO_MODE
.320c	a9 53		lda #$53	    lda #$53
.320e	8d 2f d0	sta $d02f	    sta MEGA65_IO_MODE
.3211	60		rts		    rts
.3212					ETH_INIT:
.3212	08		php		    php
.3213	78		sei		    sei
.3214	20 07 32	jsr $3207	    jsr MEGA65_IO_ENABLE
.3217	ad e5 d6	lda $d6e5	    lda MEGA65_ETH_CTRL3
.321a	29 df		and #$df	    and #%11011111        ; clear bit5 (MCST=0 -> no multicast)
.321c	09 11		ora #$11	    ora #%00010001        ; set bit4 (BCST=1) and bit0 (NOPROM=1)
.321e	8d e5 d6	sta $d6e5	    sta MEGA65_ETH_CTRL3
.3221	4c 38 32	jmp $3238	    jmp _more
.3224					_ahead:
.3224	ad e5 d6	lda $d6e5	    lda MEGA65_ETH_CTRL3
.3227	29 f3		and #$f3	    and #%11110011          ; clear bits 3 and 2
.3229	09 04		ora #$04	    ora #%00000100          ; set bit 2
.322b	8d e5 d6	sta $d6e5	    sta MEGA65_ETH_CTRL3
.322e	ad e5 d6	lda $d6e5	    lda MEGA65_ETH_CTRL3    ; read current value
.3231	29 3f		and #$3f	    and #%00111111          ; clear bits 6 and 7
.3233	09 40		ora #$40	    ora #%01000000          ; set bit 6
.3235	8d e5 d6	sta $d6e5	    sta MEGA65_ETH_CTRL3    ; write it back
.3238					_more:
.3238	ad e9 d6	lda $d6e9	    lda MEGA65_ETH_MAC+0
.323b	8d 3b 22	sta $223b	    sta ETH_TX_FRAME_SRC_MAC+0
.323e	ad ea d6	lda $d6ea	    lda MEGA65_ETH_MAC+1
.3241	8d 3c 22	sta $223c	    sta ETH_TX_FRAME_SRC_MAC+1
.3244	ad eb d6	lda $d6eb	    lda MEGA65_ETH_MAC+2
.3247	8d 3d 22	sta $223d	    sta ETH_TX_FRAME_SRC_MAC+2
.324a	ad ec d6	lda $d6ec	    lda MEGA65_ETH_MAC+3
.324d	8d 3e 22	sta $223e	    sta ETH_TX_FRAME_SRC_MAC+3
.3250	ad ed d6	lda $d6ed	    lda MEGA65_ETH_MAC+4
.3253	8d 3f 22	sta $223f	    sta ETH_TX_FRAME_SRC_MAC+4
.3256	ad ee d6	lda $d6ee	    lda MEGA65_ETH_MAC+5
.3259	8d 40 22	sta $2240	    sta ETH_TX_FRAME_SRC_MAC+5
.325c	a9 00		lda #$00	    lda #$00
.325e	8d e0 d6	sta $d6e0	    sta MEGA65_ETH_CTRL1
.3261	20 d5 42	jsr $42d5	    jsr ETH_WAIT_100MS
.3264	a9 03		lda #$03	    lda #$03
.3266	8d e0 d6	sta $d6e0	    sta MEGA65_ETH_CTRL1
.3269	20 d5 42	jsr $42d5	    jsr ETH_WAIT_100MS
.326c	a9 03		lda #$03	    lda #$03
.326e	8d e1 d6	sta $d6e1	    sta MEGA65_ETH_CTRL2
.3271	a9 00		lda #$00	    lda #$00
.3273	8d e1 d6	sta $d6e1	    sta MEGA65_ETH_CTRL2
.3276	a9 28		lda #$28	    lda #40
.3278	8d 88 32	sta $3288	    sta _loop_ctr
.327b					_loop_delay
.327b	20 d5 42	jsr $42d5	    jsr ETH_WAIT_100MS
.327e	ce 88 32	dec $3288	    dec _loop_ctr
.3281	d0 f8		bne $327b	    bne _loop_delay
.3283					_clear_buffer:
.3283	20 fc 6d	jsr $6dfc	    jsr ETH_CLEAR_DRIVER_STATE
.3286	28		plp		    plp
.3287	60		rts		    rts
.3288					_loop_ctr:
>3288	00				    .byte $00
.3289					ETH_SET_LOCAL_IP:
.3289	8d 00 21	sta $2100	    sta LOCAL_IP+0
.328c	8e 01 21	stx $2101	    stx LOCAL_IP+1
.328f	8c 02 21	sty $2102	    sty LOCAL_IP+2
.3292	6b		tza		    tza
.3293	8d 03 21	sta $2103	    sta LOCAL_IP+3
.3296	60		rts		    rts
.3297					ETH_SET_REMOTE_IP:
.3297	8d 06 21	sta $2106	    sta REMOTE_IP+0
.329a	8e 07 21	stx $2107	    stx REMOTE_IP+1
.329d	8c 08 21	sty $2108	    sty REMOTE_IP+2
.32a0	6b		tza		    tza
.32a1	8d 09 21	sta $2109	    sta REMOTE_IP+3
.32a4	60		rts		    rts
.32a5					ETH_SET_GATEWAY_IP:
.32a5	8d 0c 21	sta $210c	    sta GATEWAY_IP+0
.32a8	8e 0d 21	stx $210d	    stx GATEWAY_IP+1
.32ab	8c 0e 21	sty $210e	    sty GATEWAY_IP+2
.32ae	6b		tza		    tza
.32af	8d 0f 21	sta $210f	    sta GATEWAY_IP+3
.32b2	60		rts		    rts
.32b3					ETH_SET_SUBNET_MASK:
.32b3	8d 10 21	sta $2110	    sta SUBNET_MASK+0
.32b6	8e 11 21	stx $2111	    stx SUBNET_MASK+1
.32b9	8c 12 21	sty $2112	    sty SUBNET_MASK+2
.32bc	6b		tza		    tza
.32bd	8d 13 21	sta $2113	    sta SUBNET_MASK+3
.32c0	60		rts		    rts
.32c1					ETH_SET_REMOTE_PORT:
.32c1	8d 0a 21	sta $210a	    sta REMOTE_PORT+0
.32c4	8e 0b 21	stx $210b	    stx REMOTE_PORT+1
.32c7	60		rts		    rts
.32c8					ETH_SET_PRIMARY_DNS:
.32c8	8d 14 21	sta $2114	    sta PRIMARY_DNS+0
.32cb	8e 15 21	stx $2115	    stx PRIMARY_DNS+1
.32ce	8c 16 21	sty $2116	    sty PRIMARY_DNS+2
.32d1	6b		tza		    tza
.32d2	8d 17 21	sta $2117	    sta PRIMARY_DNS+3
.32d5	60		rts		    rts
.32d6					ETH_SET_CHAR_XLATE:
.32d6	8d 51 21	sta $2151	    sta CHARACTER_MODE
.32d9	60		rts		    rts
.32da					ETH_TCP_CONNECT_START:
.32da	ad 19 21	lda $2119	    lda TCP_STATE
.32dd	c9 04		cmp #$04	    cmp #TCP_STATE_ESTABLISHED
.32df	f0 7a		beq $335b	    beq _already_up
.32e1	ad 25 21	lda $2125	    lda CONNECT_ACTIVE
.32e4	d0 78		bne $335e	    bne _report_only
.32e6	ad 05 21	lda $2105	    lda LOCAL_PORT+1
.32e9	18		clc		    clc
.32ea	69 01		adc #$01	    adc #$01
.32ec	8d 05 21	sta $2105	    sta LOCAL_PORT+1
.32ef	ad 04 21	lda $2104	    lda LOCAL_PORT+0
.32f2	69 00		adc #$00	    adc #$00
.32f4	8d 04 21	sta $2104	    sta LOCAL_PORT+0
.32f7	20 93 48	jsr $4893	    jsr CLEAR_TCP_PAYLOAD
.32fa	20 a7 69	jsr $69a7	    jsr TCP_TX_RESET
.32fd	20 7e 48	jsr $487e	    jsr CLEAR_REMOTE_ISN
.3300	20 dc 3b	jsr $3bdc	    jsr TCP_OOO_CLEAR
.3303	20 ac 41	jsr $41ac	    jsr TCP_SEED_LOCAL_ISN
.3306	a9 00		lda #$00	    lda #$00
.3308	8d 45 21	sta $2145	    sta ETH_RX_TCP_FLAGS
.330b	8d 27 21	sta $2127	    sta CONNECT_FAIL_LATCH
.330e	8d 26 21	sta $2126	    sta CONNECT_SYN_SENT
.3311	8d 28 21	sta $2128	    sta CONNECT_RETRY_TICKS
.3314	8d 2a 21	sta $212a	    sta CONNECT_LAST_RASTER_LO
.3317	8d 2b 21	sta $212b	    sta CONNECT_LAST_RASTER_HI
.331a	8d 19 4a	sta $4a19	    sta TCP_EVENT_FLAG
.331d	8d c9 6e	sta $6ec9	    sta CONNECT_LAST_RX_DEST_CLASS
.3320	a9 01		lda #$01	    lda #$01
.3322	8d 25 21	sta $2125	    sta CONNECT_ACTIVE
.3325	a9 04		lda #$04	    lda #CONNECT_SYN_MAX_RETRIES
.3327	8d 29 21	sta $2129	    sta CONNECT_RETRY_LEFT
.332a	20 61 33	jsr $3361	    jsr CONNECT_SET_ARP_QUERY
.332d					_query_cache:
.332d	20 81 4e	jsr $4e81	    jsr ARP_QUERY_CACHE
.3330	f0 08		beq $333a	    beq _need_arp
.3332	20 d3 33	jsr $33d3	    jsr CONNECT_SEND_SYN
.3335	b0 19		bcs $3350	    bcs _syn_send_busy
.3337	a9 14		lda #$14	    lda #CONN_IN_PROGRESS|CONN_SYN_SENT
.3339	60		rts		    rts
.333a					_need_arp:
.333a	a9 01		lda #$01	    lda #ETH_STATE_ARP_WAITING
.333c	8d 18 21	sta $2118	    sta ETH_STATE
.333f	a2 03		ldx #$03	    ldx #$03
.3341					_cpy_arp:
.3341	bd 7d 4e	lda $4e7d,x	    lda ARP_QUERY_IP,x
.3344	9d 97 4b	sta $4b97,x	    sta ARP_REQUEST_IP,x
.3347	ca		dex		    dex
.3348	10 f7		bpl $3341	    bpl _cpy_arp
.334a	20 9b 4b	jsr $4b9b	    jsr ARP_REQUEST
.334d	a9 0c		lda #$0c	    lda #CONN_IN_PROGRESS|CONN_ARP_WAIT
.334f	60		rts		    rts
.3350					_syn_send_busy:
.3350	a9 05		lda #$05	    lda #TCP_TX_BUSY_RETRY_TICKS
.3352	8d 28 21	sta $2128	    sta CONNECT_RETRY_TICKS
.3355	20 7e 33	jsr $337e	    jsr CONNECT_STAMP_TIMER
.3358	a9 04		lda #$04	    lda #CONN_IN_PROGRESS
.335a	60		rts		    rts
.335b					_already_up:
.335b	a9 01		lda #$01	    lda #CONN_CONNECTED
.335d	60		rts		    rts
.335e					_report_only:
.335e	4c 2d 34	jmp $342d	    jmp ETH_CONNECT_POLL          ; reuse the polling logic to build A
.3361					CONNECT_SET_ARP_QUERY:
.3361	20 ee 42	jsr $42ee	    jsr ETH_CHECK_SAME_NET
.3364	d0 0c		bne $3372	    bne _connect_use_remote
.3366	a2 03		ldx #$03	    ldx #$03
.3368					_connect_cpy_gw:
.3368	bd 0c 21	lda $210c,x	    lda GATEWAY_IP,x
.336b	9d 7d 4e	sta $4e7d,x	    sta ARP_QUERY_IP,x
.336e	ca		dex		    dex
.336f	10 f7		bpl $3368	    bpl _connect_cpy_gw
.3371	60		rts		    rts
.3372					_connect_use_remote:
.3372	a2 03		ldx #$03	    ldx #$03
.3374					_connect_cpy_rem:
.3374	bd 06 21	lda $2106,x	    lda REMOTE_IP,x
.3377	9d 7d 4e	sta $4e7d,x	    sta ARP_QUERY_IP,x
.337a	ca		dex		    dex
.337b	10 f7		bpl $3374	    bpl _connect_cpy_rem
.337d	60		rts		    rts
.337e					CONNECT_STAMP_TIMER:
.337e	20 25 4f	jsr $4f25	    jsr ARP_READ_RASTER
.3381	ad 95 4b	lda $4b95	    lda ARP_CUR_RASTER_LO
.3384	8d 2a 21	sta $212a	    sta CONNECT_LAST_RASTER_LO
.3387	ad 96 4b	lda $4b96	    lda ARP_CUR_RASTER_HI
.338a	8d 2b 21	sta $212b	    sta CONNECT_LAST_RASTER_HI
.338d	60		rts		    rts
.338e					CONNECT_SET_EXPECT_FROM_SYN_ISS:
.338e	a2 00		ldx #$00	    ldx #$00
.3390					_expect_copy:
.3390	bd 30 21	lda $2130,x	    lda CONNECT_SYN_ISS,x
.3393	9d 2c 21	sta $212c,x	    sta CONNECT_EXPECT_ACK,x
.3396	e8		inx		    inx
.3397	e0 04		cpx #$04	    cpx #$04
.3399	d0 f5		bne $3390	    bne _expect_copy
.339b	ee 2f 21	inc $212f	    inc CONNECT_EXPECT_ACK+3
.339e	d0 0d		bne $33ad	    bne _expect_done
.33a0	ee 2e 21	inc $212e	    inc CONNECT_EXPECT_ACK+2
.33a3	d0 08		bne $33ad	    bne _expect_done
.33a5	ee 2d 21	inc $212d	    inc CONNECT_EXPECT_ACK+1
.33a8	d0 03		bne $33ad	    bne _expect_done
.33aa	ee 2c 21	inc $212c	    inc CONNECT_EXPECT_ACK+0
.33ad					_expect_done:
.33ad	60		rts		    rts
.33ae					CONNECT_PREPARE_SYN_ISN:
.33ae	ad 26 21	lda $2126	    lda CONNECT_SYN_SENT
.33b1	f0 10		beq $33c3	    beq _capture_syn_iss
.33b3	a2 00		ldx #$00	    ldx #$00
.33b5					_restore_syn_iss:
.33b5	bd 30 21	lda $2130,x	    lda CONNECT_SYN_ISS,x
.33b8	9d 1e 21	sta $211e,x	    sta LOCAL_ISN,x
.33bb	e8		inx		    inx
.33bc	e0 04		cpx #$04	    cpx #$04
.33be	d0 f5		bne $33b5	    bne _restore_syn_iss
.33c0	4c 8e 33	jmp $338e	    jmp CONNECT_SET_EXPECT_FROM_SYN_ISS
.33c3					_capture_syn_iss:
.33c3	a2 00		ldx #$00	    ldx #$00
.33c5					_capture_syn_loop:
.33c5	bd 1e 21	lda $211e,x	    lda LOCAL_ISN,x
.33c8	9d 30 21	sta $2130,x	    sta CONNECT_SYN_ISS,x
.33cb	e8		inx		    inx
.33cc	e0 04		cpx #$04	    cpx #$04
.33ce	d0 f5		bne $33c5	    bne _capture_syn_loop
.33d0	4c 8e 33	jmp $338e	    jmp CONNECT_SET_EXPECT_FROM_SYN_ISS
.33d3					CONNECT_SEND_SYN:
.33d3	20 ae 33	jsr $33ae	    jsr CONNECT_PREPARE_SYN_ISN
.33d6	a9 02		lda #$02	    lda #TCP_FLAG_SYN
.33d8	20 0e 43	jsr $430e	    jsr ETH_BUILD_TCPIP_PACKET
.33db	b0 1c		bcs $33f9	    bcs _connect_syn_not_sent
.33dd	20 70 42	jsr $4270	    jsr ETH_PACKET_SEND
.33e0	b0 17		bcs $33f9	    bcs _connect_syn_not_sent
.33e2	20 de 64	jsr $64de	    jsr TCP_SAVE_PEER_MAC
.33e5	a9 01		lda #$01	    lda #$01
.33e7	8d 26 21	sta $2126	    sta CONNECT_SYN_SENT
.33ea	a9 02		lda #$02	    lda #TCP_STATE_SYN_SENT
.33ec	8d 19 21	sta $2119	    sta TCP_STATE
.33ef	a9 3c		lda #$3c	    lda #CONNECT_SYN_RETRY_TICKS
.33f1	8d 28 21	sta $2128	    sta CONNECT_RETRY_TICKS
.33f4	20 7e 33	jsr $337e	    jsr CONNECT_STAMP_TIMER
.33f7	18		clc		    clc
.33f8	60		rts		    rts
.33f9					_connect_syn_not_sent:
.33f9	38		sec		    sec
.33fa	60		rts		    rts
.33fb					CONNECT_SYN_TICK:
.33fb	20 98 6e	jsr $6e98	    jsr CONNECT_FRAME_WRAP_TICK
.33fe	90 08		bcc $3408	    bcc _connect_syn_wait
.3400	ad 28 21	lda $2128	    lda CONNECT_RETRY_TICKS
.3403	f0 05		beq $340a	    beq _connect_syn_expired
.3405	ce 28 21	dec $2128	    dec CONNECT_RETRY_TICKS
.3408					_connect_syn_wait:
.3408	18		clc		    clc
.3409	60		rts		    rts
.340a					_connect_syn_expired:
.340a	ad 29 21	lda $2129	    lda CONNECT_RETRY_LEFT
.340d	f0 14		beq $3423	    beq _connect_syn_timeout
.340f	20 d3 33	jsr $33d3	    jsr CONNECT_SEND_SYN
.3412	b0 05		bcs $3419	    bcs _connect_syn_retry_not_sent
.3414	ce 29 21	dec $2129	    dec CONNECT_RETRY_LEFT
.3417	18		clc		    clc
.3418	60		rts		    rts
.3419					_connect_syn_retry_not_sent:
.3419	a9 05		lda #$05	    lda #TCP_TX_BUSY_RETRY_TICKS
.341b	8d 28 21	sta $2128	    sta CONNECT_RETRY_TICKS
.341e	20 7e 33	jsr $337e	    jsr CONNECT_STAMP_TIMER
.3421	18		clc		    clc
.3422	60		rts		    rts
.3423					_connect_syn_timeout:
.3423	ad 19 4a	lda $4a19	    lda TCP_EVENT_FLAG
.3426	09 10		ora #$10	    ora #EV_CONNECT_FAIL
.3428	8d 19 4a	sta $4a19	    sta TCP_EVENT_FLAG
.342b	38		sec		    sec
.342c	60		rts		    rts
.342d					ETH_CONNECT_POLL:
.342d	20 2f 63	jsr $632f	    jsr ETH_RCV
.3430	20 7f 36	jsr $367f	    jsr ETH_PROCESS_DEFERRED
.3433	20 34 4f	jsr $4f34	    jsr ARP_RETRY_TICK
.3436	20 f5 53	jsr $53f5	    jsr DNS_TICK
.3439	ad 25 21	lda $2125	    lda CONNECT_ACTIVE
.343c	f3 99 00	beq $34d7	    beq _not_connecting
.343f	ad 27 21	lda $2127	    lda CONNECT_FAIL_LATCH
.3442	f0 03		beq $3447	    beq _chk_state
.3444	4c b8 34	jmp $34b8	    jmp _fail
.3447					_chk_state:
.3447	ad 19 21	lda $2119	    lda TCP_STATE
.344a	c9 04		cmp #$04	    cmp #TCP_STATE_ESTABLISHED
.344c	d0 1a		bne $3468	    bne _not_est
.344e	20 7f 36	jsr $367f	    jsr ETH_PROCESS_DEFERRED
.3451	a9 00		lda #$00	    lda #$00
.3453	8d 25 21	sta $2125	    sta CONNECT_ACTIVE
.3456	8d 26 21	sta $2126	    sta CONNECT_SYN_SENT
.3459	8d 28 21	sta $2128	    sta CONNECT_RETRY_TICKS
.345c	8d 29 21	sta $2129	    sta CONNECT_RETRY_LEFT
.345f	8d 2a 21	sta $212a	    sta CONNECT_LAST_RASTER_LO
.3462	8d 2b 21	sta $212b	    sta CONNECT_LAST_RASTER_HI
.3465	a9 01		lda #$01	    lda #CONN_CONNECTED
.3467	60		rts		    rts
.3468					_not_est:
.3468	ad 26 21	lda $2126	    lda CONNECT_SYN_SENT
.346b	f0 0f		beq $347c	    beq _try_send_after_arp
.346d	ad 19 21	lda $2119	    lda TCP_STATE
.3470	c9 02		cmp #$02	    cmp #TCP_STATE_SYN_SENT
.3472	d0 31		bne $34a5	    bne _inprog
.3474	20 fb 33	jsr $33fb	    jsr CONNECT_SYN_TICK
.3477	b0 3f		bcs $34b8	    bcs _fail
.3479	4c a5 34	jmp $34a5	    jmp _inprog
.347c					_try_send_after_arp:
.347c	ad 18 21	lda $2118	    lda ETH_STATE
.347f	c9 01		cmp #$01	    cmp #ETH_STATE_ARP_WAITING
.3481	f0 22		beq $34a5	    beq _inprog                   ; still resolving MAC
.3483	20 61 33	jsr $3361	    jsr CONNECT_SET_ARP_QUERY
.3486	20 81 4e	jsr $4e81	    jsr ARP_QUERY_CACHE
.3489	f0 1a		beq $34a5	    beq _inprog                   ; still not populated (rare)
.348b	ad 28 21	lda $2128	    lda CONNECT_RETRY_TICKS
.348e	f0 10		beq $34a0	    beq _try_send_syn_now
.3490	20 98 6e	jsr $6e98	    jsr CONNECT_FRAME_WRAP_TICK
.3493	90 10		bcc $34a5	    bcc _inprog
.3495	ad 28 21	lda $2128	    lda CONNECT_RETRY_TICKS
.3498	f0 06		beq $34a0	    beq _try_send_syn_now
.349a	ce 28 21	dec $2128	    dec CONNECT_RETRY_TICKS
.349d	4c a5 34	jmp $34a5	    jmp _inprog
.34a0					_try_send_syn_now:
.34a0	20 d3 33	jsr $33d3	    jsr CONNECT_SEND_SYN
.34a3	b0 00		bcs $34a5	    bcs _inprog     ; was: bcs _fail
.34a5					_inprog:
.34a5	a9 04		lda #$04	    lda #CONN_IN_PROGRESS          ; start with IN_PROGRESS in A
.34a7	ac 26 21	ldy $2126	    ldy CONNECT_SYN_SENT           ; if SYN has been sent, add that bit
.34aa	f0 02		beq $34ae	    beq _no_syn
.34ac	09 10		ora #$10	    ora #CONN_SYN_SENT
.34ae					_no_syn:
.34ae	ae 90 4b	ldx $4b90	    ldx ARP_STATE
.34b1	e0 01		cpx #$01	    cpx #ARP_STATE_WAIT
.34b3	d0 02		bne $34b7	    bne _ret
.34b5	09 08		ora #$08	    ora #CONN_ARP_WAIT
.34b7					_ret:
.34b7	60		rts		    rts
.34b8					_fail:
.34b8	a9 00		lda #$00	    lda #$00
.34ba	8d 25 21	sta $2125	    sta CONNECT_ACTIVE
.34bd	8d 26 21	sta $2126	    sta CONNECT_SYN_SENT
.34c0	8d 27 21	sta $2127	    sta CONNECT_FAIL_LATCH
.34c3	8d 28 21	sta $2128	    sta CONNECT_RETRY_TICKS
.34c6	8d 29 21	sta $2129	    sta CONNECT_RETRY_LEFT
.34c9	8d 2a 21	sta $212a	    sta CONNECT_LAST_RASTER_LO
.34cc	8d 2b 21	sta $212b	    sta CONNECT_LAST_RASTER_HI
.34cf	a9 00		lda #$00	    lda #TCP_STATE_CLOSED
.34d1	8d 19 21	sta $2119	    sta TCP_STATE
.34d4	a9 02		lda #$02	    lda #CONN_FAILED
.34d6	60		rts		    rts
.34d7					_not_connecting:
.34d7	ad 19 21	lda $2119	    lda TCP_STATE
.34da	c9 04		cmp #$04	    cmp #TCP_STATE_ESTABLISHED
.34dc	f0 03		beq $34e1	    beq _up
.34de	a9 00		lda #$00	    lda #$00
.34e0	60		rts		    rts
.34e1					_up:
.34e1	a9 01		lda #$01	    lda #CONN_CONNECTED
.34e3	60		rts		    rts
.34e4					ETH_CONNECT_CANCEL:
.34e4	ad 25 21	lda $2125	    lda CONNECT_ACTIVE
.34e7	f0 2e		beq $3517	    beq _done
.34e9	ad 26 21	lda $2126	    lda CONNECT_SYN_SENT
.34ec	f0 0d		beq $34fb	    beq _clear_only
.34ee	a9 04		lda #$04	    lda #TCP_FLAG_RST
.34f0	20 0e 43	jsr $430e	    jsr ETH_BUILD_TCPIP_PACKET
.34f3	90 03		bcc $34f8	    bcc +
.34f5	4c fb 34	jmp $34fb	    jmp _clear_only               ; build failed -> just clear
.34f8	20 70 42	jsr $4270	+   jsr ETH_PACKET_SEND
.34fb					_clear_only:
.34fb	a9 00		lda #$00	    lda #$00
.34fd	8d 25 21	sta $2125	    sta CONNECT_ACTIVE
.3500	8d 26 21	sta $2126	    sta CONNECT_SYN_SENT
.3503	8d 27 21	sta $2127	    sta CONNECT_FAIL_LATCH
.3506	8d 28 21	sta $2128	    sta CONNECT_RETRY_TICKS
.3509	8d 29 21	sta $2129	    sta CONNECT_RETRY_LEFT
.350c	8d 2a 21	sta $212a	    sta CONNECT_LAST_RASTER_LO
.350f	8d 2b 21	sta $212b	    sta CONNECT_LAST_RASTER_HI
.3512	a9 00		lda #$00	    lda #TCP_STATE_CLOSED
.3514	8d 19 21	sta $2119	    sta TCP_STATE
.3517					_done:
.3517	a9 00		lda #$00	    lda #$00
.3519	60		rts		    rts
.351a					ETH_TCP_LISTEN_START:
.351a	8d 34 21	sta $2134	    sta TCP_LISTEN_PORT
.351d	8d 04 21	sta $2104	    sta LOCAL_PORT
.3520	8e 35 21	stx $2135	    stx TCP_LISTEN_PORT+1
.3523	8e 05 21	stx $2105	    stx LOCAL_PORT+1
.3526	ad 19 21	lda $2119	    lda TCP_STATE
.3529	c9 00		cmp #$00	    cmp #TCP_STATE_CLOSED
.352b	d0 17		bne $3544	    bne _busy_fail
.352d	a9 00		lda #$00	    lda #0
.352f	8d 37 21	sta $2137	    sta TCP_ACCEPT_FLAGS        ; clear accepted/fail
.3532	8d 28 21	sta $2128	    sta CONNECT_RETRY_TICKS
.3535	8d 29 21	sta $2129	    sta CONNECT_RETRY_LEFT
.3538	a9 01		lda #$01	    lda #1
.353a	8d 38 21	sta $2138	    sta TCP_LISTEN_ENABLED      ; go LISTEN
.353d	20 a7 69	jsr $69a7	    jsr TCP_TX_RESET
.3540	20 dc 3b	jsr $3bdc	    jsr TCP_OOO_CLEAR
.3543	60		rts		    rts
.3544					_busy_fail:
.3544	a9 02		lda #$02	    lda #2
.3546	8d 37 21	sta $2137	    sta TCP_ACCEPT_FLAGS      ; fail bit set for poller (bit1)
.3549	60		rts		    rts
.354a					ETH_ACCEPT_POLL:
.354a	ad 37 21	lda $2137	    lda TCP_ACCEPT_FLAGS
.354d	60		rts		    rts
.354e					ETH_TCP_LISTEN_STOP:
.354e	a9 00		lda #$00	    lda #$00
.3550	8d 38 21	sta $2138	    sta TCP_LISTEN_ENABLED
.3553	60		rts		    rts
.3554					ETH_TCP_DISCONNECT:
.3554	ad 19 21	lda $2119	    lda TCP_STATE
.3557	c9 04		cmp #$04	    cmp #TCP_STATE_ESTABLISHED
.3559	f0 05		beq $3560	    beq _disconnect_established
.355b	c9 07		cmp #$07	    cmp #TCP_STATE_CLOSE_WAIT
.355d	f0 19		beq $3578	    beq _disconnect_close_wait
.355f	60		rts		    rts
.3560					_disconnect_established:
.3560	a9 11		lda #$11	    lda #TCP_FLAG_FIN|TCP_FLAG_ACK
.3562	20 0e 43	jsr $430e	    jsr ETH_BUILD_TCPIP_PACKET
.3565	b0 28		bcs $358f	    bcs _not_connected
.3567	20 70 42	jsr $4270	    jsr ETH_PACKET_SEND
.356a	b0 23		bcs $358f	    bcs _not_connected
.356c	20 a9 48	jsr $48a9	    jsr CALC_LOCAL_ISN
.356f	20 89 73	jsr $7389	    jsr TCP_FIN_RETRY_INIT
.3572	a9 05		lda #$05	    lda #TCP_STATE_FIN_WAIT_1
.3574	8d 19 21	sta $2119	    sta TCP_STATE
.3577	60		rts		    rts
.3578					_disconnect_close_wait:
.3578	a9 11		lda #$11	    lda #TCP_FLAG_FIN|TCP_FLAG_ACK
.357a	20 0e 43	jsr $430e	    jsr ETH_BUILD_TCPIP_PACKET
.357d	b0 10		bcs $358f	    bcs _not_connected
.357f	20 70 42	jsr $4270	    jsr ETH_PACKET_SEND
.3582	b0 0b		bcs $358f	    bcs _not_connected
.3584	20 a9 48	jsr $48a9	    jsr CALC_LOCAL_ISN
.3587	20 89 73	jsr $7389	    jsr TCP_FIN_RETRY_INIT
.358a	a9 09		lda #$09	    lda #TCP_STATE_LAST_ACK
.358c	8d 19 21	sta $2119	    sta TCP_STATE
.358f					_not_connected:
.358f	60		rts		    rts
.3590					ETH_TCP_SEND:
.3590	ad 19 21	lda $2119	    lda TCP_STATE
.3593	c9 04		cmp #$04	    cmp #TCP_STATE_ESTABLISHED
.3595	d0 0d		bne $35a4	    bne _not_connected
.3597	20 d4 69	jsr $69d4	    jsr TCP_TX_ENQUEUE_CURRENT
.359a	b0 08		bcs $35a4	    bcs _not_connected
.359c	20 93 48	jsr $4893	    jsr CLEAR_TCP_PAYLOAD
.359f	20 43 6a	jsr $6a43	    jsr TCP_TX_TICK
.35a2	18		clc		    clc
.35a3	60		rts		    rts
.35a4					_not_connected:
.35a4	20 93 48	jsr $4893	    jsr CLEAR_TCP_PAYLOAD
.35a7	38		sec		    sec
.35a8	60		rts		    rts
.35a9					ETH_TCP_SEND_STRING:
.35a9	08		php		    php
.35aa	78		sei		    sei
.35ab	ad 19 21	lda $2119	    lda TCP_STATE
.35ae	c9 04		cmp #$04	    cmp #TCP_STATE_ESTABLISHED
.35b0	f0 02		beq $35b4	    beq _connected
.35b2					_exit:
.35b2	28		plp		    plp
.35b3	60		rts		    rts
.35b4					_connected:
.35b4	a5 45		lda $45		    lda $45
.35b6	48		pha		    pha
.35b7	a5 46		lda $46		    lda $46
.35b9	48		pha		    pha
.35ba	a5 47		lda $47		    lda $47
.35bc	48		pha		    pha
.35bd	a5 48		lda $48		    lda $48
.35bf	48		pha		    pha
.35c0	a9 60		lda #$60	    lda #<$FD60
.35c2	85 45		sta $45		    sta $45
.35c4	a9 fd		lda #$fd	    lda #>$FD60
.35c6	85 46		sta $46		    sta $46
.35c8	a9 00		lda #$00	    lda #`$FD60
.35ca	85 47		sta $47		    sta $47
.35cc	a9 00		lda #$00	    lda #$00
.35ce	85 48		sta $48		    sta $48
.35d0	a3 00		ldz #$00	    ldz #$00
.35d2	ea		nop		    lda [$45],z
.35d3	b2 45		lda ($45),z
.35d5	4b		taz		    taz
.35d6	68		pla		    pla
.35d7	85 48		sta $48		    sta $48
.35d9	68		pla		    pla
.35da	85 47		sta $47		    sta $47
.35dc	68		pla		    pla
.35dd	85 46		sta $46		    sta $46
.35df	68		pla		    pla
.35e0	85 45		sta $45		    sta $45
.35e2	6b		tza		    tza
.35e3	f0 cd		beq $35b2	    beq _exit
.35e5	c9 ec		cmp #$ec	    cmp #TCP_PAYLOAD_MAX+1
.35e7	90 02		bcc $35eb	    bcc _tcp_len_ok
.35e9	a9 eb		lda #$eb	    lda #TCP_PAYLOAD_MAX
.35eb					_tcp_len_ok:
.35eb	8d 6d 36	sta $366d	    sta _var_len
.35ee	a9 00		lda #$00	    lda #$00
.35f0	8d 6e 36	sta $366e	    sta _var_len+1            ; DMA length MSB = 0
.35f3	a5 45		lda $45		    lda $45
.35f5	48		pha		    pha
.35f6	a5 46		lda $46		    lda $46
.35f8	48		pha		    pha
.35f9	a5 47		lda $47		    lda $47
.35fb	48		pha		    pha
.35fc	a5 48		lda $48		    lda $48
.35fe	48		pha		    pha
.35ff	a9 61		lda #$61	    lda #<$FD61
.3601	85 45		sta $45		    sta $45
.3603	a9 fd		lda #$fd	    lda #>$FD61
.3605	85 46		sta $46		    sta $46
.3607	a9 00		lda #$00	    lda #`$FD61
.3609	85 47		sta $47		    sta $47
.360b	a9 00		lda #$00	    lda #$00
.360d	85 48		sta $48		    sta $48
.360f	a3 00		ldz #$00	    ldz #$00
.3611	ea		nop		    lda [$45],z
.3612	b2 45		lda ($45),z
.3614	4b		taz		    taz
.3615	68		pla		    pla
.3616	85 48		sta $48		    sta $48
.3618	68		pla		    pla
.3619	85 47		sta $47		    sta $47
.361b	68		pla		    pla
.361c	85 46		sta $46		    sta $46
.361e	68		pla		    pla
.361f	85 45		sta $45		    sta $45
.3621	6b		tza		    tza
.3622	8d 6f 36	sta $366f	    sta _var_addr
.3625	a5 45		lda $45		    lda $45
.3627	48		pha		    pha
.3628	a5 46		lda $46		    lda $46
.362a	48		pha		    pha
.362b	a5 47		lda $47		    lda $47
.362d	48		pha		    pha
.362e	a5 48		lda $48		    lda $48
.3630	48		pha		    pha
.3631	a9 62		lda #$62	    lda #<$FD62
.3633	85 45		sta $45		    sta $45
.3635	a9 fd		lda #$fd	    lda #>$FD62
.3637	85 46		sta $46		    sta $46
.3639	a9 00		lda #$00	    lda #`$FD62
.363b	85 47		sta $47		    sta $47
.363d	a9 00		lda #$00	    lda #$00
.363f	85 48		sta $48		    sta $48
.3641	a3 00		ldz #$00	    ldz #$00
.3643	ea		nop		    lda [$45],z
.3644	b2 45		lda ($45),z
.3646	4b		taz		    taz
.3647	68		pla		    pla
.3648	85 48		sta $48		    sta $48
.364a	68		pla		    pla
.364b	85 47		sta $47		    sta $47
.364d	68		pla		    pla
.364e	85 46		sta $46		    sta $46
.3650	68		pla		    pla
.3651	85 45		sta $45		    sta $45
.3653	6b		tza		    tza
.3654	8d 70 36	sta $3670	    sta _var_addr+1
.3657	ad 6d 36	lda $366d	    lda _var_len
.365a	8d f7 30	sta $30f7	    sta TCP_DATA_PAYLOAD_SIZE
.365d	a9 00		lda #$00	    lda #$00
.365f	8d f8 30	sta $30f8	    sta TCP_DATA_PAYLOAD_SIZE+1
.3662	a9 00		lda #$00	    lda #$00
.3664	8d 07 d7	sta $d707	    sta $D707
>3667	80				    .byte $80                                   ; enhanced dma - src bits 20-27
>3668	00				    .byte $00   ; src hi
>3669	81				    .byte $81                                   ; enhanced dma - dest bits 20-27
>366a	00				    .byte $00   ; dest hi
>366b	00				    .byte $00                                   ; end of job options
>366c	00				    .byte $00                                   ; copy
.366d					_var_len:
>366d	00				    .byte $00 ; <\length,
>366e	00				    .byte $00 ; >\length                    ; length lsb, msb
.366f					_var_addr:
>366f	00 00 01			    .byte $00, $00, $01                     ; src lsb, msb, bank 1 for string var data
.3672					_dest_addr:
>3672	1b 31 00			    .byte <TCP_DATA_PAYLOAD, >TCP_DATA_PAYLOAD, EXEC_BANK             ; dest lsb, msb, bank
>3675	00				    .byte $00                                   ; command high byte
>3676	00 00				    .word $0000                                 ; modulo (ignored)
.3678	20 10 6c	jsr $6c10	    jsr SEND_TRANSLATE_PAYLOAD
.367b	28		plp		    plp
.367c	4c 90 35	jmp $3590	    jmp ETH_TCP_SEND
.367f					ETH_PROCESS_DEFERRED:
.367f	08		php		    php
.3680	78		sei		    sei
.3681	ad 52 21	lda $2152	    lda ACK_REPLY_PENDING
.3684	f0 33		beq $36b9	    beq _check_arp
.3686	ad 53 21	lda $2153	    lda ACK_REPLY_LEN_L
.3689	0d 54 21	ora $2154	    ora ACK_REPLY_LEN_H
.368c	d0 07		bne $3695	    bne _ack_has_len
.368e	a9 00		lda #$00	    lda #$00
.3690	8d 52 21	sta $2152	    sta ACK_REPLY_PENDING
.3693	80 24		bra $36b9	    bra _check_arp
.3695					_ack_has_len:
.3695	ae 53 21	ldx $2153	    ldx ACK_REPLY_LEN_L
.3698					_ack_copy_back:
.3698	ca		dex		    dex
.3699	bd 55 21	lda $2155,x	    lda ACK_REPLY_PACKET,x
.369c	9d 35 22	sta $2235,x	    sta ETH_TX_FRAME_DEST_MAC,x
.369f	e0 00		cpx #$00	    cpx #$00
.36a1	d0 f5		bne $3698	    bne _ack_copy_back
.36a3	ad 53 21	lda $2153	    lda ACK_REPLY_LEN_L
.36a6	8d 46 21	sta $2146	    sta ETH_TX_LEN_LSB
.36a9	ad 54 21	lda $2154	    lda ACK_REPLY_LEN_H
.36ac	8d 47 21	sta $2147	    sta ETH_TX_LEN_MSB
.36af	20 70 42	jsr $4270	    jsr ETH_PACKET_SEND
.36b2	b0 2b		bcs $36df	    bcs _epd_done
.36b4	a9 00		lda #$00	    lda #$00
.36b6	8d 52 21	sta $2152	    sta ACK_REPLY_PENDING
.36b9					_ack_done:
.36b9					_check_arp:
.36b9	ad 22 50	lda $5022	    lda ARP_REPLY_PENDING
.36bc	f0 21		beq $36df	    beq _epd_done
.36be	a2 3c		ldx #$3c	    ldx #$3c
.36c0					_epd_copy:
.36c0	ca		dex		    dex
.36c1	bd e6 4f	lda $4fe6,x	    lda ARP_REPLY_PACKET,x
.36c4	9d 35 22	sta $2235,x	    sta ETH_TX_FRAME_DEST_MAC,x
.36c7	e0 00		cpx #$00	    cpx #$00
.36c9	d0 f5		bne $36c0	    bne _epd_copy
.36cb	a9 3c		lda #$3c	    lda #$3c
.36cd	8d 46 21	sta $2146	    sta ETH_TX_LEN_LSB
.36d0	a9 00		lda #$00	    lda #$00
.36d2	8d 47 21	sta $2147	    sta ETH_TX_LEN_MSB
.36d5	20 70 42	jsr $4270	    jsr ETH_PACKET_SEND
.36d8	b0 05		bcs $36df	    bcs _epd_done
.36da	a9 00		lda #$00	    lda #$00
.36dc	8d 22 50	sta $5022	    sta ARP_REPLY_PENDING
.36df					_epd_done:
.36df	28		plp		    plp
.36e0	60		rts		    rts
.36e1					TCP_STATE_HANDLER:
.36e1	ad 45 21	lda $2145	    lda ETH_RX_TCP_FLAGS
.36e4	29 04		and #$04	    and #TCP_FLAG_RST
.36e6	f0 45		beq $372d	    beq _not_RST
.36e8	ad 19 21	lda $2119	    lda TCP_STATE
.36eb	c9 02		cmp #$02	    cmp #TCP_STATE_SYN_SENT
.36ed	f0 0c		beq $36fb	    beq _rst_syn_sent
.36ef	c9 00		cmp #$00	    cmp #TCP_STATE_CLOSED
.36f1	f0 39		beq $372c	    beq _rst_ignore
.36f3	20 40 6c	jsr $6c40	    jsr TCP_SEQ_CMP_SEG_SEQ_REMOTE
.36f6	d0 34		bne $372c	    bne _rst_ignore
.36f8	4c 11 37	jmp $3711	    jmp _rst_accepted
.36fb					_rst_syn_sent:
.36fb	ad 45 21	lda $2145	    lda ETH_RX_TCP_FLAGS
.36fe	29 10		and #$10	    and #TCP_FLAG_ACK
.3700	f0 2a		beq $372c	    beq _rst_ignore
.3702	a2 00		ldx #$00	    ldx #$00
.3704					_rst_syn_ack_check:
.3704	bd a5 21	lda $21a5,x	    lda SEG_ACK,x
.3707	dd 2c 21	cmp $212c,x	    cmp CONNECT_EXPECT_ACK,x
.370a	d0 20		bne $372c	    bne _rst_ignore
.370c	e8		inx		    inx
.370d	e0 04		cpx #$04	    cpx #$04
.370f	d0 f3		bne $3704	    bne _rst_syn_ack_check
.3711					_rst_accepted:
.3711	20 c9 49	jsr $49c9	    jsr TCP_HARD_RESET
.3714	ad 25 21	lda $2125	    lda CONNECT_ACTIVE
.3717	f0 12		beq $372b	    beq +
.3719	ad 26 21	lda $2126	    lda CONNECT_SYN_SENT
.371c	f0 0d		beq $372b	    beq +
.371e	a9 01		lda #$01	    lda #$01
.3720	8d 27 21	sta $2127	    sta CONNECT_FAIL_LATCH
.3723	ad 19 4a	lda $4a19	    lda TCP_EVENT_FLAG
.3726	09 10		ora #$10	    ora #EV_CONNECT_FAIL
.3728	8d 19 4a	sta $4a19	    sta TCP_EVENT_FLAG
.372b	60		rts		 +  rts
.372c					_rst_ignore:
.372c	60		rts		    rts
.372d					_not_RST:
.372d	ad 19 21	lda $2119	    lda TCP_STATE
.3730					_check_ESTABLISHED:
.3730	c9 04		cmp #$04	    cmp #TCP_STATE_ESTABLISHED
.3732	d3 d7 02	bne $3a0b	    bne _check_CLOSED
.3735	20 12 6a	jsr $6a12	    jsr TCP_TX_ACK_CHECK
.3738	ad 45 21	lda $2145	    lda ETH_RX_TCP_FLAGS
.373b	29 01		and #$01	    and #TCP_FLAG_FIN
.373d	f0 14		beq $3753	    beq _no_fin_in_established
.373f	ad d3 2e	lda $2ed3	    lda TCP_RX_DATA_PAYLOAD_SIZE
.3742	0d d4 2e	ora $2ed4	    ora TCP_RX_DATA_PAYLOAD_SIZE+1
.3745	d0 0c		bne $3753	    bne _no_fin_in_established
.3747	20 40 6c	jsr $6c40	    jsr TCP_SEQ_CMP_SEG_SEQ_REMOTE
.374a	f0 04		beq $3750	    beq _fin_seq_ok_established
.374c	20 bd 3b	jsr $3bbd	    jsr TCP_DEFER_DUP_ACK
.374f	60		rts		    rts
.3750					_fin_seq_ok_established:
.3750	4c e7 39	jmp $39e7	    jmp _got_FIN_IN_ESTABLISHED
.3753					_no_fin_in_established:
.3753	ad 45 21	lda $2145	    lda ETH_RX_TCP_FLAGS
.3756	29 12		and #$12	    and #(TCP_FLAG_SYN|TCP_FLAG_ACK)
.3758	c9 12		cmp #$12	    cmp #(TCP_FLAG_SYN|TCP_FLAG_ACK)
.375a	d0 1c		bne $3778	    bne _not_retx_synack
.375c	ad d3 2e	lda $2ed3	    lda TCP_RX_DATA_PAYLOAD_SIZE
.375f	0d d4 2e	ora $2ed4	    ora TCP_RX_DATA_PAYLOAD_SIZE+1
.3762	d0 14		bne $3778	    bne _not_retx_synack
.3764	a9 00		lda #$00	    lda #$00
.3766	8d f7 30	sta $30f7	    sta TCP_DATA_PAYLOAD_SIZE
.3769	8d f8 30	sta $30f8	    sta TCP_DATA_PAYLOAD_SIZE+1
.376c	a9 10		lda #$10	    lda #TCP_FLAG_ACK
.376e	20 0e 43	jsr $430e	    jsr ETH_BUILD_TCPIP_PACKET
.3771	b3 97 02	bcs $3a0a	    bcs _est_done
.3774	20 b0 3f	jsr $3fb0	    jsr DEFER_CURRENT_TX
.3777	60		rts		    rts
.3778					_not_retx_synack:
.3778					_copy_payload_and_ack:
.3778	ad d3 2e	lda $2ed3	    lda TCP_RX_DATA_PAYLOAD_SIZE
.377b	0d d4 2e	ora $2ed4	    ora TCP_RX_DATA_PAYLOAD_SIZE+1
.377e	f3 8a 02	beq $3a0a	    beq _est_done
.3781	08		php		    php
.3782	78		sei		    sei
.3783	ad d3 2e	lda $2ed3	    lda TCP_RX_DATA_PAYLOAD_SIZE
.3786	8d 3d 21	sta $213d	    sta RX_COPY_REM_LO
.3789	ad d4 2e	lda $2ed4	    lda TCP_RX_DATA_PAYLOAD_SIZE+1
.378c	8d 3e 21	sta $213e	    sta RX_COPY_REM_HI
.378f	20 40 6c	jsr $6c40	    jsr TCP_SEQ_CMP_SEG_SEQ_REMOTE
.3792	30 0b		bmi $379f	    bmi _seg_in_past         ; SEG.SEQ <  RCV.NXT -> overlap on left
.3794	f3 cc 00	beq $3862	    beq _seg_in_order        ; SEG.SEQ == RCV.NXT -> in-order
.3797					_seg_in_future:
.3797	20 e2 3b	jsr $3be2	    jsr TCP_OOO_SAVE_CURRENT
.379a	20 bd 3b	jsr $3bbd	    jsr TCP_DEFER_DUP_ACK
.379d	28		plp		    plp
.379e	60		rts		    rts
.379f					_seg_in_past:
.379f	38		sec		    sec
.37a0	ad 1d 21	lda $211d	    lda REMOTE_ISN+3
.37a3	ed a4 21	sbc $21a4	    sbc SEG_SEQ+3
.37a6	8d 41 21	sta $2141	    sta SKIP_LO
.37a9	ad 1c 21	lda $211c	    lda REMOTE_ISN+2
.37ac	ed a3 21	sbc $21a3	    sbc SEG_SEQ+2
.37af	8d 42 21	sta $2142	    sta SKIP_HI
.37b2	ad 1b 21	lda $211b	    lda REMOTE_ISN+1
.37b5	ed a2 21	sbc $21a2	    sbc SEG_SEQ+1
.37b8	d0 53		bne $380d	    bne _dup_entire_ack
.37ba	ad 1a 21	lda $211a	    lda REMOTE_ISN+0
.37bd	ed a1 21	sbc $21a1	    sbc SEG_SEQ+0
.37c0	d0 4b		bne $380d	    bne _dup_entire_ack
.37c2	ad 42 21	lda $2142	    lda SKIP_HI
.37c5	cd 3e 21	cmp $213e	    cmp RX_COPY_REM_HI
.37c8	90 5d		bcc $3827	    bcc _have_tail
.37ca	d0 08		bne $37d4	    bne _dup_entire
.37cc	ad 41 21	lda $2141	    lda SKIP_LO
.37cf	cd 3d 21	cmp $213d	    cmp RX_COPY_REM_LO
.37d2	90 53		bcc $3827	    bcc _have_tail
.37d4					_dup_entire:
.37d4	ad 45 21	lda $2145	    lda ETH_RX_TCP_FLAGS
.37d7	29 01		and #$01	    and #TCP_FLAG_FIN
.37d9	f0 32		beq $380d	    beq _dup_entire_ack
.37db	ad 42 21	lda $2142	    lda SKIP_HI
.37de	cd 3e 21	cmp $213e	    cmp RX_COPY_REM_HI
.37e1	d0 2a		bne $380d	    bne _dup_entire_ack
.37e3	ad 41 21	lda $2141	    lda SKIP_LO
.37e6	cd 3d 21	cmp $213d	    cmp RX_COPY_REM_LO
.37e9	d0 22		bne $380d	    bne _dup_entire_ack
.37eb	a9 00		lda #$00	    lda #$00
.37ed	8d d3 2e	sta $2ed3	    sta TCP_RX_DATA_PAYLOAD_SIZE
.37f0	8d d4 2e	sta $2ed4	    sta TCP_RX_DATA_PAYLOAD_SIZE+1
.37f3	a9 01		lda #$01	    lda #$01
.37f5	8d 3c 49	sta $493c	    sta REMOTE_ISN_BUMP
.37f8	20 06 49	jsr $4906	    jsr CALC_REMOTE_ISN
.37fb	a9 00		lda #$00	    lda #$00
.37fd	8d 3c 49	sta $493c	    sta REMOTE_ISN_BUMP
.3800	a9 10		lda #$10	    lda #TCP_FLAG_ACK
.3802	20 0e 43	jsr $430e	    jsr ETH_BUILD_TCPIP_PACKET
.3805	20 b0 3f	jsr $3fb0	    jsr DEFER_CURRENT_TX
.3808	20 b5 39	jsr $39b5	    jsr _apply_peer_fin_state
.380b	28		plp		    plp
.380c	60		rts		    rts
.380d					_dup_entire_ack:
.380d	a9 00		lda #$00	    lda #$00
.380f	8d d3 2e	sta $2ed3	    sta TCP_RX_DATA_PAYLOAD_SIZE
.3812	8d d4 2e	sta $2ed4	    sta TCP_RX_DATA_PAYLOAD_SIZE+1
.3815	a9 00		lda #$00	    lda #$00
.3817	8d 3c 49	sta $493c	    sta REMOTE_ISN_BUMP
.381a	20 06 49	jsr $4906	    jsr CALC_REMOTE_ISN
.381d	a9 10		lda #$10	    lda #TCP_FLAG_ACK
.381f	20 0e 43	jsr $430e	    jsr ETH_BUILD_TCPIP_PACKET
.3822	20 b0 3f	jsr $3fb0	    jsr DEFER_CURRENT_TX
.3825	28		plp		    plp
.3826	60		rts		    rts
.3827					_have_tail:
.3827	ad 3d 21	lda $213d	    lda RX_COPY_REM_LO
.382a	38		sec		    sec
.382b	ed 41 21	sbc $2141	    sbc SKIP_LO
.382e	8d 3d 21	sta $213d	    sta RX_COPY_REM_LO
.3831	ad 3e 21	lda $213e	    lda RX_COPY_REM_HI
.3834	ed 42 21	sbc $2142	    sbc SKIP_HI
.3837	8d 3e 21	sta $213e	    sta RX_COPY_REM_HI
.383a	ad c8 49	lda $49c8	    lda TCP_DATA_OFFSET
.383d	18		clc		    clc
.383e	6d 41 21	adc $2141	    adc SKIP_LO
.3841	8d 43 21	sta $2143	    sta OFF_LO
.3844	a9 00		lda #$00	    lda #$00
.3846	6d 42 21	adc $2142	    adc SKIP_HI
.3849	8d 44 21	sta $2144	    sta OFF_HI
.384c	a9 91		lda #$91	    lda #<ETH_RX_FRAME_PAYLOAD
.384e	18		clc		    clc
.384f	6d 43 21	adc $2143	    adc OFF_LO
.3852	8d d8 38	sta $38d8	    sta _payload_read+1
.3855	a9 28		lda #$28	    lda #>ETH_RX_FRAME_PAYLOAD
.3857	6d 44 21	adc $2144	    adc OFF_HI
.385a	8d d9 38	sta $38d9	    sta _payload_read+2
.385d	a0 00		ldy #$00	    ldy #$00
.385f	4c 74 38	jmp $3874	    jmp _copy_setup_done
.3862					_seg_in_order:
.3862	a9 91		lda #$91	    lda #<ETH_RX_FRAME_PAYLOAD
.3864	18		clc		    clc
.3865	6d c8 49	adc $49c8	    adc TCP_DATA_OFFSET
.3868	8d d8 38	sta $38d8	    sta _payload_read+1
.386b	a9 28		lda #$28	    lda #>ETH_RX_FRAME_PAYLOAD
.386d	69 00		adc #$00	    adc #$00
.386f	8d d9 38	sta $38d9	    sta _payload_read+2
.3872	a0 00		ldy #$00	    ldy #$00
.3874					_copy_setup_done:
.3874	a9 00		lda #$00	    lda #$00
.3876	8d 3f 21	sta $213f	    sta RX_CONSUMED_LO
.3879	8d 40 21	sta $2140	    sta RX_CONSUMED_HI
.387c	20 48 41	jsr $4148	    jsr RBUF_SAVE_PTR_ZP
.387f	20 d2 6d	jsr $6dd2	    jsr READ_TAIL_ATOMIC
.3882	38		sec		    sec
.3883	ad 95 21	lda $2195	    lda TMP_TAIL_LO
.3886	ed 91 21	sbc $2191	    sbc RBUF_HEAD_LO
.3889	8d 9d 21	sta $219d	    sta FREE_LO
.388c	ad 96 21	lda $2196	    lda TMP_TAIL_HI
.388f	ed 92 21	sbc $2192	    sbc RBUF_HEAD_HI
.3892	29 0f		and #$0f	    and #RING_BUFFER_PAGE_MASK
.3894	8d 9e 21	sta $219e	    sta FREE_HI
.3897	38		sec		    sec
.3898	ad 9d 21	lda $219d	    lda FREE_LO
.389b	e9 01		sbc #$01	    sbc #1
.389d	8d 9d 21	sta $219d	    sta FREE_LO
.38a0	ad 9e 21	lda $219e	    lda FREE_HI
.38a3	e9 00		sbc #$00	    sbc #0
.38a5	29 0f		and #$0f	    and #RING_BUFFER_PAGE_MASK
.38a7	8d 9e 21	sta $219e	    sta FREE_HI
.38aa	ad 92 21	lda $2192	    lda RBUF_HEAD_HI
.38ad	8d 9c 21	sta $219c	    sta HHI
.38b0	a9 00		lda #$00	    lda #<RING_BUFFER_BASE
.38b2	85 fb		sta $fb		    sta RBUF_PTR_LO
.38b4	a9 00		lda #$00	    lda #>RING_BUFFER_BASE
.38b6	18		clc		    clc
.38b7	6d 9c 21	adc $219c	    adc HHI
.38ba	85 fc		sta $fc		    sta RBUF_PTR_HI
.38bc	a9 05		lda #$05	    lda #RING_BUFFER_BANK
.38be	85 fd		sta $fd		    sta RBUF_PTR_BANK
.38c0	a9 00		lda #$00	    lda #RING_BUFFER_BANK_HI
.38c2	85 fe		sta $fe		    sta RBUF_PTR_TOP
.38c4	ab 91 21	ldz $2191	    ldz RBUF_HEAD_LO
.38c7					_lp_copy_data:
.38c7	ad 3d 21	lda $213d	    lda RX_COPY_REM_LO
.38ca	0d 3e 21	ora $213e	    ora RX_COPY_REM_HI
.38cd	f0 5f		beq $392e	    beq _ack_what_we_took
.38cf	ad 9d 21	lda $219d	    lda FREE_LO
.38d2	0d 9e 21	ora $219e	    ora FREE_HI
.38d5	f0 57		beq $392e	    beq _ack_what_we_took
.38d7					_payload_read:
>38d7	b9 00 00			    .byte $B9, $00, $00            ; LDA abs,Y (operands patched above)
.38da	ea		nop		    sta [RBUF_PTR_LO],z
.38db	92 fb		sta ($fb),z
.38dd					_byte_consumed:
.38dd	ee 3f 21	inc $213f	    inc RX_CONSUMED_LO
.38e0	d0 03		bne $38e5	    bne _no_carry_cons
.38e2	ee 40 21	inc $2140	    inc RX_CONSUMED_HI
.38e5					_no_carry_cons:
.38e5	c8		iny		    iny
.38e6	d0 03		bne $38eb	    bne _no_page
.38e8	ee d9 38	inc $38d9	    inc _payload_read+2            ; crossed page
.38eb					_no_page:
.38eb	6b		tza		    tza
.38ec	18		clc		    clc
.38ed	69 01		adc #$01	    adc #1
.38ef	4b		taz		    taz
.38f0	d0 10		bne $3902	    bne _no_ring_page
.38f2	ee 9c 21	inc $219c	    inc HHI
.38f5	ad 9c 21	lda $219c	    lda HHI
.38f8	29 0f		and #$0f	    and #RING_BUFFER_PAGE_MASK
.38fa	8d 9c 21	sta $219c	    sta HHI
.38fd	18		clc		    clc
.38fe	69 00		adc #$00	    adc #>RING_BUFFER_BASE
.3900	85 fc		sta $fc		    sta RBUF_PTR_HI
.3902					_no_ring_page:
.3902	38		sec		    sec
.3903	ad 9d 21	lda $219d	    lda FREE_LO
.3906	e9 01		sbc #$01	    sbc #1
.3908	8d 9d 21	sta $219d	    sta FREE_LO
.390b	ad 9e 21	lda $219e	    lda FREE_HI
.390e	e9 00		sbc #$00	    sbc #0
.3910	29 0f		and #$0f	    and #RING_BUFFER_PAGE_MASK
.3912	8d 9e 21	sta $219e	    sta FREE_HI
.3915	38		sec		    sec
.3916	ad 3d 21	lda $213d	    lda RX_COPY_REM_LO
.3919	e9 01		sbc #$01	    sbc #1
.391b	8d 3d 21	sta $213d	    sta RX_COPY_REM_LO
.391e	ad 3e 21	lda $213e	    lda RX_COPY_REM_HI
.3921	e9 00		sbc #$00	    sbc #0
.3923	8d 3e 21	sta $213e	    sta RX_COPY_REM_HI
.3926	ad 3d 21	lda $213d	    lda RX_COPY_REM_LO
.3929	0d 3e 21	ora $213e	    ora RX_COPY_REM_HI
.392c	d0 99		bne $38c7	    bne _lp_copy_data       ; Check if high byte went negative
.392e					_ack_what_we_took:
.392e	6b		tza		    tza
.392f	8d 91 21	sta $2191	    sta RBUF_HEAD_LO
.3932	ad 9c 21	lda $219c	    lda HHI
.3935	8d 92 21	sta $2192	    sta RBUF_HEAD_HI
.3938	20 5d 41	jsr $415d	    jsr RBUF_RESTORE_PTR_ZP
.393b	ad 3f 21	lda $213f	    lda RX_CONSUMED_LO
.393e	8d d3 2e	sta $2ed3	    sta TCP_RX_DATA_PAYLOAD_SIZE
.3941	ad 40 21	lda $2140	    lda RX_CONSUMED_HI
.3944	8d d4 2e	sta $2ed4	    sta TCP_RX_DATA_PAYLOAD_SIZE+1
.3947	a9 00		lda #$00	    lda #$00
.3949	8d 3c 49	sta $493c	    sta REMOTE_ISN_BUMP
.394c	ad 45 21	lda $2145	    lda ETH_RX_TCP_FLAGS
.394f	29 01		and #$01	    and #TCP_FLAG_FIN
.3951	f0 0d		beq $3960	    beq _ack_no_fin_bump
.3953	ad 3d 21	lda $213d	    lda RX_COPY_REM_LO
.3956	0d 3e 21	ora $213e	    ora RX_COPY_REM_HI
.3959	d0 05		bne $3960	    bne _ack_no_fin_bump
.395b	a9 01		lda #$01	    lda #$01
.395d	8d 3c 49	sta $493c	    sta REMOTE_ISN_BUMP
.3960					_ack_no_fin_bump:
.3960	20 06 49	jsr $4906	    jsr CALC_REMOTE_ISN            ; RCV.NXT += consumed
.3963	ad 3c 49	lda $493c	    lda REMOTE_ISN_BUMP
.3966	48		pha		    pha
.3967	20 97 3c	jsr $3c97	    jsr TCP_OOO_TRY_FLUSH
.396a	68		pla		    pla
.396b	8d 3c 49	sta $493c	    sta REMOTE_ISN_BUMP
.396e	a9 00		lda #$00	    lda #$00
.3970	8d f7 30	sta $30f7	    sta TCP_DATA_PAYLOAD_SIZE
.3973	8d f8 30	sta $30f8	    sta TCP_DATA_PAYLOAD_SIZE+1
.3976	a9 10		lda #$10	    lda #TCP_FLAG_ACK
.3978	20 0e 43	jsr $430e	    jsr ETH_BUILD_TCPIP_PACKET
.397b	ad 46 21	lda $2146	    lda ETH_TX_LEN_LSB
.397e	ae 47 21	ldx $2147	    ldx ETH_TX_LEN_MSB
.3981	e0 00		cpx #$00	    cpx #0                   ; High byte non-zero?
.3983	d0 04		bne $3989	    bne _clamp_to_60         ; Yes, definitely > 60
.3985	c9 3d		cmp #$3d	    cmp #61                  ; Check low byte
.3987	90 04		bcc $398d	    bcc _size_ok             ; < 61, we're good
.3989					_clamp_to_60:
.3989	a9 3c		lda #$3c	    lda #60
.398b	a2 00		ldx #$00	    ldx #0
.398d					_size_ok:
.398d	8d 53 21	sta $2153	    sta ACK_REPLY_LEN_L
.3990	8e 54 21	stx $2154	    stx ACK_REPLY_LEN_H
.3993	aa		tax		    tax                      ; X = length for copy
.3994	f0 10		beq $39a6	    beq _ack_defer_done
.3996					_ack_defer_copy:
.3996	ca		dex		    dex
.3997	bd 35 22	lda $2235,x	    lda ETH_TX_FRAME_DEST_MAC,x
.399a	9d 55 21	sta $2155,x	    sta ACK_REPLY_PACKET,x
.399d	e0 00		cpx #$00	    cpx #$00
.399f	d0 f5		bne $3996	    bne _ack_defer_copy
.39a1	a9 01		lda #$01	    lda #$01
.39a3	8d 52 21	sta $2152	    sta ACK_REPLY_PENDING
.39a6					_ack_defer_done:
.39a6	ad 3c 49	lda $493c	    lda REMOTE_ISN_BUMP
.39a9	f0 08		beq $39b3	    beq _ack_defer_no_fin
.39ab	a9 00		lda #$00	    lda #$00
.39ad	8d 3c 49	sta $493c	    sta REMOTE_ISN_BUMP
.39b0	20 b5 39	jsr $39b5	    jsr _apply_peer_fin_state
.39b3					_ack_defer_no_fin:
.39b3	28		plp		    plp
.39b4	60		rts		    rts
.39b5					_apply_peer_fin_state:
.39b5	ad 19 21	lda $2119	    lda TCP_STATE
.39b8	c9 05		cmp #$05	    cmp #TCP_STATE_FIN_WAIT_1
.39ba	f0 12		beq $39ce	    beq _peer_fin_active_close
.39bc	c9 06		cmp #$06	    cmp #TCP_STATE_FIN_WAIT_2
.39be	f0 0e		beq $39ce	    beq _peer_fin_active_close
.39c0	a9 07		lda #$07	    lda #TCP_STATE_CLOSE_WAIT
.39c2	8d 19 21	sta $2119	    sta TCP_STATE
.39c5	ad 19 4a	lda $4a19	    lda TCP_EVENT_FLAG
.39c8	09 02		ora #$02	    ora #EV_PEER_FIN
.39ca	8d 19 4a	sta $4a19	    sta TCP_EVENT_FLAG
.39cd	60		rts		    rts
.39ce					_peer_fin_active_close:
.39ce	20 4c 40	jsr $404c	    jsr TCP_TIME_WAIT_RESET
.39d1	a9 00		lda #$00	    lda #$00
.39d3	8d 28 21	sta $2128	    sta CONNECT_RETRY_TICKS
.39d6	8d 29 21	sta $2129	    sta CONNECT_RETRY_LEFT
.39d9	a9 0a		lda #$0a	    lda #TCP_STATE_TIME_WAIT
.39db	8d 19 21	sta $2119	    sta TCP_STATE
.39de	ad 19 4a	lda $4a19	    lda TCP_EVENT_FLAG
.39e1	09 04		ora #$04	    ora #EV_LOCAL_CLOSE
.39e3	8d 19 4a	sta $4a19	    sta TCP_EVENT_FLAG
.39e6	60		rts		    rts
.39e7					_got_FIN_IN_ESTABLISHED:
.39e7	a9 01		lda #$01	    lda #$01
.39e9	8d 3c 49	sta $493c	    sta REMOTE_ISN_BUMP
.39ec	20 06 49	jsr $4906	    jsr CALC_REMOTE_ISN              ; +1 for the FIN
.39ef	a9 00		lda #$00	    lda #$00
.39f1	8d 3c 49	sta $493c	    sta REMOTE_ISN_BUMP
.39f4	a9 10		lda #$10	    lda #TCP_FLAG_ACK
.39f6	20 0e 43	jsr $430e	    jsr ETH_BUILD_TCPIP_PACKET
.39f9	20 b0 3f	jsr $3fb0	    jsr DEFER_CURRENT_TX
.39fc	a9 07		lda #$07	    lda #TCP_STATE_CLOSE_WAIT
.39fe	8d 19 21	sta $2119	    sta TCP_STATE
.3a01	ad 19 4a	lda $4a19	    lda TCP_EVENT_FLAG
.3a04	09 02		ora #$02	    ora #EV_PEER_FIN
.3a06	8d 19 4a	sta $4a19	    sta TCP_EVENT_FLAG
.3a09	60		rts		    rts
.3a0a					_est_done:
.3a0a	60		rts		    rts
.3a0b					_check_CLOSED:
.3a0b	c9 00		cmp #$00	    cmp #TCP_STATE_CLOSED
.3a0d	d0 04		bne $3a13	    bne _check_SYN
.3a0f	20 17 3e	jsr $3e17	    jsr TCP_SEND_RESET_FOR_RX
.3a12	60		rts		    rts
.3a13					_check_SYN:
.3a13	c9 02		cmp #$02	    cmp #TCP_STATE_SYN_SENT
.3a15	d0 64		bne $3a7b	    bne _check_FIN_WAIT_1
.3a17	ad 45 21	lda $2145	    lda ETH_RX_TCP_FLAGS
.3a1a	29 12		and #$12	    and #(TCP_FLAG_SYN|TCP_FLAG_ACK)
.3a1c	c9 12		cmp #$12	    cmp #(TCP_FLAG_SYN|TCP_FLAG_ACK)
.3a1e	d3 9c 01	bne $3bbc	    bne _done
.3a21					_got_SYNACK:
.3a21	a2 00		ldx #$00	    ldx #$00
.3a23					_synack_ack_check:
.3a23	bd a5 21	lda $21a5,x	    lda SEG_ACK,x
.3a26	dd 2c 21	cmp $212c,x	    cmp CONNECT_EXPECT_ACK,x
.3a29	d0 4d		bne $3a78	    bne _synack_bad_ack
.3a2b	e8		inx		    inx
.3a2c	e0 04		cpx #$04	    cpx #$04
.3a2e	d0 f3		bne $3a23	    bne _synack_ack_check
.3a30	ad a1 21	lda $21a1	    lda SEG_SEQ+0
.3a33	8d 1a 21	sta $211a	    sta REMOTE_ISN+0
.3a36	ad a2 21	lda $21a2	    lda SEG_SEQ+1
.3a39	8d 1b 21	sta $211b	    sta REMOTE_ISN+1
.3a3c	ad a3 21	lda $21a3	    lda SEG_SEQ+2
.3a3f	8d 1c 21	sta $211c	    sta REMOTE_ISN+2
.3a42	ad a4 21	lda $21a4	    lda SEG_SEQ+3
.3a45	8d 1d 21	sta $211d	    sta REMOTE_ISN+3
.3a48	a9 01		lda #$01	    lda #$01
.3a4a	8d 3c 49	sta $493c	    sta REMOTE_ISN_BUMP
.3a4d	20 06 49	jsr $4906	    jsr CALC_REMOTE_ISN
.3a50	a9 00		lda #$00	    lda #$00
.3a52	8d 3c 49	sta $493c	    sta REMOTE_ISN_BUMP
.3a55	a2 00		ldx #$00	    ldx #$00
.3a57					_set_local_after_syn:
.3a57	bd 2c 21	lda $212c,x	    lda CONNECT_EXPECT_ACK,x
.3a5a	9d 1e 21	sta $211e,x	    sta LOCAL_ISN,x
.3a5d	e8		inx		    inx
.3a5e	e0 04		cpx #$04	    cpx #$04
.3a60	d0 f5		bne $3a57	    bne _set_local_after_syn
.3a62	a9 10		lda #$10	    lda #TCP_FLAG_ACK
.3a64	20 0e 43	jsr $430e	    jsr ETH_BUILD_TCPIP_PACKET
.3a67	b3 53 01	bcs $3bbc	    bcs _done
.3a6a	20 b0 3f	jsr $3fb0	    jsr DEFER_CURRENT_TX
.3a6d	a9 04		lda #$04	    lda #TCP_STATE_ESTABLISHED
.3a6f	8d 19 21	sta $2119	    sta TCP_STATE
.3a72	a9 00		lda #$00	    lda #$00
.3a74	8d 19 4a	sta $4a19	    sta TCP_EVENT_FLAG
.3a77	60		rts		    rts
.3a78					_synack_bad_ack:
.3a78	4c bc 3b	jmp $3bbc	    jmp _done
.3a7b					_check_FIN_WAIT_1:
.3a7b	c9 05		cmp #$05	    cmp #TCP_STATE_FIN_WAIT_1
.3a7d	d0 33		bne $3ab2	    bne _check_FIN_WAIT_2
.3a7f	ad 45 21	lda $2145	    lda ETH_RX_TCP_FLAGS
.3a82	29 10		and #$10	    and #TCP_FLAG_ACK
.3a84	c9 10		cmp #$10	    cmp #TCP_FLAG_ACK
.3a86	d3 34 01	bne $3bbc	    bne _done
.3a89	20 40 6c	jsr $6c40	    jsr TCP_SEQ_CMP_SEG_SEQ_REMOTE
.3a8c	f0 06		beq $3a94	    beq _fin_wait_1_seq_ok
.3a8e	20 bd 3b	jsr $3bbd	    jsr TCP_DEFER_DUP_ACK
.3a91	4c bc 3b	jmp $3bbc	    jmp _done
.3a94					_fin_wait_1_seq_ok:
.3a94	20 90 6c	jsr $6c90	    jsr TCP_SEQ_CMP_SEG_ACK_LOCAL_ISN
.3a97	d3 23 01	bne $3bbc	    bne _done
.3a9a					_got_FIN_WAIT_1_ACK:
.3a9a	a9 06		lda #$06	    lda #TCP_STATE_FIN_WAIT_2
.3a9c	8d 19 21	sta $2119	    sta TCP_STATE
.3a9f	ad d3 2e	lda $2ed3	    lda TCP_RX_DATA_PAYLOAD_SIZE
.3aa2	0d d4 2e	ora $2ed4	    ora TCP_RX_DATA_PAYLOAD_SIZE+1
.3aa5	d3 d1 fc	bne $3778	    bne _copy_payload_and_ack
.3aa8	ad 45 21	lda $2145	    lda ETH_RX_TCP_FLAGS
.3aab	29 01		and #$01	    and #TCP_FLAG_FIN
.3aad	d0 2b		bne $3ada	    bne _got_FIN_ACK
.3aaf	4c bc 3b	jmp $3bbc	    jmp _done
.3ab2					_check_FIN_WAIT_2:
.3ab2	c9 06		cmp #$06	    cmp #TCP_STATE_FIN_WAIT_2
.3ab4	d0 57		bne $3b0d	    bne _check_TIME_WAIT
.3ab6	ad d3 2e	lda $2ed3	    lda TCP_RX_DATA_PAYLOAD_SIZE
.3ab9	0d d4 2e	ora $2ed4	    ora TCP_RX_DATA_PAYLOAD_SIZE+1
.3abc	d0 08		bne $3ac6	    bne _fin_wait_2_seq_check
.3abe	ad 45 21	lda $2145	    lda ETH_RX_TCP_FLAGS
.3ac1	29 01		and #$01	    and #TCP_FLAG_FIN
.3ac3	f3 f7 00	beq $3bbc	    beq _done
.3ac6					_fin_wait_2_seq_check:
.3ac6	20 40 6c	jsr $6c40	    jsr TCP_SEQ_CMP_SEG_SEQ_REMOTE
.3ac9	f0 06		beq $3ad1	    beq _fin_wait_2_seq_ok
.3acb	20 bd 3b	jsr $3bbd	    jsr TCP_DEFER_DUP_ACK
.3ace	4c bc 3b	jmp $3bbc	    jmp _done
.3ad1					_fin_wait_2_seq_ok:
.3ad1	ad d3 2e	lda $2ed3	    lda TCP_RX_DATA_PAYLOAD_SIZE
.3ad4	0d d4 2e	ora $2ed4	    ora TCP_RX_DATA_PAYLOAD_SIZE+1
.3ad7	d3 9f fc	bne $3778	    bne _copy_payload_and_ack
.3ada					_got_FIN_ACK:
.3ada	a9 01		lda #$01	    lda #$01
.3adc	8d 3c 49	sta $493c	    sta REMOTE_ISN_BUMP
.3adf	20 06 49	jsr $4906	    jsr CALC_REMOTE_ISN
.3ae2	a9 00		lda #$00	    lda #$00
.3ae4	8d 3c 49	sta $493c	    sta REMOTE_ISN_BUMP
.3ae7	a9 10		lda #$10	    lda #TCP_FLAG_ACK
.3ae9	20 0e 43	jsr $430e	    jsr ETH_BUILD_TCPIP_PACKET
.3aec	b3 ce 00	bcs $3bbc	    bcs _done
.3aef	20 b0 3f	jsr $3fb0	    jsr DEFER_CURRENT_TX
.3af2	20 4c 40	jsr $404c	    jsr TCP_TIME_WAIT_RESET
.3af5	a9 00		lda #$00	    lda #$00
.3af7	8d 28 21	sta $2128	    sta CONNECT_RETRY_TICKS
.3afa	8d 29 21	sta $2129	    sta CONNECT_RETRY_LEFT
.3afd	a9 0a		lda #$0a	    lda #TCP_STATE_TIME_WAIT
.3aff	8d 19 21	sta $2119	    sta TCP_STATE
.3b02	ad 19 4a	lda $4a19	    lda TCP_EVENT_FLAG
.3b05	09 04		ora #$04	    ora #EV_LOCAL_CLOSE
.3b07	8d 19 4a	sta $4a19	    sta TCP_EVENT_FLAG
.3b0a	4c bc 3b	jmp $3bbc	    jmp _done
.3b0d					_check_TIME_WAIT:
.3b0d	c9 0a		cmp #$0a	    cmp #TCP_STATE_TIME_WAIT
.3b0f	d0 13		bne $3b24	    bne _check_CLOSE_WAIT
.3b11	ad 45 21	lda $2145	    lda ETH_RX_TCP_FLAGS
.3b14	29 01		and #$01	    and #TCP_FLAG_FIN
.3b16	f0 0b		beq $3b23	    beq _time_wait_done
.3b18	20 37 73	jsr $7337	    jsr TCP_TIME_WAIT_FIN_SEQ_OK
.3b1b	b0 06		bcs $3b23	    bcs _time_wait_done
.3b1d	20 bd 3b	jsr $3bbd	    jsr TCP_DEFER_DUP_ACK
.3b20	20 4c 40	jsr $404c	    jsr TCP_TIME_WAIT_RESET
.3b23					_time_wait_done:
.3b23	60		rts		    rts
.3b24					_check_CLOSE_WAIT:
.3b24	c9 07		cmp #$07	    cmp #TCP_STATE_CLOSE_WAIT
.3b26	d0 22		bne $3b4a	    bne _check_LAST_ACK
.3b28	20 40 6c	jsr $6c40	    jsr TCP_SEQ_CMP_SEG_SEQ_REMOTE
.3b2b	f0 06		beq $3b33	    beq _close_wait_seq_ok
.3b2d	20 bd 3b	jsr $3bbd	    jsr TCP_DEFER_DUP_ACK
.3b30	4c bc 3b	jmp $3bbc	    jmp _done
.3b33					_close_wait_seq_ok:
.3b33	a9 11		lda #$11	    lda #TCP_FLAG_FIN|TCP_FLAG_ACK
.3b35	20 0e 43	jsr $430e	    jsr ETH_BUILD_TCPIP_PACKET
.3b38	b3 82 00	bcs $3bbc	    bcs _done
.3b3b	20 b0 3f	jsr $3fb0	    jsr DEFER_CURRENT_TX
.3b3e	20 a9 48	jsr $48a9	    jsr CALC_LOCAL_ISN
.3b41	20 89 73	jsr $7389	    jsr TCP_FIN_RETRY_INIT
.3b44	a9 09		lda #$09	    lda #TCP_STATE_LAST_ACK
.3b46	8d 19 21	sta $2119	    sta TCP_STATE
.3b49	60		rts		    rts
.3b4a					_check_LAST_ACK:
.3b4a	c9 09		cmp #$09	    cmp #TCP_STATE_LAST_ACK
.3b4c	d0 2a		bne $3b78	    bne _check_SYN_RCVD
.3b4e	ad 45 21	lda $2145	    lda ETH_RX_TCP_FLAGS
.3b51	29 10		and #$10	    and #TCP_FLAG_ACK
.3b53	c9 10		cmp #$10	    cmp #TCP_FLAG_ACK
.3b55	d0 65		bne $3bbc	    bne _done
.3b57	20 40 6c	jsr $6c40	    jsr TCP_SEQ_CMP_SEG_SEQ_REMOTE
.3b5a	f0 06		beq $3b62	    beq _last_ack_seq_ok
.3b5c	20 bd 3b	jsr $3bbd	    jsr TCP_DEFER_DUP_ACK
.3b5f	4c bc 3b	jmp $3bbc	    jmp _done
.3b62					_last_ack_seq_ok:
.3b62	20 90 6c	jsr $6c90	    jsr TCP_SEQ_CMP_SEG_ACK_LOCAL_ISN
.3b65	d0 55		bne $3bbc	    bne _done
.3b67	20 4c 40	jsr $404c	    jsr TCP_TIME_WAIT_RESET
.3b6a	a9 00		lda #$00	    lda #$00
.3b6c	8d 28 21	sta $2128	    sta CONNECT_RETRY_TICKS
.3b6f	8d 29 21	sta $2129	    sta CONNECT_RETRY_LEFT
.3b72	a9 0a		lda #$0a	    lda #TCP_STATE_TIME_WAIT
.3b74	8d 19 21	sta $2119	    sta TCP_STATE
.3b77	60		rts		    rts
.3b78					_check_SYN_RCVD:
.3b78	c9 03		cmp #$03	    cmp #TCP_STATE_SYN_RECEIVED
.3b7a	d0 40		bne $3bbc	    bne _done
.3b7c	ad 45 21	lda $2145	    lda ETH_RX_TCP_FLAGS
.3b7f	29 17		and #$17	    and #(TCP_FLAG_ACK | TCP_FLAG_SYN | TCP_FLAG_FIN | TCP_FLAG_RST)
.3b81	c9 10		cmp #$10	    cmp #TCP_FLAG_ACK
.3b83	d0 37		bne $3bbc	    bne _done
.3b85	ad d3 2e	lda $2ed3	    lda TCP_RX_DATA_PAYLOAD_SIZE
.3b88	0d d4 2e	ora $2ed4	    ora TCP_RX_DATA_PAYLOAD_SIZE+1
.3b8b	d0 2f		bne $3bbc	    bne _done
.3b8d	20 40 6c	jsr $6c40	    jsr TCP_SEQ_CMP_SEG_SEQ_REMOTE
.3b90	d0 2a		bne $3bbc	    bne _done
.3b92	a2 00		ldx #$00	    ldx #$00
.3b94					_synrcvd_ack_check:
.3b94	bd a5 21	lda $21a5,x	    lda SEG_ACK,x
.3b97	dd 1e 21	cmp $211e,x	    cmp LOCAL_ISN,x
.3b9a	d0 20		bne $3bbc	    bne _done
.3b9c	e8		inx		    inx
.3b9d	e0 04		cpx #$04	    cpx #$04
.3b9f	d0 f3		bne $3b94	    bne _synrcvd_ack_check
.3ba1	a9 04		lda #$04	    lda #TCP_STATE_ESTABLISHED
.3ba3	8d 19 21	sta $2119	    sta TCP_STATE
.3ba6	a9 00		lda #$00	    lda #$00
.3ba8	8d 28 21	sta $2128	    sta CONNECT_RETRY_TICKS
.3bab	8d 29 21	sta $2129	    sta CONNECT_RETRY_LEFT
.3bae	ad 37 21	lda $2137	    lda TCP_ACCEPT_FLAGS
.3bb1	09 01		ora #$01	    ora #$01
.3bb3	8d 37 21	sta $2137	    sta TCP_ACCEPT_FLAGS
.3bb6	a9 00		lda #$00	    lda #$00
.3bb8	8d 38 21	sta $2138	    sta TCP_LISTEN_ENABLED
.3bbb	60		rts		    rts
.3bbc					_done:
.3bbc	60		rts		    rts
.3bbd					TCP_DEFER_DUP_ACK:
.3bbd	a9 00		lda #$00	    lda #$00
.3bbf	8d d3 2e	sta $2ed3	    sta TCP_RX_DATA_PAYLOAD_SIZE
.3bc2	8d d4 2e	sta $2ed4	    sta TCP_RX_DATA_PAYLOAD_SIZE+1
.3bc5	8d f7 30	sta $30f7	    sta TCP_DATA_PAYLOAD_SIZE
.3bc8	8d f8 30	sta $30f8	    sta TCP_DATA_PAYLOAD_SIZE+1
.3bcb	8d 3c 49	sta $493c	    sta REMOTE_ISN_BUMP
.3bce	20 06 49	jsr $4906	    jsr CALC_REMOTE_ISN
.3bd1	a9 10		lda #$10	    lda #TCP_FLAG_ACK
.3bd3	20 0e 43	jsr $430e	    jsr ETH_BUILD_TCPIP_PACKET
.3bd6	b0 03		bcs $3bdb	    bcs _tcp_defer_dup_ack_done
.3bd8	20 b0 3f	jsr $3fb0	    jsr DEFER_CURRENT_TX
.3bdb					_tcp_defer_dup_ack_done:
.3bdb	60		rts		    rts
.3bdc					TCP_OOO_CLEAR:
.3bdc	a9 00		lda #$00	    lda #$00
.3bde	8d a9 21	sta $21a9	    sta TCP_OOO_VALID
.3be1	60		rts		    rts
.3be2					TCP_OOO_SAVE_CURRENT:
.3be2	ad a9 21	lda $21a9	    lda TCP_OOO_VALID
.3be5	d3 af 00	bne $3c96	    bne TCP_OOO_SAVE_DONE
.3be8	ad d3 2e	lda $2ed3	    lda TCP_RX_DATA_PAYLOAD_SIZE
.3beb	0d d4 2e	ora $2ed4	    ora TCP_RX_DATA_PAYLOAD_SIZE+1
.3bee	f3 a6 00	beq $3c96	    beq TCP_OOO_SAVE_DONE
.3bf1	ad d4 2e	lda $2ed4	    lda TCP_RX_DATA_PAYLOAD_SIZE+1
.3bf4	c9 04		cmp #$04	    cmp #TCP_RECV_WINDOW_CAP_HI
.3bf6	90 09		bcc $3c01	    bcc TCP_OOO_SAVE_LEN_OK
.3bf8	d3 9c 00	bne $3c96	    bne TCP_OOO_SAVE_DONE
.3bfb	ad d3 2e	lda $2ed3	    lda TCP_RX_DATA_PAYLOAD_SIZE
.3bfe	d3 96 00	bne $3c96	    bne TCP_OOO_SAVE_DONE
.3c01					TCP_OOO_SAVE_LEN_OK:
.3c01	a2 00		ldx #$00	    ldx #$00
.3c03					TCP_OOO_SAVE_SEQ:
.3c03	bd a1 21	lda $21a1,x	    lda SEG_SEQ,x
.3c06	9d ab 21	sta $21ab,x	    sta TCP_OOO_SEQ,x
.3c09	e8		inx		    inx
.3c0a	e0 04		cpx #$04	    cpx #$04
.3c0c	d0 f5		bne $3c03	    bne TCP_OOO_SAVE_SEQ
.3c0e	ad d3 2e	lda $2ed3	    lda TCP_RX_DATA_PAYLOAD_SIZE
.3c11	8d af 21	sta $21af	    sta TCP_OOO_LEN
.3c14	8d 3d 21	sta $213d	    sta RX_COPY_REM_LO
.3c17	ad d4 2e	lda $2ed4	    lda TCP_RX_DATA_PAYLOAD_SIZE+1
.3c1a	8d b0 21	sta $21b0	    sta TCP_OOO_LEN+1
.3c1d	8d 3e 21	sta $213e	    sta RX_COPY_REM_HI
.3c20	ad 45 21	lda $2145	    lda ETH_RX_TCP_FLAGS
.3c23	29 01		and #$01	    and #TCP_FLAG_FIN
.3c25	8d aa 21	sta $21aa	    sta TCP_OOO_FLAGS
.3c28	20 48 41	jsr $4148	    jsr RBUF_SAVE_PTR_ZP
.3c2b	a9 91		lda #$91	    lda #<ETH_RX_FRAME_PAYLOAD
.3c2d	18		clc		    clc
.3c2e	6d c8 49	adc $49c8	    adc TCP_DATA_OFFSET
.3c31	8d 5d 3c	sta $3c5d	    sta TCP_OOO_SAVE_READ+1
.3c34	a9 28		lda #$28	    lda #>ETH_RX_FRAME_PAYLOAD
.3c36	69 00		adc #$00	    adc #$00
.3c38	8d 5e 3c	sta $3c5e	    sta TCP_OOO_SAVE_READ+2
.3c3b	a9 00		lda #$00	    lda #<TCP_OOO_BUFFER_BASE
.3c3d	85 fb		sta $fb		    sta RBUF_PTR_LO
.3c3f	a9 10		lda #$10	    lda #>TCP_OOO_BUFFER_BASE
.3c41	85 fc		sta $fc		    sta RBUF_PTR_HI
.3c43	a9 05		lda #$05	    lda #RING_BUFFER_BANK
.3c45	85 fd		sta $fd		    sta RBUF_PTR_BANK
.3c47	a9 00		lda #$00	    lda #RING_BUFFER_BANK_HI
.3c49	85 fe		sta $fe		    sta RBUF_PTR_TOP
.3c4b	a9 00		lda #$00	    lda #$00
.3c4d	8d 9c 21	sta $219c	    sta HHI
.3c50	a0 00		ldy #$00	    ldy #$00
.3c52	a3 00		ldz #$00	    ldz #$00
.3c54					TCP_OOO_SAVE_LOOP:
.3c54	ad 3d 21	lda $213d	    lda RX_COPY_REM_LO
.3c57	0d 3e 21	ora $213e	    ora RX_COPY_REM_HI
.3c5a	f0 32		beq $3c8e	    beq TCP_OOO_SAVE_COPIED
.3c5c					TCP_OOO_SAVE_READ:
>3c5c	b9 00 00			    .byte $B9, $00, $00            ; LDA abs,Y (patched to current TCP payload)
.3c5f	ea		nop		    sta [RBUF_PTR_LO],z
.3c60	92 fb		sta ($fb),z
.3c62	c8		iny		    iny
.3c63	d0 03		bne $3c68	    bne TCP_OOO_SAVE_SRC_OK
.3c65	ee 5e 3c	inc $3c5e	    inc TCP_OOO_SAVE_READ+2
.3c68					TCP_OOO_SAVE_SRC_OK:
.3c68	6b		tza		    tza
.3c69	18		clc		    clc
.3c6a	69 01		adc #$01	    adc #$01
.3c6c	4b		taz		    taz
.3c6d	d0 0b		bne $3c7a	    bne TCP_OOO_SAVE_DST_OK
.3c6f	ee 9c 21	inc $219c	    inc HHI
.3c72	a9 10		lda #$10	    lda #>TCP_OOO_BUFFER_BASE
.3c74	18		clc		    clc
.3c75	6d 9c 21	adc $219c	    adc HHI
.3c78	85 fc		sta $fc		    sta RBUF_PTR_HI
.3c7a					TCP_OOO_SAVE_DST_OK:
.3c7a	38		sec		    sec
.3c7b	ad 3d 21	lda $213d	    lda RX_COPY_REM_LO
.3c7e	e9 01		sbc #$01	    sbc #$01
.3c80	8d 3d 21	sta $213d	    sta RX_COPY_REM_LO
.3c83	ad 3e 21	lda $213e	    lda RX_COPY_REM_HI
.3c86	e9 00		sbc #$00	    sbc #$00
.3c88	8d 3e 21	sta $213e	    sta RX_COPY_REM_HI
.3c8b	4c 54 3c	jmp $3c54	    jmp TCP_OOO_SAVE_LOOP
.3c8e					TCP_OOO_SAVE_COPIED:
.3c8e	20 5d 41	jsr $415d	    jsr RBUF_RESTORE_PTR_ZP
.3c91	a9 01		lda #$01	    lda #$01
.3c93	8d a9 21	sta $21a9	    sta TCP_OOO_VALID
.3c96					TCP_OOO_SAVE_DONE:
.3c96	60		rts		    rts
.3c97					TCP_OOO_TRY_FLUSH:
.3c97	ad a9 21	lda $21a9	    lda TCP_OOO_VALID
.3c9a	d0 03		bne $3c9f	    bne TCP_OOO_FLUSH_CHECK_SEQ
.3c9c	a9 00		lda #$00	    lda #$00
.3c9e	60		rts		    rts
.3c9f					TCP_OOO_FLUSH_CHECK_SEQ:
.3c9f	a2 00		ldx #$00	    ldx #$00
.3ca1					TCP_OOO_FLUSH_SEQ_LOOP:
.3ca1	bd ab 21	lda $21ab,x	    lda TCP_OOO_SEQ,x
.3ca4	dd 1a 21	cmp $211a,x	    cmp REMOTE_ISN,x
.3ca7	93 0c 01	bcc $3db5	    bcc TCP_OOO_FLUSH_STALE
.3caa	d3 0c 01	bne $3db8	    bne TCP_OOO_FLUSH_NO
.3cad	e8		inx		    inx
.3cae	e0 04		cpx #$04	    cpx #$04
.3cb0	d0 ef		bne $3ca1	    bne TCP_OOO_FLUSH_SEQ_LOOP
.3cb2	08		php		    php
.3cb3	78		sei		    sei
.3cb4	20 48 41	jsr $4148	    jsr RBUF_SAVE_PTR_ZP
.3cb7	20 d2 6d	jsr $6dd2	    jsr READ_TAIL_ATOMIC
.3cba	38		sec		    sec
.3cbb	ad 95 21	lda $2195	    lda TMP_TAIL_LO
.3cbe	ed 91 21	sbc $2191	    sbc RBUF_HEAD_LO
.3cc1	8d 9d 21	sta $219d	    sta FREE_LO
.3cc4	ad 96 21	lda $2196	    lda TMP_TAIL_HI
.3cc7	ed 92 21	sbc $2192	    sbc RBUF_HEAD_HI
.3cca	29 0f		and #$0f	    and #RING_BUFFER_PAGE_MASK
.3ccc	8d 9e 21	sta $219e	    sta FREE_HI
.3ccf	38		sec		    sec
.3cd0	ad 9d 21	lda $219d	    lda FREE_LO
.3cd3	e9 01		sbc #$01	    sbc #$01
.3cd5	8d 9d 21	sta $219d	    sta FREE_LO
.3cd8	ad 9e 21	lda $219e	    lda FREE_HI
.3cdb	e9 00		sbc #$00	    sbc #$00
.3cdd	29 0f		and #$0f	    and #RING_BUFFER_PAGE_MASK
.3cdf	8d 9e 21	sta $219e	    sta FREE_HI
.3ce2	ad 9e 21	lda $219e	    lda FREE_HI
.3ce5	cd b0 21	cmp $21b0	    cmp TCP_OOO_LEN+1
.3ce8	93 c5 00	bcc $3daf	    bcc TCP_OOO_FLUSH_NO_SPACE
.3ceb	d0 09		bne $3cf6	    bne TCP_OOO_FLUSH_HAVE_SPACE
.3ced	ad 9d 21	lda $219d	    lda FREE_LO
.3cf0	cd af 21	cmp $21af	    cmp TCP_OOO_LEN
.3cf3	93 ba 00	bcc $3daf	    bcc TCP_OOO_FLUSH_NO_SPACE
.3cf6					TCP_OOO_FLUSH_HAVE_SPACE:
.3cf6	ad af 21	lda $21af	    lda TCP_OOO_LEN
.3cf9	8d 3d 21	sta $213d	    sta RX_COPY_REM_LO
.3cfc	ad b0 21	lda $21b0	    lda TCP_OOO_LEN+1
.3cff	8d 3e 21	sta $213e	    sta RX_COPY_REM_HI
.3d02	a9 00		lda #$00	    lda #$00
.3d04	8d 41 21	sta $2141	    sta SKIP_LO
.3d07	8d 42 21	sta $2142	    sta SKIP_HI
.3d0a	ad 91 21	lda $2191	    lda RBUF_HEAD_LO
.3d0d	8d 9b 21	sta $219b	    sta HLO
.3d10	ad 92 21	lda $2192	    lda RBUF_HEAD_HI
.3d13	8d 9c 21	sta $219c	    sta HHI
.3d16					TCP_OOO_FLUSH_LOOP:
.3d16	ad 3d 21	lda $213d	    lda RX_COPY_REM_LO
.3d19	0d 3e 21	ora $213e	    ora RX_COPY_REM_HI
.3d1c	f0 40		beq $3d5e	    beq TCP_OOO_FLUSH_COPIED
.3d1e	20 bb 3d	jsr $3dbb	    jsr TCP_OOO_SET_SRC_PTR
.3d21	ab 41 21	ldz $2141	    ldz SKIP_LO
.3d24	ea		nop		    lda [RBUF_PTR_LO],z
.3d25	b2 fb		lda ($fb),z
.3d27	48		pha		    pha
.3d28	20 d0 3d	jsr $3dd0	    jsr TCP_OOO_SET_DST_PTR
.3d2b	ab 9b 21	ldz $219b	    ldz HLO
.3d2e	68		pla		    pla
.3d2f	ea		nop		    sta [RBUF_PTR_LO],z
.3d30	92 fb		sta ($fb),z
.3d32	ee 41 21	inc $2141	    inc SKIP_LO
.3d35	d0 03		bne $3d3a	    bne TCP_OOO_FLUSH_SRC_OK
.3d37	ee 42 21	inc $2142	    inc SKIP_HI
.3d3a					TCP_OOO_FLUSH_SRC_OK:
.3d3a	ee 9b 21	inc $219b	    inc HLO
.3d3d	d0 0b		bne $3d4a	    bne TCP_OOO_FLUSH_DST_OK
.3d3f	ee 9c 21	inc $219c	    inc HHI
.3d42	ad 9c 21	lda $219c	    lda HHI
.3d45	29 0f		and #$0f	    and #RING_BUFFER_PAGE_MASK
.3d47	8d 9c 21	sta $219c	    sta HHI
.3d4a					TCP_OOO_FLUSH_DST_OK:
.3d4a	38		sec		    sec
.3d4b	ad 3d 21	lda $213d	    lda RX_COPY_REM_LO
.3d4e	e9 01		sbc #$01	    sbc #$01
.3d50	8d 3d 21	sta $213d	    sta RX_COPY_REM_LO
.3d53	ad 3e 21	lda $213e	    lda RX_COPY_REM_HI
.3d56	e9 00		sbc #$00	    sbc #$00
.3d58	8d 3e 21	sta $213e	    sta RX_COPY_REM_HI
.3d5b	4c 16 3d	jmp $3d16	    jmp TCP_OOO_FLUSH_LOOP
.3d5e					TCP_OOO_FLUSH_COPIED:
.3d5e	ad 9b 21	lda $219b	    lda HLO
.3d61	8d 91 21	sta $2191	    sta RBUF_HEAD_LO
.3d64	ad 9c 21	lda $219c	    lda HHI
.3d67	8d 92 21	sta $2192	    sta RBUF_HEAD_HI
.3d6a	20 5d 41	jsr $415d	    jsr RBUF_RESTORE_PTR_ZP
.3d6d	ad af 21	lda $21af	    lda TCP_OOO_LEN
.3d70	8d d3 2e	sta $2ed3	    sta TCP_RX_DATA_PAYLOAD_SIZE
.3d73	ad b0 21	lda $21b0	    lda TCP_OOO_LEN+1
.3d76	8d d4 2e	sta $2ed4	    sta TCP_RX_DATA_PAYLOAD_SIZE+1
.3d79	a9 00		lda #$00	    lda #$00
.3d7b	8d 3c 49	sta $493c	    sta REMOTE_ISN_BUMP
.3d7e	ad aa 21	lda $21aa	    lda TCP_OOO_FLAGS
.3d81	29 01		and #$01	    and #TCP_FLAG_FIN
.3d83	f0 05		beq $3d8a	    beq TCP_OOO_FLUSH_NO_FIN_BUMP
.3d85	a9 01		lda #$01	    lda #$01
.3d87	8d 3c 49	sta $493c	    sta REMOTE_ISN_BUMP
.3d8a					TCP_OOO_FLUSH_NO_FIN_BUMP:
.3d8a	20 06 49	jsr $4906	    jsr CALC_REMOTE_ISN
.3d8d	a9 00		lda #$00	    lda #$00
.3d8f	8d 3c 49	sta $493c	    sta REMOTE_ISN_BUMP
.3d92	8d d3 2e	sta $2ed3	    sta TCP_RX_DATA_PAYLOAD_SIZE
.3d95	8d d4 2e	sta $2ed4	    sta TCP_RX_DATA_PAYLOAD_SIZE+1
.3d98	8d f7 30	sta $30f7	    sta TCP_DATA_PAYLOAD_SIZE
.3d9b	8d f8 30	sta $30f8	    sta TCP_DATA_PAYLOAD_SIZE+1
.3d9e	8d a9 21	sta $21a9	    sta TCP_OOO_VALID
.3da1	ad aa 21	lda $21aa	    lda TCP_OOO_FLAGS
.3da4	29 01		and #$01	    and #TCP_FLAG_FIN
.3da6	f0 03		beq $3dab	    beq TCP_OOO_FLUSH_SUCCESS
.3da8	20 e5 3d	jsr $3de5	    jsr TCP_OOO_APPLY_PEER_FIN_STATE
.3dab					TCP_OOO_FLUSH_SUCCESS:
.3dab	28		plp		    plp
.3dac	a9 01		lda #$01	    lda #$01
.3dae	60		rts		    rts
.3daf					TCP_OOO_FLUSH_NO_SPACE:
.3daf	20 5d 41	jsr $415d	    jsr RBUF_RESTORE_PTR_ZP
.3db2	28		plp		    plp
.3db3	80 03		bra $3db8	    bra TCP_OOO_FLUSH_NO
.3db5					TCP_OOO_FLUSH_STALE:
.3db5	20 dc 3b	jsr $3bdc	    jsr TCP_OOO_CLEAR
.3db8					TCP_OOO_FLUSH_NO:
.3db8	a9 00		lda #$00	    lda #$00
.3dba	60		rts		    rts
.3dbb					TCP_OOO_SET_SRC_PTR:
.3dbb	a9 00		lda #$00	    lda #<TCP_OOO_BUFFER_BASE
.3dbd	85 fb		sta $fb		    sta RBUF_PTR_LO
.3dbf	a9 10		lda #$10	    lda #>TCP_OOO_BUFFER_BASE
.3dc1	18		clc		    clc
.3dc2	6d 42 21	adc $2142	    adc SKIP_HI
.3dc5	85 fc		sta $fc		    sta RBUF_PTR_HI
.3dc7	a9 05		lda #$05	    lda #RING_BUFFER_BANK
.3dc9	85 fd		sta $fd		    sta RBUF_PTR_BANK
.3dcb	a9 00		lda #$00	    lda #RING_BUFFER_BANK_HI
.3dcd	85 fe		sta $fe		    sta RBUF_PTR_TOP
.3dcf	60		rts		    rts
.3dd0					TCP_OOO_SET_DST_PTR:
.3dd0	a9 00		lda #$00	    lda #<RING_BUFFER_BASE
.3dd2	85 fb		sta $fb		    sta RBUF_PTR_LO
.3dd4	a9 00		lda #$00	    lda #>RING_BUFFER_BASE
.3dd6	18		clc		    clc
.3dd7	6d 9c 21	adc $219c	    adc HHI
.3dda	85 fc		sta $fc		    sta RBUF_PTR_HI
.3ddc	a9 05		lda #$05	    lda #RING_BUFFER_BANK
.3dde	85 fd		sta $fd		    sta RBUF_PTR_BANK
.3de0	a9 00		lda #$00	    lda #RING_BUFFER_BANK_HI
.3de2	85 fe		sta $fe		    sta RBUF_PTR_TOP
.3de4	60		rts		    rts
.3de5					TCP_OOO_APPLY_PEER_FIN_STATE:
.3de5	ad 19 21	lda $2119	    lda TCP_STATE
.3de8	c9 05		cmp #$05	    cmp #TCP_STATE_FIN_WAIT_1
.3dea	f0 12		beq $3dfe	    beq TCP_OOO_PEER_FIN_ACTIVE_CLOSE
.3dec	c9 06		cmp #$06	    cmp #TCP_STATE_FIN_WAIT_2
.3dee	f0 0e		beq $3dfe	    beq TCP_OOO_PEER_FIN_ACTIVE_CLOSE
.3df0	a9 07		lda #$07	    lda #TCP_STATE_CLOSE_WAIT
.3df2	8d 19 21	sta $2119	    sta TCP_STATE
.3df5	ad 19 4a	lda $4a19	    lda TCP_EVENT_FLAG
.3df8	09 02		ora #$02	    ora #EV_PEER_FIN
.3dfa	8d 19 4a	sta $4a19	    sta TCP_EVENT_FLAG
.3dfd	60		rts		    rts
.3dfe					TCP_OOO_PEER_FIN_ACTIVE_CLOSE:
.3dfe	20 4c 40	jsr $404c	    jsr TCP_TIME_WAIT_RESET
.3e01	a9 00		lda #$00	    lda #$00
.3e03	8d 28 21	sta $2128	    sta CONNECT_RETRY_TICKS
.3e06	8d 29 21	sta $2129	    sta CONNECT_RETRY_LEFT
.3e09	a9 0a		lda #$0a	    lda #TCP_STATE_TIME_WAIT
.3e0b	8d 19 21	sta $2119	    sta TCP_STATE
.3e0e	ad 19 4a	lda $4a19	    lda TCP_EVENT_FLAG
.3e11	09 04		ora #$04	    ora #EV_LOCAL_CLOSE
.3e13	8d 19 4a	sta $4a19	    sta TCP_EVENT_FLAG
.3e16	60		rts		    rts
.3e17					TCP_SEND_RESET_FOR_RX:
.3e17	ad 45 21	lda $2145	    lda ETH_RX_TCP_FLAGS
.3e1a	29 04		and #$04	    and #TCP_FLAG_RST
.3e1c	f0 01		beq $3e1f	    beq _tcp_rst_not_rst
.3e1e	60		rts		    rts
.3e1f					_tcp_rst_not_rst:
.3e1f	ad 89 28	lda $2889	    lda ETH_RX_FRAME_SRC_MAC
.3e22	29 01		and #$01	    and #$01
.3e24	f0 01		beq $3e27	    beq _tcp_rst_src_unicast
.3e26	60		rts		    rts
.3e27					_tcp_rst_src_unicast:
.3e27	20 14 3f	jsr $3f14	    jsr TCP_RST_SAVE_CONTEXT
.3e2a	ad 91 28	lda $2891	    lda ETH_RX_FRAME_PAYLOAD
.3e2d	29 0f		and #$0f	    and #$0f
.3e2f	0a		asl a		    asl
.3e30	0a		asl a		    asl
.3e31	8d 0a 2f	sta $2f0a	    sta TCP_RST_TCP_OFF
.3e34	aa		tax		    tax
.3e35	a0 03		ldy #$03	    ldy #$03
.3e37					_tcp_rst_ip_copy:
.3e37	b9 9d 28	lda $289d,y	    lda ETH_RX_FRAME_PAYLOAD+12,y
.3e3a	99 06 21	sta $2106,y	    sta REMOTE_IP,y
.3e3d	88		dey		    dey
.3e3e	10 f7		bpl $3e37	    bpl _tcp_rst_ip_copy
.3e40	bd 91 28	lda $2891,x	    lda ETH_RX_FRAME_PAYLOAD+0,x
.3e43	8d 0a 21	sta $210a	    sta REMOTE_PORT
.3e46	bd 92 28	lda $2892,x	    lda ETH_RX_FRAME_PAYLOAD+1,x
.3e49	8d 0b 21	sta $210b	    sta REMOTE_PORT+1
.3e4c	bd 93 28	lda $2893,x	    lda ETH_RX_FRAME_PAYLOAD+2,x
.3e4f	8d 04 21	sta $2104	    sta LOCAL_PORT
.3e52	bd 94 28	lda $2894,x	    lda ETH_RX_FRAME_PAYLOAD+3,x
.3e55	8d 05 21	sta $2105	    sta LOCAL_PORT+1
.3e58	bd 95 28	lda $2895,x	    lda ETH_RX_FRAME_PAYLOAD+4,x
.3e5b	8d a1 21	sta $21a1	    sta SEG_SEQ+0
.3e5e	bd 96 28	lda $2896,x	    lda ETH_RX_FRAME_PAYLOAD+5,x
.3e61	8d a2 21	sta $21a2	    sta SEG_SEQ+1
.3e64	bd 97 28	lda $2897,x	    lda ETH_RX_FRAME_PAYLOAD+6,x
.3e67	8d a3 21	sta $21a3	    sta SEG_SEQ+2
.3e6a	bd 98 28	lda $2898,x	    lda ETH_RX_FRAME_PAYLOAD+7,x
.3e6d	8d a4 21	sta $21a4	    sta SEG_SEQ+3
.3e70	bd 99 28	lda $2899,x	    lda ETH_RX_FRAME_PAYLOAD+8,x
.3e73	8d a5 21	sta $21a5	    sta SEG_ACK+0
.3e76	bd 9a 28	lda $289a,x	    lda ETH_RX_FRAME_PAYLOAD+9,x
.3e79	8d a6 21	sta $21a6	    sta SEG_ACK+1
.3e7c	bd 9b 28	lda $289b,x	    lda ETH_RX_FRAME_PAYLOAD+10,x
.3e7f	8d a7 21	sta $21a7	    sta SEG_ACK+2
.3e82	bd 9c 28	lda $289c,x	    lda ETH_RX_FRAME_PAYLOAD+11,x
.3e85	8d a8 21	sta $21a8	    sta SEG_ACK+3
.3e88	20 3d 49	jsr $493d	    jsr CALC_RX_TCP_BYTE_COUNT
.3e8b	ad 45 21	lda $2145	    lda ETH_RX_TCP_FLAGS
.3e8e	29 10		and #$10	    and #TCP_FLAG_ACK
.3e90	f0 18		beq $3eaa	    beq _tcp_rst_no_ack
.3e92	a2 03		ldx #$03	    ldx #$03
.3e94					_tcp_rst_seq_from_ack:
.3e94	bd a5 21	lda $21a5,x	    lda SEG_ACK,x
.3e97	9d 1e 21	sta $211e,x	    sta LOCAL_ISN,x
.3e9a	a9 00		lda #$00	    lda #$00
.3e9c	9d 1a 21	sta $211a,x	    sta REMOTE_ISN,x
.3e9f	ca		dex		    dex
.3ea0	10 f2		bpl $3e94	    bpl _tcp_rst_seq_from_ack
.3ea2	a9 04		lda #$04	    lda #TCP_FLAG_RST
.3ea4	8d 0b 2f	sta $2f0b	    sta TCP_RST_REPLY_FLAGS
.3ea7	4c db 3e	jmp $3edb	    jmp _tcp_rst_build
.3eaa					_tcp_rst_no_ack:
.3eaa	a2 03		ldx #$03	    ldx #$03
.3eac					_tcp_rst_ack_from_seq:
.3eac	a9 00		lda #$00	    lda #$00
.3eae	9d 1e 21	sta $211e,x	    sta LOCAL_ISN,x
.3eb1	bd a1 21	lda $21a1,x	    lda SEG_SEQ,x
.3eb4	9d 1a 21	sta $211a,x	    sta REMOTE_ISN,x
.3eb7	ca		dex		    dex
.3eb8	10 f2		bpl $3eac	    bpl _tcp_rst_ack_from_seq
.3eba	a9 00		lda #$00	    lda #$00
.3ebc	8d 3c 49	sta $493c	    sta REMOTE_ISN_BUMP
.3ebf	ad 45 21	lda $2145	    lda ETH_RX_TCP_FLAGS
.3ec2	29 02		and #$02	    and #TCP_FLAG_SYN
.3ec4	f0 03		beq $3ec9	    beq +
.3ec6	ee 3c 49	inc $493c	    inc REMOTE_ISN_BUMP
.3ec9	ad 45 21	lda $2145	+   lda ETH_RX_TCP_FLAGS
.3ecc	29 01		and #$01	    and #TCP_FLAG_FIN
.3ece	f0 03		beq $3ed3	    beq +
.3ed0	ee 3c 49	inc $493c	    inc REMOTE_ISN_BUMP
.3ed3	20 06 49	jsr $4906	+   jsr CALC_REMOTE_ISN
.3ed6	a9 14		lda #$14	    lda #(TCP_FLAG_RST|TCP_FLAG_ACK)
.3ed8	8d 0b 2f	sta $2f0b	    sta TCP_RST_REPLY_FLAGS
.3edb					_tcp_rst_build:
.3edb	a9 00		lda #$00	    lda #$00
.3edd	8d f7 30	sta $30f7	    sta TCP_DATA_PAYLOAD_SIZE
.3ee0	8d f8 30	sta $30f8	    sta TCP_DATA_PAYLOAD_SIZE+1
.3ee3	a9 08		lda #$08	    lda #$08
.3ee5	8d 41 22	sta $2241	    sta ETH_TX_TYPE
.3ee8	a9 00		lda #$00	    lda #$00
.3eea	8d 42 22	sta $2242	    sta ETH_TX_TYPE+1
.3eed	a9 06		lda #$06	    lda #$06
.3eef	20 59 44	jsr $4459	    jsr BUILD_IPV4_HEADER
.3ef2	ad 0b 2f	lda $2f0b	    lda TCP_RST_REPLY_FLAGS
.3ef5	20 00 46	jsr $4600	    jsr BUILD_TCP_HEADER
.3ef8	a0 05		ldy #$05	    ldy #$05
.3efa					_tcp_rst_mac_copy:
.3efa	b9 89 28	lda $2889,y	    lda ETH_RX_FRAME_SRC_MAC,y
.3efd	99 35 22	sta $2235,y	    sta ETH_TX_FRAME_DEST_MAC,y
.3f00	88		dey		    dey
.3f01	10 f7		bpl $3efa	    bpl _tcp_rst_mac_copy
.3f03	a9 3c		lda #$3c	    lda #60
.3f05	8d 46 21	sta $2146	    sta ETH_TX_LEN_LSB
.3f08	a9 00		lda #$00	    lda #$00
.3f0a	8d 47 21	sta $2147	    sta ETH_TX_LEN_MSB
.3f0d	20 b0 3f	jsr $3fb0	    jsr DEFER_CURRENT_TX
.3f10	20 62 3f	jsr $3f62	    jsr TCP_RST_RESTORE_CONTEXT
.3f13	60		rts		    rts
.3f14					TCP_RST_SAVE_CONTEXT:
.3f14	ad 04 21	lda $2104	    lda LOCAL_PORT
.3f17	8d f5 2e	sta $2ef5	    sta TCP_RST_SAVE_LOCAL_PORT
.3f1a	ad 05 21	lda $2105	    lda LOCAL_PORT+1
.3f1d	8d f6 2e	sta $2ef6	    sta TCP_RST_SAVE_LOCAL_PORT+1
.3f20	ad 0a 21	lda $210a	    lda REMOTE_PORT
.3f23	8d f7 2e	sta $2ef7	    sta TCP_RST_SAVE_REMOTE_PORT
.3f26	ad 0b 21	lda $210b	    lda REMOTE_PORT+1
.3f29	8d f8 2e	sta $2ef8	    sta TCP_RST_SAVE_REMOTE_PORT+1
.3f2c	ad f7 30	lda $30f7	    lda TCP_DATA_PAYLOAD_SIZE
.3f2f	8d 05 2f	sta $2f05	    sta TCP_RST_SAVE_TX_LEN
.3f32	ad f8 30	lda $30f8	    lda TCP_DATA_PAYLOAD_SIZE+1
.3f35	8d 06 2f	sta $2f06	    sta TCP_RST_SAVE_TX_LEN+1
.3f38	ad d3 2e	lda $2ed3	    lda TCP_RX_DATA_PAYLOAD_SIZE
.3f3b	8d 07 2f	sta $2f07	    sta TCP_RST_SAVE_RX_LEN
.3f3e	ad d4 2e	lda $2ed4	    lda TCP_RX_DATA_PAYLOAD_SIZE+1
.3f41	8d 08 2f	sta $2f08	    sta TCP_RST_SAVE_RX_LEN+1
.3f44	ad 3c 49	lda $493c	    lda REMOTE_ISN_BUMP
.3f47	8d 09 2f	sta $2f09	    sta TCP_RST_SAVE_BUMP
.3f4a	a2 03		ldx #$03	    ldx #$03
.3f4c					_tcp_rst_save_loop:
.3f4c	bd 06 21	lda $2106,x	    lda REMOTE_IP,x
.3f4f	9d f9 2e	sta $2ef9,x	    sta TCP_RST_SAVE_REMOTE_IP,x
.3f52	bd 1e 21	lda $211e,x	    lda LOCAL_ISN,x
.3f55	9d fd 2e	sta $2efd,x	    sta TCP_RST_SAVE_LOCAL_ISN,x
.3f58	bd 1a 21	lda $211a,x	    lda REMOTE_ISN,x
.3f5b	9d 01 2f	sta $2f01,x	    sta TCP_RST_SAVE_REMOTE_ISN,x
.3f5e	ca		dex		    dex
.3f5f	10 eb		bpl $3f4c	    bpl _tcp_rst_save_loop
.3f61	60		rts		    rts
.3f62					TCP_RST_RESTORE_CONTEXT:
.3f62	ad f5 2e	lda $2ef5	    lda TCP_RST_SAVE_LOCAL_PORT
.3f65	8d 04 21	sta $2104	    sta LOCAL_PORT
.3f68	ad f6 2e	lda $2ef6	    lda TCP_RST_SAVE_LOCAL_PORT+1
.3f6b	8d 05 21	sta $2105	    sta LOCAL_PORT+1
.3f6e	ad f7 2e	lda $2ef7	    lda TCP_RST_SAVE_REMOTE_PORT
.3f71	8d 0a 21	sta $210a	    sta REMOTE_PORT
.3f74	ad f8 2e	lda $2ef8	    lda TCP_RST_SAVE_REMOTE_PORT+1
.3f77	8d 0b 21	sta $210b	    sta REMOTE_PORT+1
.3f7a	ad 05 2f	lda $2f05	    lda TCP_RST_SAVE_TX_LEN
.3f7d	8d f7 30	sta $30f7	    sta TCP_DATA_PAYLOAD_SIZE
.3f80	ad 06 2f	lda $2f06	    lda TCP_RST_SAVE_TX_LEN+1
.3f83	8d f8 30	sta $30f8	    sta TCP_DATA_PAYLOAD_SIZE+1
.3f86	ad 07 2f	lda $2f07	    lda TCP_RST_SAVE_RX_LEN
.3f89	8d d3 2e	sta $2ed3	    sta TCP_RX_DATA_PAYLOAD_SIZE
.3f8c	ad 08 2f	lda $2f08	    lda TCP_RST_SAVE_RX_LEN+1
.3f8f	8d d4 2e	sta $2ed4	    sta TCP_RX_DATA_PAYLOAD_SIZE+1
.3f92	ad 09 2f	lda $2f09	    lda TCP_RST_SAVE_BUMP
.3f95	8d 3c 49	sta $493c	    sta REMOTE_ISN_BUMP
.3f98	a2 03		ldx #$03	    ldx #$03
.3f9a					_tcp_rst_restore_loop:
.3f9a	bd f9 2e	lda $2ef9,x	    lda TCP_RST_SAVE_REMOTE_IP,x
.3f9d	9d 06 21	sta $2106,x	    sta REMOTE_IP,x
.3fa0	bd fd 2e	lda $2efd,x	    lda TCP_RST_SAVE_LOCAL_ISN,x
.3fa3	9d 1e 21	sta $211e,x	    sta LOCAL_ISN,x
.3fa6	bd 01 2f	lda $2f01,x	    lda TCP_RST_SAVE_REMOTE_ISN,x
.3fa9	9d 1a 21	sta $211a,x	    sta REMOTE_ISN,x
.3fac	ca		dex		    dex
.3fad	10 eb		bpl $3f9a	    bpl _tcp_rst_restore_loop
.3faf	60		rts		    rts
.3fb0					DEFER_CURRENT_TX:
.3fb0	ad 46 21	lda $2146	    lda ETH_TX_LEN_LSB
.3fb3	ae 47 21	ldx $2147	    ldx ETH_TX_LEN_MSB
.3fb6	e0 00		cpx #$00	    cpx #$00
.3fb8	d0 04		bne $3fbe	    bne _clamp
.3fba	c9 3d		cmp #$3d	    cmp #61
.3fbc	90 04		bcc $3fc2	    bcc _len_ok
.3fbe					_clamp:
.3fbe	a9 3c		lda #$3c	    lda #60
.3fc0	a2 00		ldx #$00	    ldx #$00
.3fc2					_len_ok:
.3fc2	8d 53 21	sta $2153	    sta ACK_REPLY_LEN_L
.3fc5	8e 54 21	stx $2154	    stx ACK_REPLY_LEN_H
.3fc8	ae 53 21	ldx $2153	    ldx ACK_REPLY_LEN_L
.3fcb	f0 10		beq $3fdd	    beq _done
.3fcd					_copy:
.3fcd	ca		dex		    dex
.3fce	bd 35 22	lda $2235,x	    lda ETH_TX_FRAME_DEST_MAC,x
.3fd1	9d 55 21	sta $2155,x	    sta ACK_REPLY_PACKET,x
.3fd4	e0 00		cpx #$00	    cpx #0
.3fd6	d0 f5		bne $3fcd	    bne _copy
.3fd8	a9 01		lda #$01	    lda #$01
.3fda	8d 52 21	sta $2152	    sta ACK_REPLY_PENDING
.3fdd					_done
.3fdd	60		rts		    rts
.3fde					TIME_WAIT_TICK:
.3fde	20 0a 40	jsr $400a	    jsr TIME_WAIT_FRAME_TICK
.3fe1	90 26		bcc $4009	    bcc _done
.3fe3	38		sec		    sec                         ; prepare carry for SBC
.3fe4	ad 4c 21	lda $214c	    lda TIME_WAIT_COUNTER_LO
.3fe7	e9 01		sbc #$01	    sbc #1                      ; decrement low byte
.3fe9	8d 4c 21	sta $214c	    sta TIME_WAIT_COUNTER_LO
.3fec	ad 4d 21	lda $214d	    lda TIME_WAIT_COUNTER_HI
.3fef	e9 00		sbc #$00	    sbc #0                      ; subtract borrow into high byte
.3ff1	8d 4d 21	sta $214d	    sta TIME_WAIT_COUNTER_HI
.3ff4	ad 4c 21	lda $214c	    lda TIME_WAIT_COUNTER_LO
.3ff7	0d 4d 21	ora $214d	    ora TIME_WAIT_COUNTER_HI
.3ffa	d0 0d		bne $4009	    bne _done
.3ffc	a9 00		lda #$00	    lda #TCP_STATE_CLOSED
.3ffe	8d 19 21	sta $2119	    sta TCP_STATE
.4001	ad 19 4a	lda $4a19	    lda TCP_EVENT_FLAG
.4004	09 08		ora #$08	    ora #EV_TIMEWAIT_DONE
.4006	8d 19 4a	sta $4a19	    sta TCP_EVENT_FLAG
.4009					_done:
.4009	60		rts		    rts
.400a					TIME_WAIT_FRAME_TICK:
.400a	20 25 4f	jsr $4f25	    jsr ARP_READ_RASTER
.400d	ad 96 4b	lda $4b96	    lda ARP_CUR_RASTER_HI
.4010	cd 50 21	cmp $2150	    cmp TIME_WAIT_LAST_RASTER_HI
.4013	90 18		bcc $402d	    bcc _tw_frame_elapsed
.4015	d0 08		bne $401f	    bne _tw_no_frame
.4017	ad 95 4b	lda $4b95	    lda ARP_CUR_RASTER_LO
.401a	cd 4f 21	cmp $214f	    cmp TIME_WAIT_LAST_RASTER_LO
.401d	90 0e		bcc $402d	    bcc _tw_frame_elapsed
.401f					_tw_no_frame:
.401f	ad 95 4b	lda $4b95	    lda ARP_CUR_RASTER_LO
.4022	8d 4f 21	sta $214f	    sta TIME_WAIT_LAST_RASTER_LO
.4025	ad 96 4b	lda $4b96	    lda ARP_CUR_RASTER_HI
.4028	8d 50 21	sta $2150	    sta TIME_WAIT_LAST_RASTER_HI
.402b	18		clc		    clc
.402c	60		rts		    rts
.402d					_tw_frame_elapsed:
.402d	ad 95 4b	lda $4b95	    lda ARP_CUR_RASTER_LO
.4030	8d 4f 21	sta $214f	    sta TIME_WAIT_LAST_RASTER_LO
.4033	ad 96 4b	lda $4b96	    lda ARP_CUR_RASTER_HI
.4036	8d 50 21	sta $2150	    sta TIME_WAIT_LAST_RASTER_HI
.4039	ad 4e 21	lda $214e	    lda TIME_WAIT_FRAME_TICKS
.403c	f0 05		beq $4043	    beq _tw_emit_tick
.403e	ce 4e 21	dec $214e	    dec TIME_WAIT_FRAME_TICKS
.4041	d0 07		bne $404a	    bne _tw_no_tick
.4043					_tw_emit_tick:
.4043	a9 06		lda #$06	    lda #TIME_WAIT_TICK_FRAMES
.4045	8d 4e 21	sta $214e	    sta TIME_WAIT_FRAME_TICKS
.4048	38		sec		    sec
.4049	60		rts		    rts
.404a					_tw_no_tick:
.404a	18		clc		    clc
.404b	60		rts		    rts
.404c					TCP_TIME_WAIT_RESET:
.404c	a9 02		lda #$02	    lda #$02
.404e	8d 4d 21	sta $214d	    sta TIME_WAIT_COUNTER_HI
.4051	a9 58		lda #$58	    lda #$58
.4053	8d 4c 21	sta $214c	    sta TIME_WAIT_COUNTER_LO
.4056	a9 06		lda #$06	    lda #TIME_WAIT_TICK_FRAMES
.4058	8d 4e 21	sta $214e	    sta TIME_WAIT_FRAME_TICKS
.405b	20 25 4f	jsr $4f25	    jsr ARP_READ_RASTER
.405e	ad 95 4b	lda $4b95	    lda ARP_CUR_RASTER_LO
.4061	8d 4f 21	sta $214f	    sta TIME_WAIT_LAST_RASTER_LO
.4064	ad 96 4b	lda $4b96	    lda ARP_CUR_RASTER_HI
.4067	8d 50 21	sta $2150	    sta TIME_WAIT_LAST_RASTER_HI
.406a	60		rts		    rts

;******  Processing file: C:\projects\_M65\_xlar54\mega-ip-master\src\rbuf.asm

.406b					RBUF_PUT:
.406b	08		php		    php
.406c	78		sei		    sei
.406d	48		pha		    pha                         ; save data byte on stack
.406e	20 48 41	jsr $4148	    jsr RBUF_SAVE_PTR_ZP
.4071	ad 91 21	lda $2191	    lda RBUF_HEAD_LO
.4074	8d 9b 21	sta $219b	    sta HLO
.4077	ad 92 21	lda $2192	    lda RBUF_HEAD_HI
.407a	8d 9c 21	sta $219c	    sta HHI
.407d	18		clc		    clc
.407e	ad 9b 21	lda $219b	    lda HLO
.4081	69 01		adc #$01	    adc #1
.4083	8d 99 21	sta $2199	    sta NEXT_LO
.4086	ad 9c 21	lda $219c	    lda HHI
.4089	69 00		adc #$00	    adc #0
.408b	29 0f		and #$0f	    and #RING_BUFFER_PAGE_MASK
.408d	8d 9a 21	sta $219a	    sta NEXT_HI
.4090	20 d2 6d	jsr $6dd2	    jsr READ_TAIL_ATOMIC
.4093	ad 99 21	lda $2199	    lda NEXT_LO
.4096	cd 95 21	cmp $2195	    cmp TMP_TAIL_LO
.4099	d0 0f		bne $40aa	    bne _not_full
.409b	ad 9a 21	lda $219a	    lda NEXT_HI
.409e	cd 96 21	cmp $2196	    cmp TMP_TAIL_HI
.40a1	d0 07		bne $40aa	    bne _not_full
.40a3					_full:
.40a3	20 5d 41	jsr $415d	    jsr RBUF_RESTORE_PTR_ZP
.40a6	68		pla		    pla                         ; drop saved byte
.40a7	28		plp		    plp
.40a8	38		sec		    sec                         ; full
.40a9	60		rts		    rts
.40aa					_not_full:
.40aa	a9 00		lda #$00	    lda #<RING_BUFFER_BASE
.40ac	85 fb		sta $fb		    sta RBUF_PTR_LO
.40ae	a9 00		lda #$00	    lda #>RING_BUFFER_BASE
.40b0	18		clc		    clc
.40b1	6d 9c 21	adc $219c	    adc HHI
.40b4	85 fc		sta $fc		    sta RBUF_PTR_HI
.40b6	a9 05		lda #$05	    lda #RING_BUFFER_BANK
.40b8	85 fd		sta $fd		    sta RBUF_PTR_BANK
.40ba	a9 00		lda #$00	    lda #RING_BUFFER_BANK_HI
.40bc	85 fe		sta $fe		    sta RBUF_PTR_TOP
.40be	ab 9b 21	ldz $219b	    ldz HLO
.40c1	68		pla		    pla                          ; A = data byte
.40c2	ea		nop		    sta [RBUF_PTR_LO],z
.40c3	92 fb		sta ($fb),z
.40c5					_pub:
.40c5	ad 99 21	lda $2199	    lda NEXT_LO
.40c8	8d 91 21	sta $2191	    sta RBUF_HEAD_LO
.40cb	ad 9a 21	lda $219a	    lda NEXT_HI
.40ce	8d 92 21	sta $2192	    sta RBUF_HEAD_HI
.40d1	20 5d 41	jsr $415d	    jsr RBUF_RESTORE_PTR_ZP
.40d4	28		plp		    plp
.40d5	18		clc		    clc                         ; success
.40d6	60		rts		    rts
.40d7					RBUF_GET:
.40d7	08		php		    php
.40d8	78		sei		    sei
.40d9	6b		tza		    tza
.40da	48		pha		    pha
.40db	20 48 41	jsr $4148	    jsr RBUF_SAVE_PTR_ZP
.40de	20 e7 6d	jsr $6de7	    jsr READ_HEAD_ATOMIC
.40e1	ad 93 21	lda $2193	    lda RBUF_TAIL_LO
.40e4	cd 97 21	cmp $2197	    cmp TMP_HEAD_LO
.40e7	d0 08		bne $40f1	    bne _not_empty
.40e9	ad 94 21	lda $2194	    lda RBUF_TAIL_HI
.40ec	cd 98 21	cmp $2198	    cmp TMP_HEAD_HI
.40ef	f0 46		beq $4137	    beq _empty
.40f1					_not_empty:
.40f1	a9 00		lda #$00	    lda #<RING_BUFFER_BASE
.40f3	85 fb		sta $fb		    sta RBUF_PTR_LO
.40f5	a9 00		lda #$00	    lda #>RING_BUFFER_BASE
.40f7	18		clc		    clc
.40f8	6d 94 21	adc $2194	    adc RBUF_TAIL_HI             ; select ring page
.40fb	85 fc		sta $fc		    sta RBUF_PTR_HI
.40fd	a9 05		lda #$05	    lda #RING_BUFFER_BANK
.40ff	85 fd		sta $fd		    sta RBUF_PTR_BANK
.4101	a9 00		lda #$00	    lda #RING_BUFFER_BANK_HI
.4103	85 fe		sta $fe		    sta RBUF_PTR_TOP
.4105	ab 93 21	ldz $2193	    ldz RBUF_TAIL_LO
.4108	ea		nop		    lda [RBUF_PTR_LO],z
.4109	b2 fb		lda ($fb),z
.410b	48		pha		    pha
.410c	ee 93 21	inc $2193	    inc RBUF_TAIL_LO
.410f	d0 0b		bne $411c	    bne _ok
.4111	ee 94 21	inc $2194	    inc RBUF_TAIL_HI
.4114	ad 94 21	lda $2194	    lda RBUF_TAIL_HI
.4117	29 0f		and #$0f	    and #RING_BUFFER_PAGE_MASK
.4119	8d 94 21	sta $2194	    sta RBUF_TAIL_HI
.411c					_ok:
.411c	ad 51 21	lda $2151	    lda CHARACTER_MODE
.411f	f0 07		beq $4128	    beq _ok_done
.4121	68		pla		    pla
.4122	20 0d 6c	jsr $6c0d	    jsr CHAR_TRANSLATE
.4125	4c 29 41	jmp $4129	    jmp _return_ok
.4128					_ok_done:
.4128	68		pla		    pla
.4129					_return_ok:
.4129	8d 47 41	sta $4147	    sta RBUF_GET_SAVE_A
.412c	20 5d 41	jsr $415d	    jsr RBUF_RESTORE_PTR_ZP
.412f	68		pla		    pla
.4130	4b		taz		    taz
.4131	ad 47 41	lda $4147	    lda RBUF_GET_SAVE_A
.4134	28		plp		    plp
.4135	18		clc		    clc
.4136	60		rts		    rts
.4137					_empty:
.4137	a9 00		lda #$00	    lda #$00
.4139	8d 47 41	sta $4147	    sta RBUF_GET_SAVE_A
.413c	20 5d 41	jsr $415d	    jsr RBUF_RESTORE_PTR_ZP
.413f	68		pla		    pla
.4140	4b		taz		    taz
.4141	ad 47 41	lda $4147	    lda RBUF_GET_SAVE_A
.4144	28		plp		    plp
.4145	38		sec		    sec
.4146	60		rts		    rts
.4147					RBUF_GET_SAVE_A:
>4147	00				    .byte $00
.4148					RBUF_SAVE_PTR_ZP:
.4148	a5 fb		lda $fb		    lda RBUF_PTR_LO
.414a	8d 72 41	sta $4172	    sta RBUF_SAVE_PTR_LO
.414d	a5 fc		lda $fc		    lda RBUF_PTR_HI
.414f	8d 73 41	sta $4173	    sta RBUF_SAVE_PTR_HI
.4152	a5 fd		lda $fd		    lda RBUF_PTR_BANK
.4154	8d 74 41	sta $4174	    sta RBUF_SAVE_PTR_BANK
.4157	a5 fe		lda $fe		    lda RBUF_PTR_TOP
.4159	8d 75 41	sta $4175	    sta RBUF_SAVE_PTR_TOP
.415c	60		rts		    rts
.415d					RBUF_RESTORE_PTR_ZP:
.415d	ad 72 41	lda $4172	    lda RBUF_SAVE_PTR_LO
.4160	85 fb		sta $fb		    sta RBUF_PTR_LO
.4162	ad 73 41	lda $4173	    lda RBUF_SAVE_PTR_HI
.4165	85 fc		sta $fc		    sta RBUF_PTR_HI
.4167	ad 74 41	lda $4174	    lda RBUF_SAVE_PTR_BANK
.416a	85 fd		sta $fd		    sta RBUF_PTR_BANK
.416c	ad 75 41	lda $4175	    lda RBUF_SAVE_PTR_TOP
.416f	85 fe		sta $fe		    sta RBUF_PTR_TOP
.4171	60		rts		    rts
>4172	00				RBUF_SAVE_PTR_LO:   .byte $00
>4173	00				RBUF_SAVE_PTR_HI:   .byte $00
>4174	00				RBUF_SAVE_PTR_BANK: .byte $00
>4175	00				RBUF_SAVE_PTR_TOP:  .byte $00
.4176					RBUF_IS_FULL:
.4176	ad 91 21	lda $2191	    lda RBUF_HEAD_LO
.4179	8d 9b 21	sta $219b	    sta HLO
.417c	ad 92 21	lda $2192	    lda RBUF_HEAD_HI
.417f	8d 9c 21	sta $219c	    sta HHI
.4182	18		clc		    clc
.4183	ad 9b 21	lda $219b	    lda HLO
.4186	69 01		adc #$01	    adc #1
.4188	8d 99 21	sta $2199	    sta NEXT_LO
.418b	ad 9c 21	lda $219c	    lda HHI
.418e	69 00		adc #$00	    adc #0
.4190	29 0f		and #$0f	    and #RING_BUFFER_PAGE_MASK
.4192	8d 9a 21	sta $219a	    sta NEXT_HI
.4195	20 d2 6d	jsr $6dd2	    jsr READ_TAIL_ATOMIC
.4198	ad 99 21	lda $2199	    lda NEXT_LO
.419b	cd 95 21	cmp $2195	    cmp TMP_TAIL_LO
.419e	d0 08		bne $41a8	    bne _no
.41a0	ad 9a 21	lda $219a	    lda NEXT_HI
.41a3	cd 96 21	cmp $2196	    cmp TMP_TAIL_HI
.41a6	f0 02		beq $41aa	    beq _yes
.41a8					_no:
.41a8	18		clc		    clc
.41a9	60		rts		    rts
.41aa					_yes:
.41aa	38		sec		    sec
.41ab	60		rts		    rts

;******  Return to file: C:\projects\_M65\_xlar54\mega-ip-master\src\eth.asm


;******  Processing file: C:\projects\_M65\_xlar54\mega-ip-master\src\random.asm

=$20					TCP_ISN_RNG_WAIT = $20
.41ac					TCP_SEED_LOCAL_ISN:
.41ac	20 07 32	jsr $3207	    jsr MEGA65_IO_ENABLE
.41af	20 eb 41	jsr $41eb	    jsr TCP_ISN_FALLBACK_MIX
.41b2	a2 00		ldx #$00	    ldx #$00
.41b4					_rng_loop:
.41b4	20 d6 41	jsr $41d6	    jsr TCP_HWRNG_READ_BYTE
.41b7	b0 06		bcs $41bf	    bcs _rng_skip
.41b9	5d 1e 21	eor $211e,x	    eor LOCAL_ISN,x
.41bc	9d 1e 21	sta $211e,x	    sta LOCAL_ISN,x
.41bf					_rng_skip:
.41bf	e8		inx		    inx
.41c0	e0 04		cpx #$04	    cpx #$04
.41c2	d0 f0		bne $41b4	    bne _rng_loop
.41c4	ad 1e 21	lda $211e	    lda LOCAL_ISN+0
.41c7	0d 1f 21	ora $211f	    ora LOCAL_ISN+1
.41ca	0d 20 21	ora $2120	    ora LOCAL_ISN+2
.41cd	0d 21 21	ora $2121	    ora LOCAL_ISN+3
.41d0	d0 03		bne $41d5	    bne _done
.41d2	ee 21 21	inc $2121	    inc LOCAL_ISN+3
.41d5					_done:
.41d5	60		rts		    rts
.41d6					TCP_HWRNG_READ_BYTE:
.41d6	a0 20		ldy #$20	    ldy #TCP_ISN_RNG_WAIT
.41d8					_wait_ready:
.41d8	ad fe d7	lda $d7fe	    lda MEGA65_HWRNG_STATUS
.41db	29 80		and #$80	    and #MEGA65_HWRNG_NOT_READY
.41dd	f0 07		beq $41e6	    beq _ready
.41df	88		dey		    dey
.41e0	d0 f6		bne $41d8	    bne _wait_ready
.41e2	a9 00		lda #$00	    lda #$00
.41e4	38		sec		    sec
.41e5	60		rts		    rts
.41e6					_ready:
.41e6	ad ef d7	lda $d7ef	    lda MEGA65_HWRNG_RANDOM
.41e9	18		clc		    clc
.41ea	60		rts		    rts
.41eb					TCP_ISN_FALLBACK_MIX:
.41eb	ad 21 21	lda $2121	    lda LOCAL_ISN+3
.41ee	18		clc		    clc
.41ef	69 01		adc #$01	    adc #$01
.41f1	8d 21 21	sta $2121	    sta LOCAL_ISN+3
.41f4	ad 20 21	lda $2120	    lda LOCAL_ISN+2
.41f7	69 00		adc #$00	    adc #$00
.41f9	8d 20 21	sta $2120	    sta LOCAL_ISN+2
.41fc	ad 1f 21	lda $211f	    lda LOCAL_ISN+1
.41ff	69 00		adc #$00	    adc #$00
.4201	8d 1f 21	sta $211f	    sta LOCAL_ISN+1
.4204	ad 1e 21	lda $211e	    lda LOCAL_ISN+0
.4207	69 00		adc #$00	    adc #$00
.4209	8d 1e 21	sta $211e	    sta LOCAL_ISN+0
.420c	ad 1e 21	lda $211e	    lda LOCAL_ISN+0
.420f	4d 00 21	eor $2100	    eor LOCAL_IP+0
.4212	4d 06 21	eor $2106	    eor REMOTE_IP+0
.4215	4d e9 d6	eor $d6e9	    eor MEGA65_ETH_MAC+0
.4218	4d fa d7	eor $d7fa	    eor MEGA65_FRAMECOUNT
.421b	8d 1e 21	sta $211e	    sta LOCAL_ISN+0
.421e	ad 1f 21	lda $211f	    lda LOCAL_ISN+1
.4221	4d 01 21	eor $2101	    eor LOCAL_IP+1
.4224	4d 07 21	eor $2107	    eor REMOTE_IP+1
.4227	4d ea d6	eor $d6ea	    eor MEGA65_ETH_MAC+1
.422a	4d 12 d0	eor $d012	    eor MEGA65_VICII_RSTR_CMP
.422d	8d 1f 21	sta $211f	    sta LOCAL_ISN+1
.4230	ad 20 21	lda $2120	    lda LOCAL_ISN+2
.4233	4d 02 21	eor $2102	    eor LOCAL_IP+2
.4236	4d 08 21	eor $2108	    eor REMOTE_IP+2
.4239	4d 04 21	eor $2104	    eor LOCAL_PORT+0
.423c	4d 0a 21	eor $210a	    eor REMOTE_PORT+0
.423f	4d eb d6	eor $d6eb	    eor MEGA65_ETH_MAC+2
.4242	8d 20 21	sta $2120	    sta LOCAL_ISN+2
.4245	ad 21 21	lda $2121	    lda LOCAL_ISN+3
.4248	4d 03 21	eor $2103	    eor LOCAL_IP+3
.424b	4d 09 21	eor $2109	    eor REMOTE_IP+3
.424e	4d 05 21	eor $2105	    eor LOCAL_PORT+1
.4251	4d 0b 21	eor $210b	    eor REMOTE_PORT+1
.4254	4d ec d6	eor $d6ec	    eor MEGA65_ETH_MAC+3
.4257	8d 21 21	sta $2121	    sta LOCAL_ISN+3
.425a	60		rts		    rts

;******  Return to file: C:\projects\_M65\_xlar54\mega-ip-master\src\eth.asm

.425b					ETH_WAIT_CLEAR_TO_SEND:
.425b	a2 00		ldx #$00	    ldx #$00
.425d	a0 00		ldy #$00	    ldy #$00
.425f					_cts_spin:
.425f	ad e0 d6	lda $d6e0	    lda MEGA65_ETH_CTRL1
.4262	29 80		and #$80	    and #$80
.4264	d0 08		bne $426e	    bne _cts_ready
.4266	88		dey		    dey
.4267	d0 f6		bne $425f	    bne _cts_spin
.4269	ca		dex		    dex
.426a	d0 f3		bne $425f	    bne _cts_spin
.426c	38		sec		    sec
.426d	60		rts		    rts
.426e					_cts_ready:
.426e	18		clc		    clc
.426f	60		rts		    rts
.4270					ETH_PACKET_SEND:
.4270	20 07 32	jsr $3207	    jsr MEGA65_IO_ENABLE
.4273	ad 47 21	lda $2147	    lda ETH_TX_LEN_MSB
.4276	d0 17		bne $428f	    bne _tx_len_ready
.4278	ad 46 21	lda $2146	    lda ETH_TX_LEN_LSB
.427b	c9 3c		cmp #$3c	    cmp #$3c
.427d	b0 10		bcs $428f	    bcs _tx_len_ready
.427f	aa		tax		    tax
.4280	a9 00		lda #$00	    lda #$00
.4282					_pad_min_frame:
.4282	9d 35 22	sta $2235,x	    sta ETH_TX_FRAME_HEADER,x
.4285	e8		inx		    inx
.4286	e0 3c		cpx #$3c	    cpx #$3c
.4288	d0 f8		bne $4282	    bne _pad_min_frame
.428a	a9 3c		lda #$3c	    lda #$3c
.428c	8d 46 21	sta $2146	    sta ETH_TX_LEN_LSB
.428f					_tx_len_ready:
.428f	ad 46 21	lda $2146	    lda ETH_TX_LEN_LSB
.4292	8d e2 d6	sta $d6e2	    sta MEGA65_ETH_TXSIZE_LSB
.4295	8d b6 42	sta $42b6	    sta _len_lsb
.4298	ad 47 21	lda $2147	    lda ETH_TX_LEN_MSB
.429b	8d e3 d6	sta $d6e3	    sta MEGA65_ETH_TXSIZE_MSB
.429e	8d b7 42	sta $42b7	    sta _len_msb
.42a1	a9 35		lda #$35	    lda #<ETH_TX_FRAME_HEADER
.42a3	8d b8 42	sta $42b8	    sta _ETH_BUF_SRC
.42a6	a9 22		lda #$22	    lda #>ETH_TX_FRAME_HEADER
.42a8	8d b9 42	sta $42b9	    sta _ETH_BUF_SRC+1
.42ab	08		php		php
.42ac	78		sei		sei
.42ad	8d 07 d7	sta $d707	    sta $D707
>42b0	80				    .byte $80          ; enhanced DMA: SRC bits 20-27
>42b1	00				    .byte $00    ; = $04   -> ensure source is bank $04 (your code/data bank)
>42b2	81				    .byte $81                   ; enhanced dma - dest bits 20-27
>42b3	ff				    .byte $ff                   ; ----------------------^
>42b4	00				    .byte $00                   ; end of job options
>42b5	00				    .byte $00                   ; copy
.42b6					_len_lsb:
>42b6	00				    .byte $00                   ; length lsb
.42b7					_len_msb:
>42b7	00				    .byte $00                   ; length msb
.42b8					_ETH_BUF_SRC:
>42b8	00 00 00			    .byte $00, $00, EXEC_BANK   ; src lsb, msb, bank
>42bb	00 e8 0d			    .byte $00, $e8, $0d         ; dest eth TX/RX buffer ($ffde800)
>42be	00				    .byte $00                   ; command high byte
>42bf	00 00				    .word $0000                 ; modulo (ignored)
.42c1	28		plp		plp
.42c2	a9 03		lda #$03	    lda #$03
.42c4	8d e0 d6	sta $d6e0	    sta MEGA65_ETH_CTRL1
.42c7	20 5b 42	jsr $425b	    jsr ETH_WAIT_CLEAR_TO_SEND
.42ca	b0 07		bcs $42d3	    bcs _tx_fail
.42cc	a9 01		lda #$01	    lda #$01
.42ce	8d e4 d6	sta $d6e4	    sta MEGA65_ETH_COMMAND
.42d1	18		clc		    clc
.42d2	60		rts		    rts
.42d3					_tx_fail:
.42d3	38		sec		    sec
.42d4	60		rts		    rts
.42d5					ETH_WAIT_100MS:
.42d5	a2 06		ldx #$06	    ldx #>1600                  ; high byte
.42d7	a0 40		ldy #$40	    ldy #<1600                  ; low byte
.42d9					_wait_outer
.42d9	ad 12 d0	lda $d012	    lda MEGA65_VICII_RSTR_CMP  ; read initial raster line
.42dc	8d b4 21	sta $21b4	    sta tmp_raster             ; store it
.42df	ad 12 d0	lda $d012	-   lda MEGA65_VICII_RSTR_CMP
.42e2	cd b4 21	cmp $21b4	    cmp tmp_raster
.42e5	f0 f8		beq $42df	    beq -                       ; loop until raster changes
.42e7	88		dey		    dey
.42e8	d0 ef		bne $42d9	    bne _wait_outer
.42ea	ca		dex		    dex
.42eb	d0 ec		bne $42d9	    bne _wait_outer
.42ed	60		rts		    rts
.42ee					ETH_CHECK_SAME_NET:
.42ee	a2 03		ldx #$03	    ldx #$03
.42f0					_compare_net:
.42f0	bd 06 21	lda $2106,x	    lda REMOTE_IP, x
.42f3	3d 10 21	and $2110,x	    and SUBNET_MASK, x
.42f6	8d 0d 43	sta $430d	    sta _tmp_oct
.42f9	bd 00 21	lda $2100,x	    lda LOCAL_IP, x
.42fc	3d 10 21	and $2110,x	    and SUBNET_MASK, x
.42ff	cd 0d 43	cmp $430d	    cmp _tmp_oct
.4302	d0 06		bne $430a	    bne _not_same_net
.4304	ca		dex		    dex
.4305	10 e9		bpl $42f0	    bpl _compare_net
.4307	a9 01		lda #$01	    lda #$01            ; same network (use Remote IP)
.4309	60		rts		    rts
.430a					_not_same_net:
.430a	a9 00		lda #$00	    lda #$00            ; not same network (use Gateway IP)
.430c	60		rts		    rts
>430d	00				_tmp_oct: .byte $00
.430e					ETH_BUILD_TCPIP_PACKET:
.430e	48		pha		    pha                             ; push the TCP_FLAG to stack
.430f	ad 19 21	lda $2119	    lda TCP_STATE                   ; dont do a ARP if we already have a TCP peer
.4312	c9 04		cmp #$04	    cmp #TCP_STATE_ESTABLISHED
.4314	f0 68		beq $437e	    beq _use_tcp_peer_mac
.4316	c9 02		cmp #$02	    cmp #TCP_STATE_SYN_SENT
.4318	d0 05		bne $431f	    bne _route_lookup
.431a	ad ee 2e	lda $2eee	    lda TCP_PEER_MAC_VALID
.431d	d0 5f		bne $437e	    bne _use_tcp_peer_mac
.431f					_route_lookup:
.431f	20 ee 42	jsr $42ee	    jsr ETH_CHECK_SAME_NET
.4322	f0 20		beq $4344	    beq _use_gateway
.4324					_use_remote:
.4324	ad 06 21	lda $2106	    lda REMOTE_IP+0
.4327	8d 7d 4e	sta $4e7d	    sta ARP_QUERY_IP+0
.432a	ad 07 21	lda $2107	    lda REMOTE_IP+1
.432d	8d 7e 4e	sta $4e7e	    sta ARP_QUERY_IP+1
.4330	ad 08 21	lda $2108	    lda REMOTE_IP+2
.4333	8d 7f 4e	sta $4e7f	    sta ARP_QUERY_IP+2
.4336	ad 09 21	lda $2109	    lda REMOTE_IP+3
.4339	8d 80 4e	sta $4e80	    sta ARP_QUERY_IP+3
.433c	20 81 4e	jsr $4e81	    jsr ARP_QUERY_CACHE
.433f	d0 43		bne $4384	    bne _IP_found_in_cache
.4341	4c 61 43	jmp $4361	    jmp _no_mac_yet
.4344					_use_gateway:
.4344	ad 0c 21	lda $210c	    lda GATEWAY_IP+0
.4347	8d 7d 4e	sta $4e7d	    sta ARP_QUERY_IP+0
.434a	ad 0d 21	lda $210d	    lda GATEWAY_IP+1
.434d	8d 7e 4e	sta $4e7e	    sta ARP_QUERY_IP+1
.4350	ad 0e 21	lda $210e	    lda GATEWAY_IP+2
.4353	8d 7f 4e	sta $4e7f	    sta ARP_QUERY_IP+2
.4356	ad 0f 21	lda $210f	    lda GATEWAY_IP+3
.4359	8d 80 4e	sta $4e80	    sta ARP_QUERY_IP+3
.435c	20 81 4e	jsr $4e81	    jsr ARP_QUERY_CACHE
.435f	d0 23		bne $4384	    bne _IP_found_in_cache
.4361					_no_mac_yet:
.4361	ad 18 21	lda $2118	    lda ETH_STATE
.4364	c9 01		cmp #$01	    cmp #ETH_STATE_ARP_WAITING
.4366	f0 13		beq $437b	    beq _already_waiting
.4368	a9 01		lda #$01	    lda #ETH_STATE_ARP_WAITING
.436a	8d 18 21	sta $2118	    sta ETH_STATE
.436d	a2 03		ldx #$03	    ldx #3
.436f	bd 7d 4e	lda $4e7d,x	-   lda ARP_QUERY_IP,x
.4372	9d 97 4b	sta $4b97,x	    sta ARP_REQUEST_IP,x
.4375	ca		dex		    dex
.4376	10 f7		bpl $436f	    bpl -
.4378	20 9b 4b	jsr $4b9b	    jsr ARP_REQUEST
.437b					_already_waiting:
.437b	68		pla		    pla                 ; restore A if the caller pushed it earlier
.437c	38		sec		    sec                 ; C=1 -> not ready; caller must retry later
.437d	60		rts		    rts
.437e					_use_tcp_peer_mac:
.437e	20 04 65	jsr $6504	    jsr TCP_RESTORE_PEER_MAC
.4381	4c 84 43	jmp $4384	    jmp _IP_found_in_cache
.4384					_IP_found_in_cache:
.4384	a9 08		lda #$08	    lda #$08                        ; Ipv4 ethertype
.4386	8d 41 22	sta $2241	    sta ETH_TX_TYPE
.4389	a9 00		lda #$00	    lda #$00
.438b	8d 42 22	sta $2242	    sta ETH_TX_TYPE+1
.438e	a9 06		lda #$06	    lda #$06                        ; IPV4 header with TCP protocol ($06)
.4390	20 59 44	jsr $4459	    jsr BUILD_IPV4_HEADER
.4393	68		pla		    pla                             ; get FLAGS from incoming param
.4394	20 00 46	jsr $4600	    jsr BUILD_TCP_HEADER
.4397	a9 36		lda #$36	    lda #<(14+20+20)                ; 14=Eth, 20=IP, 20=TCP (no payload)
.4399	8d 46 21	sta $2146	    sta ETH_TX_LEN_LSB
.439c	a9 00		lda #$00	    lda #>(14+20+20)
.439e	8d 47 21	sta $2147	    sta ETH_TX_LEN_MSB
.43a1	ad f7 30	lda $30f7	    lda TCP_DATA_PAYLOAD_SIZE       ; now add any TCP payload size
.43a4	18		clc		    clc
.43a5	6d 46 21	adc $2146	    adc ETH_TX_LEN_LSB
.43a8	8d 46 21	sta $2146	    sta ETH_TX_LEN_LSB
.43ab	ad 47 21	lda $2147	    lda ETH_TX_LEN_MSB
.43ae	69 00		adc #$00	    adc #$00
.43b0	8d 47 21	sta $2147	    sta ETH_TX_LEN_MSB
.43b3	18		clc		    clc
.43b4	60		rts		    rts

;******  Processing file: C:\projects\_M65\_xlar54\mega-ip-master\src\checksum.asm

.43b5					CHECKSUM_ONES_COMP:
.43b5	a9 00		lda #$00	    lda #$00
.43b7	8d 55 44	sta $4455	    sta CHECKSUM_SUM_HI
.43ba	8d 56 44	sta $4456	    sta CHECKSUM_SUM_LO
.43bd	8d 57 44	sta $4457	    sta CHECKSUM_WORD_HI
.43c0	8d 58 44	sta $4458	    sta CHECKSUM_WORD_LO
.43c3	8d 53 44	sta $4453	    sta CHECKSUM_RESULT_HI
.43c6	8d 54 44	sta $4454	    sta CHECKSUM_RESULT_LO
.43c9	ad 4f 44	lda $444f	    lda CHECKSUM_PTR_LO
.43cc	8d 17 44	sta $4417	    sta CHECKSUM_READ_BYTE+1
.43cf	ad 50 44	lda $4450	    lda CHECKSUM_PTR_HI
.43d2	8d 18 44	sta $4418	    sta CHECKSUM_READ_BYTE+2
.43d5	a0 00		ldy #$00	    ldy #$00
.43d7					_checksum_loop:
.43d7	ad 51 44	lda $4451	    lda CHECKSUM_LEN_LO
.43da	0d 52 44	ora $4452	    ora CHECKSUM_LEN_HI
.43dd	f0 26		beq $4405	    beq _checksum_done
.43df	20 16 44	jsr $4416	    jsr CHECKSUM_READ_BYTE
.43e2	8d 57 44	sta $4457	    sta CHECKSUM_WORD_HI
.43e5	20 20 44	jsr $4420	    jsr CHECKSUM_DEC_LEN
.43e8	ad 51 44	lda $4451	    lda CHECKSUM_LEN_LO
.43eb	0d 52 44	ora $4452	    ora CHECKSUM_LEN_HI
.43ee	f0 0b		beq $43fb	    beq _checksum_odd_word
.43f0	20 16 44	jsr $4416	    jsr CHECKSUM_READ_BYTE
.43f3	8d 58 44	sta $4458	    sta CHECKSUM_WORD_LO
.43f6	20 20 44	jsr $4420	    jsr CHECKSUM_DEC_LEN
.43f9	80 05		bra $4400	    bra _checksum_add_word
.43fb					_checksum_odd_word:
.43fb	a9 00		lda #$00	    lda #$00
.43fd	8d 58 44	sta $4458	    sta CHECKSUM_WORD_LO
.4400					_checksum_add_word:
.4400	20 2c 44	jsr $442c	    jsr CHECKSUM_ADD_WORD
.4403	80 d2		bra $43d7	    bra _checksum_loop
.4405					_checksum_done:
.4405	ad 55 44	lda $4455	    lda CHECKSUM_SUM_HI
.4408	49 ff		eor #$ff	    eor #$ff
.440a	8d 53 44	sta $4453	    sta CHECKSUM_RESULT_HI
.440d	ad 56 44	lda $4456	    lda CHECKSUM_SUM_LO
.4410	49 ff		eor #$ff	    eor #$ff
.4412	8d 54 44	sta $4454	    sta CHECKSUM_RESULT_LO
.4415	60		rts		    rts
.4416					CHECKSUM_READ_BYTE:
.4416	b9 ff ff	lda $ffff,y	    lda $ffff,y
.4419	c8		iny		    iny
.441a	d0 03		bne $441f	    bne _checksum_read_done
.441c	ee 18 44	inc $4418	    inc CHECKSUM_READ_BYTE+2
.441f					_checksum_read_done:
.441f	60		rts		    rts
.4420					CHECKSUM_DEC_LEN:
.4420	ad 51 44	lda $4451	    lda CHECKSUM_LEN_LO
.4423	d0 03		bne $4428	    bne _checksum_dec_lo
.4425	ce 52 44	dec $4452	    dec CHECKSUM_LEN_HI
.4428					_checksum_dec_lo:
.4428	ce 51 44	dec $4451	    dec CHECKSUM_LEN_LO
.442b	60		rts		    rts
.442c					CHECKSUM_ADD_WORD:
.442c	18		clc		    clc
.442d	ad 56 44	lda $4456	    lda CHECKSUM_SUM_LO
.4430	6d 58 44	adc $4458	    adc CHECKSUM_WORD_LO
.4433	8d 56 44	sta $4456	    sta CHECKSUM_SUM_LO
.4436	ad 55 44	lda $4455	    lda CHECKSUM_SUM_HI
.4439	6d 57 44	adc $4457	    adc CHECKSUM_WORD_HI
.443c	8d 55 44	sta $4455	    sta CHECKSUM_SUM_HI
.443f	90 0d		bcc $444e	    bcc _checksum_add_done
.4441	ee 56 44	inc $4456	    inc CHECKSUM_SUM_LO
.4444	d0 08		bne $444e	    bne _checksum_add_done
.4446	ee 55 44	inc $4455	    inc CHECKSUM_SUM_HI
.4449	d0 03		bne $444e	    bne _checksum_add_done
.444b	ee 56 44	inc $4456	    inc CHECKSUM_SUM_LO
.444e					_checksum_add_done:
.444e	60		rts		    rts
>444f	00				CHECKSUM_PTR_LO:    .byte $00
>4450	00				CHECKSUM_PTR_HI:    .byte $00
>4451	00				CHECKSUM_LEN_LO:    .byte $00
>4452	00				CHECKSUM_LEN_HI:    .byte $00
>4453	00				CHECKSUM_RESULT_HI: .byte $00
>4454	00				CHECKSUM_RESULT_LO: .byte $00
>4455	00				CHECKSUM_SUM_HI:    .byte $00
>4456	00				CHECKSUM_SUM_LO:    .byte $00
>4457	00				CHECKSUM_WORD_HI:   .byte $00
>4458	00				CHECKSUM_WORD_LO:   .byte $00

;******  Return to file: C:\projects\_M65\_xlar54\mega-ip-master\src\eth.asm


;******  Processing file: C:\projects\_M65\_xlar54\mega-ip-master\src\ipv4.asm

.4459					BUILD_IPV4_HEADER:
.4459	8d d0 44	sta $44d0	    sta IPV4_HDR_PROTO
.445c	ad 00 21	lda $2100	    lda LOCAL_IP+0
.445f	8d d3 44	sta $44d3	    sta IPV4_HDR_SRC_IP+0
.4462	ad 01 21	lda $2101	    lda LOCAL_IP+1
.4465	8d d4 44	sta $44d4	    sta IPV4_HDR_SRC_IP+1
.4468	ad 02 21	lda $2102	    lda LOCAL_IP+2
.446b	8d d5 44	sta $44d5	    sta IPV4_HDR_SRC_IP+2
.446e	ad 03 21	lda $2103	    lda LOCAL_IP+3
.4471	8d d6 44	sta $44d6	    sta IPV4_HDR_SRC_IP+3
.4474	ad 06 21	lda $2106	    lda REMOTE_IP+0
.4477	8d d7 44	sta $44d7	    sta IPV4_HDR_DST_IP+0
.447a	ad 07 21	lda $2107	    lda REMOTE_IP+1
.447d	8d d8 44	sta $44d8	    sta IPV4_HDR_DST_IP+1
.4480	ad 08 21	lda $2108	    lda REMOTE_IP+2
.4483	8d d9 44	sta $44d9	    sta IPV4_HDR_DST_IP+2
.4486	ad 09 21	lda $2109	    lda REMOTE_IP+3
.4489	8d da 44	sta $44da	    sta IPV4_HDR_DST_IP+3
.448c	a9 00		lda #$00	    lda #>(20+20)               ; IP header (20) + TCP header (20)
.448e	8d c9 44	sta $44c9	    sta IPV4_HDR_LEN
.4491	a9 28		lda #$28	    lda #<(20+20)
.4493	8d ca 44	sta $44ca	    sta IPV4_HDR_LEN+1
.4496	ad f7 30	lda $30f7	    lda TCP_DATA_PAYLOAD_SIZE   ; add the TCP payload data size (little endian)
.4499	18		clc		    clc
.449a	6d ca 44	adc $44ca	    adc IPV4_HDR_LEN+1
.449d	8d ca 44	sta $44ca	    sta IPV4_HDR_LEN+1
.44a0	ad f8 30	lda $30f8	    lda TCP_DATA_PAYLOAD_SIZE+1
.44a3	6d c9 44	adc $44c9	    adc IPV4_HDR_LEN
.44a6	8d c9 44	sta $44c9	    sta IPV4_HDR_LEN
.44a9	a9 40		lda #$40	    lda #$40
.44ab	8d cd 44	sta $44cd	    sta IPV4_HDR_FLGS_OFFS
.44ae	a9 00		lda #$00	    lda #$00
.44b0	8d ce 44	sta $44ce	    sta IPV4_HDR_FLGS_OFFS+1
.44b3	20 db 44	jsr $44db	    jsr CALC_IPV4_CHECKSUM
.44b6	a2 00		ldx #$00	    ldx #$00
.44b8					_lp_copy:
.44b8	bd c7 44	lda $44c7,x	    lda IPV4_HEADER, x
.44bb	9d 43 22	sta $2243,x	    sta ETH_TX_FRAME_PAYLOAD, x
.44be	e0 13		cpx #$13	    cpx #19
.44c0	f0 04		beq $44c6	    beq _lp_done
.44c2	e8		inx		    inx
.44c3	4c b8 44	jmp $44b8	    jmp _lp_copy
.44c6					_lp_done:
.44c6	60		rts		    rts
.44c7					IPV4_HEADER:
>44c7	45				IPV4_HDR_IHL:       .byte $45                   ; 0100 (Version 4) | 0101 (min 5, max 15)
>44c8	00				IPV4_HDR_DSCP:      .byte $00                   ; Type of service (Low delay, High throuput, Relibility)
>44c9	00 00				IPV4_HDR_LEN:       .byte $00, $00              ; Length of header + data (16 bits) 0-65535
>44cb	00 00				IPV4_HDR_IDEN:      .byte $00, $00              ; unique packet id
>44cd	00 00				IPV4_HDR_FLGS_OFFS: .byte $00, $00              ; 3 flags, 1 bit each =  reserved (zero), do not fragment, more fragments
>44cf	40				IPV4_HDR_TTL:       .byte $40                   ; time to live hops to dest
>44d0	11				IPV4_HDR_PROTO:     .byte $11                   ; name of protocol for which data to be passed (ICMP=$01, TCP=$06, UDP=$11)
>44d1	00 00				IPV4_HDR_CHKSM:     .byte $00, $00              ; 16 bit header checksum
>44d3	00 00 00 00			IPV4_HDR_SRC_IP:    .byte $00, $00, $00, $00    ; source IP address
>44d7	00 00 00 00			IPV4_HDR_DST_IP:    .byte $00, $00, $00, $00    ; dest IP address
.44db					CALC_IPV4_CHECKSUM:
.44db	a9 00		lda #$00	    lda #$00
.44dd	8d d1 44	sta $44d1	    sta IPV4_HDR_CHKSM
.44e0	8d d2 44	sta $44d2	    sta IPV4_HDR_CHKSM+1
.44e3	a9 c7		lda #$c7	    lda #<IPV4_HEADER
.44e5	8d 4f 44	sta $444f	    sta CHECKSUM_PTR_LO
.44e8	a9 44		lda #$44	    lda #>IPV4_HEADER
.44ea	8d 50 44	sta $4450	    sta CHECKSUM_PTR_HI
.44ed	a9 14		lda #$14	    lda #20
.44ef	8d 51 44	sta $4451	    sta CHECKSUM_LEN_LO
.44f2	a9 00		lda #$00	    lda #$00
.44f4	8d 52 44	sta $4452	    sta CHECKSUM_LEN_HI
.44f7	20 b5 43	jsr $43b5	    jsr CHECKSUM_ONES_COMP
.44fa	ad 53 44	lda $4453	    lda CHECKSUM_RESULT_HI
.44fd	8d d1 44	sta $44d1	    sta IPV4_HDR_CHKSM
.4500	ad 54 44	lda $4454	    lda CHECKSUM_RESULT_LO
.4503	8d d2 44	sta $44d2	    sta IPV4_HDR_CHKSM+1
.4506	60		rts		    rts
.4507					CALC_IPV4_TX_CHECKSUM:
.4507	a9 00		lda #$00	    lda #$00
.4509	8d 4d 22	sta $224d	    sta ETH_TX_FRAME_PAYLOAD+10
.450c	8d 4e 22	sta $224e	    sta ETH_TX_FRAME_PAYLOAD+11
.450f	a9 43		lda #$43	    lda #<ETH_TX_FRAME_PAYLOAD
.4511	8d 4f 44	sta $444f	    sta CHECKSUM_PTR_LO
.4514	a9 22		lda #$22	    lda #>ETH_TX_FRAME_PAYLOAD
.4516	8d 50 44	sta $4450	    sta CHECKSUM_PTR_HI
.4519	a9 14		lda #$14	    lda #20
.451b	8d 51 44	sta $4451	    sta CHECKSUM_LEN_LO
.451e	a9 00		lda #$00	    lda #$00
.4520	8d 52 44	sta $4452	    sta CHECKSUM_LEN_HI
.4523	20 b5 43	jsr $43b5	    jsr CHECKSUM_ONES_COMP
.4526	ad 53 44	lda $4453	    lda CHECKSUM_RESULT_HI
.4529	8d 4d 22	sta $224d	    sta ETH_TX_FRAME_PAYLOAD+10
.452c	ad 54 44	lda $4454	    lda CHECKSUM_RESULT_LO
.452f	8d 4e 22	sta $224e	    sta ETH_TX_FRAME_PAYLOAD+11
.4532	60		rts		    rts
.4533					IPV4_VALIDATE_RX:
.4533	ad 4b 21	lda $214b	    lda ETH_RX_PAYLOAD_LEN_H
.4536	d0 07		bne $453f	    bne _ipv4_rx_payload_ge20
.4538	ad 4a 21	lda $214a	    lda ETH_RX_PAYLOAD_LEN_L
.453b	c9 14		cmp #$14	    cmp #20
.453d	90 53		bcc $4592	    bcc _ipv4_rx_bad
.453f					_ipv4_rx_payload_ge20:
.453f	ad 91 28	lda $2891	    lda ETH_RX_FRAME_PAYLOAD+0
.4542	29 f0		and #$f0	    and #$f0
.4544	c9 40		cmp #$40	    cmp #$40
.4546	d0 4a		bne $4592	    bne _ipv4_rx_bad
.4548	ad 91 28	lda $2891	    lda ETH_RX_FRAME_PAYLOAD+0
.454b	29 0f		and #$0f	    and #$0f
.454d	c9 05		cmp #$05	    cmp #5
.454f	90 41		bcc $4592	    bcc _ipv4_rx_bad
.4551	0a		asl a		    asl
.4552	0a		asl a		    asl
.4553	8d f8 45	sta $45f8	    sta IPV4_RX_IHL_BYTES
.4556	ad 93 28	lda $2893	    lda ETH_RX_FRAME_PAYLOAD+2
.4559	8d f9 45	sta $45f9	    sta IPV4_RX_TOTAL_HI
.455c	ad 94 28	lda $2894	    lda ETH_RX_FRAME_PAYLOAD+3
.455f	8d fa 45	sta $45fa	    sta IPV4_RX_TOTAL_LO
.4562	ad f9 45	lda $45f9	    lda IPV4_RX_TOTAL_HI
.4565	d0 08		bne $456f	    bne _ipv4_rx_total_ge_ihl
.4567	ad fa 45	lda $45fa	    lda IPV4_RX_TOTAL_LO
.456a	cd f8 45	cmp $45f8	    cmp IPV4_RX_IHL_BYTES
.456d	90 23		bcc $4592	    bcc _ipv4_rx_bad
.456f					_ipv4_rx_total_ge_ihl:
.456f	ad 4b 21	lda $214b	    lda ETH_RX_PAYLOAD_LEN_H
.4572	cd f9 45	cmp $45f9	    cmp IPV4_RX_TOTAL_HI
.4575	90 1b		bcc $4592	    bcc _ipv4_rx_bad
.4577	d0 08		bne $4581	    bne _ipv4_rx_total_in_frame
.4579	ad 4a 21	lda $214a	    lda ETH_RX_PAYLOAD_LEN_L
.457c	cd fa 45	cmp $45fa	    cmp IPV4_RX_TOTAL_LO
.457f	90 11		bcc $4592	    bcc _ipv4_rx_bad
.4581					_ipv4_rx_total_in_frame:
.4581	ad 97 28	lda $2897	    lda ETH_RX_FRAME_PAYLOAD+6
.4584	29 bf		and #$bf	    and #$bf
.4586	0d 98 28	ora $2898	    ora ETH_RX_FRAME_PAYLOAD+7
.4589	d0 07		bne $4592	    bne _ipv4_rx_bad
.458b	20 94 45	jsr $4594	    jsr IPV4_RX_CHECKSUM_OK
.458e	b0 02		bcs $4592	    bcs _ipv4_rx_bad
.4590	18		clc		    clc
.4591	60		rts		    rts
.4592					_ipv4_rx_bad:
.4592	38		sec		    sec
.4593	60		rts		    rts
.4594					IPV4_RX_CHECKSUM_OK:
.4594	a9 00		lda #$00	    lda #$00
.4596	8d ff 45	sta $45ff	    sta IPV4_RX_SUM_LO
.4599	8d fe 45	sta $45fe	    sta IPV4_RX_SUM_HI
.459c	8d fc 45	sta $45fc	    sta IPV4_RX_WORD_HI
.459f	8d fd 45	sta $45fd	    sta IPV4_RX_WORD_LO
.45a2	ad f8 45	lda $45f8	    lda IPV4_RX_IHL_BYTES
.45a5	4a		lsr a		    lsr
.45a6	8d fb 45	sta $45fb	    sta IPV4_RX_WORDS_LEFT
.45a9	a0 00		ldy #$00	    ldy #$00
.45ab					_ipv4_rx_sum_loop:
.45ab	ad fb 45	lda $45fb	    lda IPV4_RX_WORDS_LEFT
.45ae	f0 36		beq $45e6	    beq _ipv4_rx_sum_done
.45b0	b9 91 28	lda $2891,y	    lda ETH_RX_FRAME_PAYLOAD,y
.45b3	8d fc 45	sta $45fc	    sta IPV4_RX_WORD_HI
.45b6	c8		iny		    iny
.45b7	b9 91 28	lda $2891,y	    lda ETH_RX_FRAME_PAYLOAD,y
.45ba	8d fd 45	sta $45fd	    sta IPV4_RX_WORD_LO
.45bd	c8		iny		    iny
.45be	18		clc		    clc
.45bf	ad ff 45	lda $45ff	    lda IPV4_RX_SUM_LO
.45c2	6d fd 45	adc $45fd	    adc IPV4_RX_WORD_LO
.45c5	8d ff 45	sta $45ff	    sta IPV4_RX_SUM_LO
.45c8	ad fe 45	lda $45fe	    lda IPV4_RX_SUM_HI
.45cb	6d fc 45	adc $45fc	    adc IPV4_RX_WORD_HI
.45ce	8d fe 45	sta $45fe	    sta IPV4_RX_SUM_HI
.45d1	90 0d		bcc $45e0	    bcc _ipv4_rx_no_carry
.45d3	ee ff 45	inc $45ff	    inc IPV4_RX_SUM_LO
.45d6	d0 08		bne $45e0	    bne _ipv4_rx_no_carry
.45d8	ee fe 45	inc $45fe	    inc IPV4_RX_SUM_HI
.45db	d0 03		bne $45e0	    bne _ipv4_rx_no_carry
.45dd	ee ff 45	inc $45ff	    inc IPV4_RX_SUM_LO
.45e0					_ipv4_rx_no_carry:
.45e0	ce fb 45	dec $45fb	    dec IPV4_RX_WORDS_LEFT
.45e3	4c ab 45	jmp $45ab	    jmp _ipv4_rx_sum_loop
.45e6					_ipv4_rx_sum_done:
.45e6	ad fe 45	lda $45fe	    lda IPV4_RX_SUM_HI
.45e9	c9 ff		cmp #$ff	    cmp #$ff
.45eb	d0 09		bne $45f6	    bne _ipv4_rx_sum_bad
.45ed	ad ff 45	lda $45ff	    lda IPV4_RX_SUM_LO
.45f0	c9 ff		cmp #$ff	    cmp #$ff
.45f2	d0 02		bne $45f6	    bne _ipv4_rx_sum_bad
.45f4	18		clc		    clc
.45f5	60		rts		    rts
.45f6					_ipv4_rx_sum_bad:
.45f6	38		sec		    sec
.45f7	60		rts		    rts
>45f8	00				IPV4_RX_IHL_BYTES:  .byte $00
>45f9	00				IPV4_RX_TOTAL_HI:   .byte $00
>45fa	00				IPV4_RX_TOTAL_LO:   .byte $00
>45fb	00				IPV4_RX_WORDS_LEFT: .byte $00
>45fc	00				IPV4_RX_WORD_HI:    .byte $00
>45fd	00				IPV4_RX_WORD_LO:    .byte $00
>45fe	00				IPV4_RX_SUM_HI:     .byte $00
>45ff	00				IPV4_RX_SUM_LO:     .byte $00

;******  Return to file: C:\projects\_M65\_xlar54\mega-ip-master\src\eth.asm

.4600					BUILD_TCP_HEADER:
.4600	8d 14 31	sta $3114	    sta TCP_HDR_FLGS_OFFS+1                     ; TCP FLAGS
.4603	a9 50		lda #$50	    lda #%01010000
.4605	8d 13 31	sta $3113	    sta TCP_HDR_FLGS_OFFS
.4608	a9 14		lda #$14	    lda #20                          ; Default 20 bytes (no options)
.460a	8d f9 30	sta $30f9	    sta TCP_HEADER_SIZE              ; Add this variable
.460d	ad 04 21	lda $2104	    lda LOCAL_PORT+0
.4610	8d 07 31	sta $3107	    sta TCP_HDR_SRC_PORT+0
.4613	ad 05 21	lda $2105	    lda LOCAL_PORT+1
.4616	8d 08 31	sta $3108	    sta TCP_HDR_SRC_PORT+1
.4619	ad 0a 21	lda $210a	    lda REMOTE_PORT+0
.461c	8d 09 31	sta $3109	    sta TCP_HDR_DST_PORT+0
.461f	ad 0b 21	lda $210b	    lda REMOTE_PORT+1
.4622	8d 0a 31	sta $310a	    sta TCP_HDR_DST_PORT+1
.4625	20 e7 6d	jsr $6de7	    jsr READ_HEAD_ATOMIC
.4628	20 d2 6d	jsr $6dd2	    jsr READ_TAIL_ATOMIC
.462b	38		sec		    sec
.462c	ad 95 21	lda $2195	    lda TMP_TAIL_LO
.462f	ed 97 21	sbc $2197	    sbc TMP_HEAD_LO
.4632	8d 9d 21	sta $219d	    sta FREE_LO
.4635	ad 96 21	lda $2196	    lda TMP_TAIL_HI
.4638	ed 98 21	sbc $2198	    sbc TMP_HEAD_HI
.463b	29 0f		and #$0f	    and #RING_BUFFER_PAGE_MASK
.463d	8d 9e 21	sta $219e	    sta FREE_HI
.4640	38		sec		    sec
.4641	ad 9d 21	lda $219d	    lda FREE_LO
.4644	e9 01		sbc #$01	    sbc #1
.4646	8d 9d 21	sta $219d	    sta FREE_LO
.4649	ad 9e 21	lda $219e	    lda FREE_HI
.464c	e9 00		sbc #$00	    sbc #0
.464e	29 0f		and #$0f	    and #RING_BUFFER_PAGE_MASK
.4650	8d 9e 21	sta $219e	    sta FREE_HI
.4653	ad 9e 21	lda $219e	    lda FREE_HI
.4656	c9 04		cmp #$04	    cmp #TCP_RECV_WINDOW_CAP_HI
.4658	90 13		bcc $466d	    bcc _tcp_window_clamped
.465a	d0 07		bne $4663	    bne _tcp_window_use_cap
.465c	ad 9d 21	lda $219d	    lda FREE_LO
.465f	c9 01		cmp #$01	    cmp #TCP_RECV_WINDOW_CAP_LO+1
.4661	90 0a		bcc $466d	    bcc _tcp_window_clamped
.4663					_tcp_window_use_cap:
.4663	a9 00		lda #$00	    lda #TCP_RECV_WINDOW_CAP_LO
.4665	8d 9d 21	sta $219d	    sta FREE_LO
.4668	a9 04		lda #$04	    lda #TCP_RECV_WINDOW_CAP_HI
.466a	8d 9e 21	sta $219e	    sta FREE_HI
.466d					_tcp_window_clamped:
.466d	ad 9e 21	lda $219e	    lda FREE_HI
.4670	8d 15 31	sta $3115	    sta TCP_HDR_WINDOW
.4673	ad 9d 21	lda $219d	    lda FREE_LO
.4676	8d 16 31	sta $3116	    sta TCP_HDR_WINDOW+1
.4679	8d 9f 21	sta $219f	    sta ADV_WINDOW_LAST_LO
.467c	ad 9e 21	lda $219e	    lda FREE_HI
.467f	8d a0 21	sta $21a0	    sta ADV_WINDOW_LAST_HI
.4682	ad 1e 21	lda $211e	    lda LOCAL_ISN+0
.4685	8d 0b 31	sta $310b	    sta TCP_HDR_SEQ_NUM+0
.4688	ad 1f 21	lda $211f	    lda LOCAL_ISN+1
.468b	8d 0c 31	sta $310c	    sta TCP_HDR_SEQ_NUM+1
.468e	ad 20 21	lda $2120	    lda LOCAL_ISN+2
.4691	8d 0d 31	sta $310d	    sta TCP_HDR_SEQ_NUM+2
.4694	ad 21 21	lda $2121	    lda LOCAL_ISN+3
.4697	8d 0e 31	sta $310e	    sta TCP_HDR_SEQ_NUM+3
.469a	ad 1a 21	lda $211a	    lda REMOTE_ISN+0
.469d	8d 0f 31	sta $310f	    sta TCP_HDR_ACK_NUM+0
.46a0	ad 1b 21	lda $211b	    lda REMOTE_ISN+1
.46a3	8d 10 31	sta $3110	    sta TCP_HDR_ACK_NUM+1
.46a6	ad 1c 21	lda $211c	    lda REMOTE_ISN+2
.46a9	8d 11 31	sta $3111	    sta TCP_HDR_ACK_NUM+2
.46ac	ad 1d 21	lda $211d	    lda REMOTE_ISN+3
.46af	8d 12 31	sta $3112	    sta TCP_HDR_ACK_NUM+3
.46b2	ac f7 30	ldy $30f7	    ldy TCP_DATA_PAYLOAD_SIZE
.46b5	98		tya		    tya
.46b6	29 01		and #$01	    and #$01
.46b8	f0 06		beq $46c0	    beq _no_pad
.46ba	a9 00		lda #$00	    lda #$00
.46bc	99 1b 31	sta $311b,y	    sta TCP_DATA_PAYLOAD,y
.46bf	c8		iny		    iny
.46c0					_no_pad:
.46c0	98		tya		    tya
.46c1	4a		lsr a		    lsr
.46c2	8d fa 30	sta $30fa	    sta TCP_DATA_PAYLOAD_WORD_COUNT
.46c5	20 e7 46	jsr $46e7	    jsr CALC_TCP_CHECKSUM
.46c8	a2 00		ldx #$00	    ldx #$00
.46ca					_lp_copy:
.46ca	bd 07 31	lda $3107,x	    lda TCP_HDR, x
.46cd	9d 57 22	sta $2257,x	    sta ETH_TX_FRAME_PAYLOAD+20, x
.46d0	e8		inx		    inx
.46d1	e0 14		cpx #$14	    cpx #20
.46d3	d0 f5		bne $46ca	    bne _lp_copy
.46d5	a2 00		ldx #$00	    ldx #$00
.46d7					_lp_data_copy:
.46d7	ec f7 30	cpx $30f7	    cpx TCP_DATA_PAYLOAD_SIZE
.46da	f0 0a		beq $46e6	    beq _lp_done
.46dc	bd 1b 31	lda $311b,x	    lda TCP_DATA_PAYLOAD, x
.46df	9d 6b 22	sta $226b,x	    sta ETH_TX_FRAME_PAYLOAD+20+20, x
.46e2	e8		inx		    inx
.46e3	4c d7 46	jmp $46d7	    jmp _lp_data_copy
.46e6					_lp_done:
.46e6	60		rts		    rts
=$01					WINUPDATE_THRESHOLD = $01    ; send update when we open by >=1 bytes
=$80					WINUPDATE_GROW_LO = $80
=$00					WINUPDATE_GROW_HI = $00
.46e7					CALC_TCP_CHECKSUM:
.46e7	a9 00		lda #$00	    lda #$00
.46e9	8d 69 48	sta $4869	    sta _reslo
.46ec	8d 6a 48	sta $486a	    sta _reshi
.46ef	8d 6b 48	sta $486b	    sta _resex
.46f2	a9 00		lda #$00	    lda #$00
.46f4	8d 17 31	sta $3117	    sta TCP_HDR_CHKSM
.46f7	a9 00		lda #$00	    lda #$00
.46f9	8d 18 31	sta $3118	    sta TCP_HDR_CHKSM+1
.46fc	ad d3 44	lda $44d3	    lda IPV4_HDR_SRC_IP+0
.46ff	8d fb 30	sta $30fb	    sta TCP_PSEUDO_HDR+0
.4702	ad d4 44	lda $44d4	    lda IPV4_HDR_SRC_IP+1
.4705	8d fc 30	sta $30fc	    sta TCP_PSEUDO_HDR+1
.4708	ad d5 44	lda $44d5	    lda IPV4_HDR_SRC_IP+2
.470b	8d fd 30	sta $30fd	    sta TCP_PSEUDO_HDR+2
.470e	ad d6 44	lda $44d6	    lda IPV4_HDR_SRC_IP+3
.4711	8d fe 30	sta $30fe	    sta TCP_PSEUDO_HDR+3
.4714	ad d7 44	lda $44d7	    lda IPV4_HDR_DST_IP+0
.4717	8d ff 30	sta $30ff	    sta TCP_PSEUDO_HDR+4
.471a	ad d8 44	lda $44d8	    lda IPV4_HDR_DST_IP+1
.471d	8d 00 31	sta $3100	    sta TCP_PSEUDO_HDR+5
.4720	ad d9 44	lda $44d9	    lda IPV4_HDR_DST_IP+2
.4723	8d 01 31	sta $3101	    sta TCP_PSEUDO_HDR+6
.4726	ad da 44	lda $44da	    lda IPV4_HDR_DST_IP+3
.4729	8d 02 31	sta $3102	    sta TCP_PSEUDO_HDR+7
.472c	a9 00		lda #$00	    lda #$00
.472e	8d 03 31	sta $3103	    sta TCP_PSEUDO_HDR+8
.4731	ad d0 44	lda $44d0	    lda IPV4_HDR_PROTO
.4734	8d 04 31	sta $3104	    sta TCP_PSEUDO_HDR+9
.4737	a9 00		lda #$00	    lda #$00
.4739	8d 05 31	sta $3105	    sta TCP_PSEUDO_HDR+10
.473c	ad f9 30	lda $30f9	    lda TCP_HEADER_SIZE
.473f	8d 06 31	sta $3106	    sta TCP_PSEUDO_HDR+11
.4742	ad f7 30	lda $30f7	    lda TCP_DATA_PAYLOAD_SIZE
.4745	18		clc		    clc
.4746	6d 06 31	adc $3106	    adc TCP_PSEUDO_HDR+11
.4749	8d 06 31	sta $3106	    sta TCP_PSEUDO_HDR+11
.474c	a9 00		lda #$00	    lda #$00
.474e	6d 05 31	adc $3105	    adc TCP_PSEUDO_HDR+10
.4751	8d 05 31	sta $3105	    sta TCP_PSEUDO_HDR+10
.4754	ad f7 30	lda $30f7	    lda TCP_DATA_PAYLOAD_SIZE
.4757	18		clc		    clc
.4758	69 01		adc #$01	    adc #1                          ; A = byte_count + 1
.475a	4a		lsr a		    lsr                             ; A = (byte_count + 1) >> 1
.475b	8d fa 30	sta $30fa	    sta TCP_DATA_PAYLOAD_WORD_COUNT ; store the word count in one byte
.475e	a0 00		ldy #$00	    ldy #$00                        ; Y = offset into pseudo header (0,2,4,...)
.4760	b9 fb 30	lda $30fb,y	    lda TCP_PSEUDO_HDR,y            ; init summation result
.4763	8d 6a 48	sta $486a	    sta _reshi
.4766	c8		iny		    iny
.4767	b9 fb 30	lda $30fb,y	    lda TCP_PSEUDO_HDR,y
.476a	8d 69 48	sta $4869	    sta _reslo
.476d	a2 05		ldx #$05	    ldx #$05                ; x=5 (countdown of words)
.476f					_loop_pseudo_header
.476f	ad 69 48	lda $4869	    lda _reslo              ; store add result back into num1
.4772	8d 65 48	sta $4865	    sta _num1lo
.4775	ad 6a 48	lda $486a	    lda _reshi
.4778	8d 66 48	sta $4866	    sta _num1hi
.477b	c8		iny		    iny
.477c	b9 fb 30	lda $30fb,y	    lda TCP_PSEUDO_HDR,Y    ; get hi byte of next value
.477f	8d 68 48	sta $4868	    sta _num2hi
.4782	c8		iny		    iny
.4783	b9 fb 30	lda $30fb,y	    lda TCP_PSEUDO_HDR,Y    ; get lo byte of next value
.4786	8d 67 48	sta $4867	    sta _num2lo
.4789	20 2a 48	jsr $482a	    jsr _addwords           ; add them to prev result
.478c	ca		dex		    dex                     ; x--
.478d	d0 e0		bne $476f	    bne _loop_pseudo_header ; if x <> 0 then loop again
.478f					_sum_tcp_hdr:
.478f	ad f9 30	lda $30f9	    lda TCP_HEADER_SIZE
.4792	4a		lsr a		    lsr                              ; Divide by 2 to get word count
.4793	aa		tax		    tax                              ; x = word count
.4794	a0 00		ldy #$00	    ldy #$00
.4796					_loop_tcp_header:
.4796	ad 69 48	lda $4869	    lda _reslo              ; store add result back into num1
.4799	8d 65 48	sta $4865	    sta _num1lo
.479c	ad 6a 48	lda $486a	    lda _reshi
.479f	8d 66 48	sta $4866	    sta _num1hi
.47a2	b9 07 31	lda $3107,y	    lda TCP_HDR,y           ; hi
.47a5	8d 68 48	sta $4868	    sta _num2hi
.47a8	c8		iny		    iny
.47a9	b9 07 31	lda $3107,y	    lda TCP_HDR,y           ; lo
.47ac	8d 67 48	sta $4867	    sta _num2lo
.47af	c8		iny		    iny
.47b0	20 2a 48	jsr $482a	    jsr _addwords           ; add to prev result
.47b3	ca		dex		    dex                     ; x--
.47b4	d0 e0		bne $4796	    bne _loop_tcp_header    ; if x<>0 then loop again
.47b6					_sum_tcp_data:
.47b6	ad fa 30	lda $30fa	    lda TCP_DATA_PAYLOAD_WORD_COUNT
.47b9	f0 23		beq $47de	    beq _add_overflow        ; no data to sum, go finish up
.47bb	aa		tax		    tax                     ; x = word count
.47bc	a0 00		ldy #$00	    ldy #$00                ; y = 0 (each byte)
.47be					_loop_tcp_data:
.47be	ad 69 48	lda $4869	    lda _reslo              ; store add result back into num1
.47c1	8d 65 48	sta $4865	    sta _num1lo
.47c4	ad 6a 48	lda $486a	    lda _reshi
.47c7	8d 66 48	sta $4866	    sta _num1hi
.47ca	b9 1b 31	lda $311b,y	    lda TCP_DATA_PAYLOAD,y  ; hi
.47cd	8d 68 48	sta $4868	    sta _num2hi
.47d0	c8		iny		    iny
.47d1	b9 1b 31	lda $311b,y	    lda TCP_DATA_PAYLOAD,y  ; lo
.47d4	8d 67 48	sta $4867	    sta _num2lo
.47d7	c8		iny		    iny
.47d8	20 2a 48	jsr $482a	    jsr _addwords           ; add to prev result
.47db	ca		dex		    dex                     ; x--
.47dc	d0 e0		bne $47be	    bne _loop_tcp_data      ; if x <> 0 loop again
.47de					_add_overflow:
.47de	ad 69 48	lda $4869	    lda _reslo               ; add overflow byte 24 back into the result
.47e1	8d 65 48	sta $4865	    sta _num1lo
.47e4	ad 6a 48	lda $486a	    lda _reshi
.47e7	8d 66 48	sta $4866	    sta _num1hi
.47ea	ad 6b 48	lda $486b	    lda _resex
.47ed	18		clc		    clc
.47ee	6d 65 48	adc $4865	    adc _num1lo
.47f1	8d 65 48	sta $4865	    sta _num1lo
.47f4	ad 66 48	lda $4866	    lda _num1hi
.47f7	69 00		adc #$00	    adc #$00
.47f9	8d 66 48	sta $4866	    sta _num1hi
.47fc	90 08		bcc $4806	    bcc _no_final_carry     ; if no carry from the high-byte add, skip
.47fe	ee 65 48	inc $4865	    inc _num1lo             ; add the end-around carry back in
.4801	d0 03		bne $4806	    bne _no_final_carry
.4803	ee 66 48	inc $4866	    inc _num1hi
.4806					_no_final_carry:
.4806	ad 65 48	lda $4865	    lda _num1lo              ; move result to 2nd value
.4809	8d 67 48	sta $4867	    sta _num2lo
.480c	ad 66 48	lda $4866	    lda _num1hi
.480f	8d 68 48	sta $4868	    sta _num2hi
.4812	a9 ff		lda #$ff	    lda #$ff                ; subtract value from $ffff
.4814	8d 65 48	sta $4865	    sta _num1lo
.4817	8d 66 48	sta $4866	    sta _num1hi
.481a	20 46 48	jsr $4846	    jsr _subwords           ; final in _reslo/_reshi
.481d	ad 6a 48	lda $486a	    lda _reshi
.4820	8d 17 31	sta $3117	    sta TCP_HDR_CHKSM
.4823	ad 69 48	lda $4869	    lda _reslo
.4826	8d 18 31	sta $3118	    sta TCP_HDR_CHKSM+1
.4829	60		rts		    rts
.482a					_addwords
.482a	18		clc		    clc				; clear carry
.482b	ad 65 48	lda $4865		lda _num1lo
.482e	6d 67 48	adc $4867		adc _num2lo
.4831	8d 69 48	sta $4869		sta _reslo			; store sum of LSBs
.4834	ad 66 48	lda $4866		lda _num1hi
.4837	6d 68 48	adc $4868		adc _num2hi			; add the MSBs using carry from
.483a	8d 6a 48	sta $486a		sta _reshi			; the previous calculation
.483d	ad 6b 48	lda $486b	    lda _resex
.4840	69 00		adc #$00	    adc #$00
.4842	8d 6b 48	sta $486b	    sta _resex
.4845	60		rts		    rts
.4846					_subwords:
.4846	a9 00		lda #$00	    lda #$00
.4848	8d 69 48	sta $4869	    sta _reslo
.484b	8d 6a 48	sta $486a	    sta _reshi
.484e	8d 6b 48	sta $486b	    sta _resex
.4851	38		sec		    sec				    ; set carry for borrow purpose
.4852	ad 65 48	lda $4865		lda _num1lo
.4855	ed 67 48	sbc $4867		sbc _num2lo			; perform subtraction on the LSBs
.4858	8d 69 48	sta $4869		sta _reslo
.485b	ad 66 48	lda $4866		lda _num1hi			; do the same for the MSBs, with carry
.485e	ed 68 48	sbc $4868		sbc _num2hi			; set according to the previous result
.4861	8d 6a 48	sta $486a		sta _reshi
.4864	60		rts			rts
>4865	00				_num1lo: .byte $00
>4866	00				_num1hi: .byte $00
>4867	00				_num2lo: .byte $00
>4868	00				_num2hi: .byte $00
>4869	00				_reslo: .byte $00
>486a	00				_reshi: .byte $00
>486b	00				_resex: .byte $00
.486c					CLEAR_LOCAL_ISN:
.486c	a9 00		lda #$00	    lda #$00
.486e	8d 1e 21	sta $211e	    sta LOCAL_ISN+0
.4871	8d 1f 21	sta $211f	    sta LOCAL_ISN+1
.4874	8d 20 21	sta $2120	    sta LOCAL_ISN+2
.4877	8d 21 21	sta $2121	    sta LOCAL_ISN+3
.487a	8d 22 21	sta $2122	    sta LOCAL_ISN_TMP
.487d	60		rts		    rts
.487e					CLEAR_REMOTE_ISN:
.487e	a9 00		lda #$00	    lda #$00
.4880	8d 1a 21	sta $211a	    sta REMOTE_ISN+0
.4883	8d 1b 21	sta $211b	    sta REMOTE_ISN+1
.4886	8d 1c 21	sta $211c	    sta REMOTE_ISN+2
.4889	8d 1d 21	sta $211d	    sta REMOTE_ISN+3
.488c	8d 23 21	sta $2123	    sta REMOTE_ISN_TMP
.488f	8d 24 21	sta $2124	    sta REMOTE_ISN_TMP+1
.4892	60		rts		    rts
.4893					CLEAR_TCP_PAYLOAD:
.4893	a9 00		lda #$00	    lda #$00
.4895	a0 00		ldy #$00	    ldy #$00
.4897					_lp_copy:
.4897	99 1b 31	sta $311b,y	    sta TCP_DATA_PAYLOAD,Y
.489a	c0 ea		cpy #$ea	    cpy #234
.489c	f0 04		beq $48a2	    beq _done
.489e	c8		iny		    iny
.489f	4c 97 48	jmp $4897	    jmp _lp_copy
.48a2					_done:
.48a2	8d f7 30	sta $30f7	    sta TCP_DATA_PAYLOAD_SIZE
.48a5	8d f8 30	sta $30f8	    sta TCP_DATA_PAYLOAD_SIZE+1
.48a8	60		rts		    rts
.48a9					CALC_LOCAL_ISN:
.48a9	ad 19 21	lda $2119	    lda TCP_STATE
.48ac	c9 02		cmp #$02	    cmp #TCP_STATE_SYN_SENT
.48ae	f0 2e		beq $48de	    beq _add_one                        ; handshake->ACK must consume the SYN
.48b0	c9 04		cmp #$04	    cmp #TCP_STATE_ESTABLISHED          ; dont change seq # if not established
.48b2	f0 0c		beq $48c0	    beq _check_established_flags
.48b4	c9 07		cmp #$07	    cmp #TCP_STATE_CLOSE_WAIT
.48b6	d0 4d		bne $4905	    bne _done
.48b8	ad 14 31	lda $3114	    lda TCP_HDR_FLGS_OFFS+1
.48bb	29 01		and #$01	    and #TCP_FLAG_FIN
.48bd	d0 1f		bne $48de	    bne _add_one                        ; passive-close FIN consumes 1
.48bf	60		rts		    rts
.48c0					_check_established_flags:
.48c0	ad 14 31	lda $3114	    lda TCP_HDR_FLGS_OFFS+1
.48c3	29 01		and #$01	    and #TCP_FLAG_FIN
.48c5	d0 17		bne $48de	    bne _add_one                        ; if FIN present, add 1
.48c7	ad 14 31	lda $3114	    lda TCP_HDR_FLGS_OFFS+1
.48ca	29 08		and #$08	    and #TCP_FLAG_PSH
.48cc	d0 07		bne $48d5	    bne _add_payload_size               ; if PSH or FIN present, do bump
.48ce	ad 14 31	lda $3114	    lda TCP_HDR_FLGS_OFFS+1
.48d1	c9 10		cmp #$10	    cmp #TCP_FLAG_ACK
.48d3	f0 30		beq $4905	    beq _done                        ; if it's _exactly_ ACK, skip bump
.48d5					_add_payload_size:
.48d5	ad f7 30	lda $30f7	    lda TCP_DATA_PAYLOAD_SIZE
.48d8	8d 22 21	sta $2122	    sta LOCAL_ISN_TMP
.48db	4c e3 48	jmp $48e3	    jmp _update_seq
.48de					_add_one:
.48de	a9 01		lda #$01	    lda #$01
.48e0	8d 22 21	sta $2122	    sta LOCAL_ISN_TMP
.48e3					_update_seq:
.48e3	ad 21 21	lda $2121	    lda LOCAL_ISN+3
.48e6	18		clc		    clc
.48e7	6d 22 21	adc $2122	    adc LOCAL_ISN_TMP
.48ea	8d 21 21	sta $2121	    sta LOCAL_ISN+3
.48ed	ad 20 21	lda $2120	    lda LOCAL_ISN+2
.48f0	69 00		adc #$00	    adc #$00
.48f2	8d 20 21	sta $2120	    sta LOCAL_ISN+2
.48f5	ad 1f 21	lda $211f	    lda LOCAL_ISN+1
.48f8	69 00		adc #$00	    adc #$00
.48fa	8d 1f 21	sta $211f	    sta LOCAL_ISN+1
.48fd	ad 1e 21	lda $211e	    lda LOCAL_ISN+0
.4900	69 00		adc #$00	    adc #$00
.4902	8d 1e 21	sta $211e	    sta LOCAL_ISN+0
.4905					_done:
.4905	60		rts		    rts
.4906					CALC_REMOTE_ISN:
.4906	ad d3 2e	lda $2ed3	    lda TCP_RX_DATA_PAYLOAD_SIZE
.4909	18		clc		    clc
.490a	6d 3c 49	adc $493c	    adc REMOTE_ISN_BUMP
.490d	8d 23 21	sta $2123	    sta REMOTE_ISN_TMP            ; low byte
.4910	ad d4 2e	lda $2ed4	    lda TCP_RX_DATA_PAYLOAD_SIZE+1
.4913	69 00		adc #$00	    adc #$00
.4915	8d 24 21	sta $2124	    sta REMOTE_ISN_TMP+1         ; high byte
.4918	ad 1d 21	lda $211d	    lda REMOTE_ISN+3
.491b	18		clc		    clc
.491c	6d 23 21	adc $2123	    adc REMOTE_ISN_TMP
.491f	8d 1d 21	sta $211d	    sta REMOTE_ISN+3
.4922	ad 1c 21	lda $211c	    lda REMOTE_ISN+2
.4925	6d 24 21	adc $2124	    adc REMOTE_ISN_TMP+1
.4928	8d 1c 21	sta $211c	    sta REMOTE_ISN+2
.492b	ad 1b 21	lda $211b	    lda REMOTE_ISN+1
.492e	69 00		adc #$00	    adc #$00
.4930	8d 1b 21	sta $211b	    sta REMOTE_ISN+1
.4933	ad 1a 21	lda $211a	    lda REMOTE_ISN+0
.4936	69 00		adc #$00	    adc #$00
.4938	8d 1a 21	sta $211a	    sta REMOTE_ISN+0
.493b	60		rts		    rts
.493c					REMOTE_ISN_BUMP:
>493c	00				    .byte $00
.493d					CALC_RX_TCP_BYTE_COUNT:
.493d	ad 91 28	lda $2891	    lda ETH_RX_FRAME_PAYLOAD+0     ; Version(4) | IHL(4)
.4940	29 0f		and #$0f	    and #$0f                       ; IHL (words)
.4942	0a		asl a		    asl                            ; *2
.4943	0a		asl a		    asl                            ; *4 -> bytes (20..60)
.4944	8d c6 49	sta $49c6	    sta _TMP_IP_HDR_LEN
.4947	ad c6 49	lda $49c6	    lda _TMP_IP_HDR_LEN
.494a	c9 14		cmp #$14	    cmp #20
.494c	b0 02		bcs $4950	    bcs _ip_ge20
.494e	a9 14		lda #$14	    lda #20
.4950					_ip_ge20
.4950	c9 3c		cmp #$3c	    cmp #60
.4952	90 02		bcc $4956	    bcc _ip_ok
.4954	a9 3c		lda #$3c	    lda #60
.4956					_ip_ok
.4956	8d c6 49	sta $49c6	    sta _TMP_IP_HDR_LEN
.4959	a9 9d		lda #$9d	    lda #<ETH_RX_FRAME_PAYLOAD+12
.495b	18		clc		    clc
.495c	6d c6 49	adc $49c6	    adc _TMP_IP_HDR_LEN
.495f	8d 6a 49	sta $496a	    sta _rd_off_nib+1
.4962	a9 28		lda #$28	    lda #>ETH_RX_FRAME_PAYLOAD+12
.4964	69 00		adc #$00	    adc #$00
.4966	8d 6b 49	sta $496b	    sta _rd_off_nib+2
.4969					_rd_off_nib:
>4969	ad 00 00			    .byte $AD, $00, $00            ; LDA $0000 (patched above to IP+IHL*4+12)
.496c	29 f0		and #$f0	    and #$F0                       ; DataOffset (high nibble, words)
.496e	4a		lsr a		    lsr
.496f	4a		lsr a		    lsr
.4970	4a		lsr a		    lsr
.4971	4a		lsr a		    lsr                            ; -> words (5..15)
.4972	0a		asl a		    asl
.4973	0a		asl a		    asl                            ; *4 -> bytes (20..60)
.4974	8d c7 49	sta $49c7	    sta _TMP_TCP_HDR_LEN
.4977	ad c7 49	lda $49c7	    lda _TMP_TCP_HDR_LEN
.497a	c9 14		cmp #$14	    cmp #20
.497c	b0 02		bcs $4980	    bcs _tcp_ge20
.497e	a9 14		lda #$14	    lda #20
.4980					_tcp_ge20
.4980	c9 3c		cmp #$3c	    cmp #60
.4982	90 02		bcc $4986	    bcc _tcp_ok
.4984	a9 3c		lda #$3c	    lda #60
.4986					_tcp_ok
.4986	8d c7 49	sta $49c7	    sta _TMP_TCP_HDR_LEN
.4989	ad c6 49	lda $49c6	    lda _TMP_IP_HDR_LEN
.498c	18		clc		    clc
.498d	6d c7 49	adc $49c7	    adc _TMP_TCP_HDR_LEN
.4990	8d c8 49	sta $49c8	    sta TCP_DATA_OFFSET            ; (non-ZP byte you define in .bss/.data)
.4993	ad 94 28	lda $2894	    lda ETH_RX_FRAME_PAYLOAD+3     ; total len LSB
.4996	38		sec		    sec
.4997	ed c6 49	sbc $49c6	    sbc _TMP_IP_HDR_LEN
.499a	8d c2 49	sta $49c2	    sta _tmp_len_lo
.499d	ad 93 28	lda $2893	    lda ETH_RX_FRAME_PAYLOAD+2     ; total len MSB
.49a0	e9 00		sbc #$00	    sbc #$00
.49a2	8d c3 49	sta $49c3	    sta _tmp_len_hi
.49a5	ad c2 49	lda $49c2	    lda _tmp_len_lo
.49a8	38		sec		    sec
.49a9	ed c7 49	sbc $49c7	    sbc _TMP_TCP_HDR_LEN
.49ac	8d d3 2e	sta $2ed3	    sta TCP_RX_DATA_PAYLOAD_SIZE       ; LSB
.49af	ad c3 49	lda $49c3	    lda _tmp_len_hi
.49b2	e9 00		sbc #$00	    sbc #$00
.49b4	8d d4 2e	sta $2ed4	    sta TCP_RX_DATA_PAYLOAD_SIZE+1     ; MSB
.49b7	b0 08		bcs $49c1	    bcs _done                           ; carry=1 -> no borrow -> non-negative
.49b9	a9 00		lda #$00	    lda #$00
.49bb	8d d3 2e	sta $2ed3	    sta TCP_RX_DATA_PAYLOAD_SIZE
.49be	8d d4 2e	sta $2ed4	    sta TCP_RX_DATA_PAYLOAD_SIZE+1
.49c1					_done
.49c1	60		rts		    rts
>49c2	00				_tmp_len_lo:       .byte 0
>49c3	00				_tmp_len_hi:       .byte 0
.49c4					_TMP_LO:
>49c4	00				    .byte $00
.49c5					_TMP_HI:
>49c5	00				    .byte $00
.49c6					_TMP_IP_HDR_LEN:
>49c6	00				    .byte $00
.49c7					_TMP_TCP_HDR_LEN:
>49c7	00				    .byte $00
.49c8					TCP_DATA_OFFSET:
>49c8	00				    .byte $00
.49c9					TCP_HARD_RESET:
.49c9	a9 00		lda #$00	    lda #$00
.49cb	8d 45 21	sta $2145	    sta ETH_RX_TCP_FLAGS
.49ce	a9 00		lda #$00	    lda #$00
.49d0	8d 4c 21	sta $214c	    sta TIME_WAIT_COUNTER_LO
.49d3	8d 4d 21	sta $214d	    sta TIME_WAIT_COUNTER_HI
.49d6	8d 4e 21	sta $214e	    sta TIME_WAIT_FRAME_TICKS
.49d9	8d 4f 21	sta $214f	    sta TIME_WAIT_LAST_RASTER_LO
.49dc	8d 50 21	sta $2150	    sta TIME_WAIT_LAST_RASTER_HI
.49df	a9 00		lda #$00	    lda #$00
.49e1	8d 22 21	sta $2122	    sta LOCAL_ISN_TMP
.49e4	20 7e 48	jsr $487e	    jsr CLEAR_REMOTE_ISN
.49e7	ad 92 21	lda $2192	    lda RBUF_HEAD_HI
.49ea	8d 94 21	sta $2194	    sta RBUF_TAIL_HI
.49ed	ad 91 21	lda $2191	    lda RBUF_HEAD_LO
.49f0	8d 93 21	sta $2193	    sta RBUF_TAIL_LO
.49f3	20 a7 69	jsr $69a7	    jsr TCP_TX_RESET
.49f6	a9 00		lda #$00	    lda #$00
.49f8	8d 18 21	sta $2118	    sta ETH_STATE            ; if you use it for TX/RX gate
.49fb	a9 00		lda #$00	    lda #TCP_STATE_CLOSED
.49fd	8d 19 21	sta $2119	    sta TCP_STATE
.4a00	a9 00		lda #$00	    lda #$00
.4a02	8d 3c 49	sta $493c	    sta REMOTE_ISN_BUMP
.4a05	a9 00		lda #$00	    lda #$00
.4a07	8d f7 30	sta $30f7	    sta TCP_DATA_PAYLOAD_SIZE
.4a0a	8d f8 30	sta $30f8	    sta TCP_DATA_PAYLOAD_SIZE+1
.4a0d	20 dc 3b	jsr $3bdc	    jsr TCP_OOO_CLEAR
.4a10	ad 19 4a	lda $4a19	    lda TCP_EVENT_FLAG
.4a13	09 01		ora #$01	    ora #$01
.4a15	8d 19 4a	sta $4a19	    sta TCP_EVENT_FLAG
.4a18	60		rts		    rts
.4a19					TCP_EVENT_FLAG
>4a19	00				    .byte $00
.4a1a					ETH_STATUS_POLL:
.4a1a	a9 08		lda #$08	    lda #ETH_RCV_BURST_MAX
.4a1c	8d b3 21	sta $21b3	    sta ETH_RCV_BURST_LEFT
.4a1f					_rx_burst_loop:
.4a1f	20 2f 63	jsr $632f	    jsr ETH_RCV
.4a22	ce b3 21	dec $21b3	    dec ETH_RCV_BURST_LEFT
.4a25	f0 07		beq $4a2e	    beq _rx_burst_done
.4a27	ad e1 d6	lda $d6e1	    lda MEGA65_ETH_CTRL2
.4a2a	29 20		and #$20	    and #%00100000
.4a2c	d0 f1		bne $4a1f	    bne _rx_burst_loop
.4a2e					_rx_burst_done:
.4a2e	20 fa 4e	jsr $4efa	    jsr ARP_CACHE_PURGE
.4a31	ad 19 21	lda $2119	    lda TCP_STATE
.4a34	c9 04		cmp #$04	    cmp #TCP_STATE_ESTABLISHED
.4a36	d0 06		bne $4a3e	    bne _check_synack_tick
.4a38	20 43 6a	jsr $6a43	    jsr TCP_TX_TICK
.4a3b	4c 53 4a	jmp $4a53	    jmp _after_tcp_ticks
.4a3e					_check_synack_tick:
.4a3e	c9 03		cmp #$03	    cmp #TCP_STATE_SYN_RECEIVED
.4a40	d0 06		bne $4a48	    bne _check_fin_tick
.4a42	20 b2 67	jsr $67b2	    jsr TCP_SYNACK_TICK
.4a45	4c 53 4a	jmp $4a53	    jmp _after_tcp_ticks
.4a48					_check_fin_tick:
.4a48	c9 05		cmp #$05	    cmp #TCP_STATE_FIN_WAIT_1
.4a4a	f0 04		beq $4a50	    beq _tick_fin_retry
.4a4c	c9 09		cmp #$09	    cmp #TCP_STATE_LAST_ACK
.4a4e	d0 03		bne $4a53	    bne _after_tcp_ticks
.4a50					_tick_fin_retry:
.4a50	20 97 73	jsr $7397	    jsr TCP_FIN_RETRY_TICK
.4a53					_after_tcp_ticks:
.4a53	20 34 4f	jsr $4f34	    jsr ARP_RETRY_TICK
.4a56	20 f5 53	jsr $53f5	    jsr DNS_TICK
.4a59	20 7b 5a	jsr $5a7b	    jsr DHCP_STATUS_TICK
.4a5c	20 97 3c	jsr $3c97	    jsr TCP_OOO_TRY_FLUSH
.4a5f	f0 0a		beq $4a6b	    beq _no_ooo_flush_ack
.4a61	a9 10		lda #$10	    lda #TCP_FLAG_ACK
.4a63	20 0e 43	jsr $430e	    jsr ETH_BUILD_TCPIP_PACKET
.4a66	b0 03		bcs $4a6b	    bcs _no_ooo_flush_ack
.4a68	20 b0 3f	jsr $3fb0	    jsr DEFER_CURRENT_TX
.4a6b					_no_ooo_flush_ack:
.4a6b	20 9c 4a	jsr $4a9c	    jsr ETH_MAYBE_WINUPDATE
.4a6e	20 7f 36	jsr $367f	    jsr ETH_PROCESS_DEFERRED
.4a71	ad 19 21	lda $2119	    lda TCP_STATE
.4a74	c9 0a		cmp #$0a	    cmp #TCP_STATE_TIME_WAIT
.4a76	d0 03		bne $4a7b	    bne _check_events
.4a78	20 de 3f	jsr $3fde	    jsr TIME_WAIT_TICK
.4a7b					_check_events:
.4a7b	ad 19 4a	lda $4a19	    lda TCP_EVENT_FLAG
.4a7e	f0 08		beq $4a88	    beq _check_state          ; no events -> fall through
.4a80	48		pha		    pha
.4a81	a9 00		lda #$00	    lda #$00
.4a83	8d 19 4a	sta $4a19	    sta TCP_EVENT_FLAG        ; clear sticky bits after read
.4a86	68		pla		    pla
.4a87	60		rts		    rts
.4a88					_check_state:
.4a88	ad 19 21	lda $2119	    lda TCP_STATE
.4a8b	c9 04		cmp #$04	    cmp #TCP_STATE_ESTABLISHED
.4a8d	f0 07		beq $4a96	    beq _connected
.4a8f	c9 00		cmp #$00	    cmp #TCP_STATE_CLOSED
.4a91	f0 06		beq $4a99	    beq _disconnected
.4a93	a9 00		lda #$00	    lda #$00
.4a95	60		rts		    rts
.4a96					_connected:
.4a96	a9 00		lda #$00	    lda #$00
.4a98	60		rts		    rts
.4a99					_disconnected:
.4a99	a9 01		lda #$01	    lda #$01
.4a9b	60		rts		    rts
.4a9c					ETH_MAYBE_WINUPDATE:
.4a9c	ad 19 21	lda $2119	    lda TCP_STATE
.4a9f	c9 04		cmp #$04	    cmp #TCP_STATE_ESTABLISHED
.4aa1	d3 e8 00	bne $4b8b	    bne _ret                    ; only while connected
.4aa4	ad 06 21	lda $2106	    lda REMOTE_IP
.4aa7	0d 07 21	ora $2107	    ora REMOTE_IP+1
.4aaa	0d 08 21	ora $2108	    ora REMOTE_IP+2
.4aad	0d 09 21	ora $2109	    ora REMOTE_IP+3
.4ab0	f3 d9 00	beq $4b8b	    beq _ret                    ; don't send if peer IP unknown
.4ab3	ad 0a 21	lda $210a	    lda REMOTE_PORT
.4ab6	0d 0b 21	ora $210b	    ora REMOTE_PORT+1
.4ab9	f3 d0 00	beq $4b8b	    beq _ret                    ; don't send if peer port unknown
.4abc	20 e7 6d	jsr $6de7	    jsr READ_HEAD_ATOMIC              ; fills TMP_HEAD_LO/TMP_HEAD_HI
.4abf	20 d2 6d	jsr $6dd2	    jsr READ_TAIL_ATOMIC              ; fills TMP_TAIL_LO/TMP_TAIL_HI
.4ac2	ad 95 21	lda $2195	    lda TMP_TAIL_LO
.4ac5	38		sec		    sec
.4ac6	ed 97 21	sbc $2197	    sbc TMP_HEAD_LO
.4ac9	8d 8c 4b	sta $4b8c	    sta _cur_free_lo
.4acc	ad 96 21	lda $2196	    lda TMP_TAIL_HI
.4acf	ed 98 21	sbc $2198	    sbc TMP_HEAD_HI
.4ad2	29 0f		and #$0f	    and #RING_BUFFER_PAGE_MASK
.4ad4	8d 8d 4b	sta $4b8d	    sta _cur_free_hi
.4ad7	38		sec		    sec
.4ad8	ad 8c 4b	lda $4b8c	    lda _cur_free_lo
.4adb	e9 01		sbc #$01	    sbc #1
.4add	8d 8c 4b	sta $4b8c	    sta _cur_free_lo
.4ae0	ad 8d 4b	lda $4b8d	    lda _cur_free_hi
.4ae3	e9 00		sbc #$00	    sbc #0
.4ae5	29 0f		and #$0f	    and #RING_BUFFER_PAGE_MASK
.4ae7	8d 8d 4b	sta $4b8d	    sta _cur_free_hi
.4aea	ad 8c 4b	lda $4b8c	    lda _cur_free_lo
.4aed	0d 8d 4b	ora $4b8d	    ora _cur_free_hi
.4af0	f3 99 00	beq $4b8b	    beq _ret
.4af3	ad 8d 4b	lda $4b8d	    lda _cur_free_hi
.4af6	c9 04		cmp #$04	    cmp #TCP_RECV_WINDOW_CAP_HI
.4af8	90 13		bcc $4b0d	    bcc _cur_window_clamped
.4afa	d0 07		bne $4b03	    bne _cur_window_use_cap
.4afc	ad 8c 4b	lda $4b8c	    lda _cur_free_lo
.4aff	c9 01		cmp #$01	    cmp #TCP_RECV_WINDOW_CAP_LO+1
.4b01	90 0a		bcc $4b0d	    bcc _cur_window_clamped
.4b03					_cur_window_use_cap:
.4b03	a9 00		lda #$00	    lda #TCP_RECV_WINDOW_CAP_LO
.4b05	8d 8c 4b	sta $4b8c	    sta _cur_free_lo
.4b08	a9 04		lda #$04	    lda #TCP_RECV_WINDOW_CAP_HI
.4b0a	8d 8d 4b	sta $4b8d	    sta _cur_free_hi
.4b0d					_cur_window_clamped:
.4b0d	ad 9f 21	lda $219f	    lda ADV_WINDOW_LAST_LO
.4b10	0d a0 21	ora $21a0	    ora ADV_WINDOW_LAST_HI
.4b13	f0 51		beq $4b66	    beq _send_update
.4b15	ad 8d 4b	lda $4b8d	    lda _cur_free_hi
.4b18	cd a0 21	cmp $21a0	    cmp ADV_WINDOW_LAST_HI
.4b1b	90 6e		bcc $4b8b	    bcc _ret
.4b1d	d0 0a		bne $4b29	    bne _cur_gt_last
.4b1f	ad 8c 4b	lda $4b8c	    lda _cur_free_lo
.4b22	cd 9f 21	cmp $219f	    cmp ADV_WINDOW_LAST_LO
.4b25	90 64		bcc $4b8b	    bcc _ret
.4b27	f0 62		beq $4b8b	    beq _ret
.4b29					_cur_gt_last:
.4b29	38		sec		    sec
.4b2a	ad 8c 4b	lda $4b8c	    lda _cur_free_lo
.4b2d	ed 9f 21	sbc $219f	    sbc ADV_WINDOW_LAST_LO
.4b30	8d 8e 4b	sta $4b8e	    sta _win_delta_lo
.4b33	ad 8d 4b	lda $4b8d	    lda _cur_free_hi
.4b36	ed a0 21	sbc $21a0	    sbc ADV_WINDOW_LAST_HI
.4b39	8d 8f 4b	sta $4b8f	    sta _win_delta_hi
.4b3c	ad 8f 4b	lda $4b8f	    lda _win_delta_hi
.4b3f	c9 00		cmp #$00	    cmp #WINUPDATE_GROW_HI
.4b41	90 48		bcc $4b8b	    bcc _ret
.4b43	d0 21		bne $4b66	    bne _send_update
.4b45	ad 8e 4b	lda $4b8e	    lda _win_delta_lo
.4b48	c9 80		cmp #$80	    cmp #WINUPDATE_GROW_LO
.4b4a	90 3f		bcc $4b8b	    bcc _ret
.4b4c	4c 66 4b	jmp $4b66	    jmp _send_update
.4b4f	ad 9f 21	lda $219f	    lda ADV_WINDOW_LAST_LO
.4b52	0d a0 21	ora $21a0	    ora ADV_WINDOW_LAST_HI
.4b55	d0 34		bne $4b8b	    bne _ret                           ; last adv wasn't zero -> nothing to do
.4b57	ad 8c 4b	lda $4b8c	    lda _cur_free_lo
.4b5a	0d 8d 4b	ora $4b8d	    ora _cur_free_hi
.4b5d	f0 2c		beq $4b8b	    beq _ret
.4b5f	ad 8c 4b	lda $4b8c	    lda _cur_free_lo                   ; low byte compare is fine with threshold=1
.4b62	c9 01		cmp #$01	    cmp #WINUPDATE_THRESHOLD
.4b64	90 25		bcc $4b8b	    bcc _ret
.4b66					_send_update:
.4b66	a9 00		lda #$00	    lda #$00
.4b68	8d f7 30	sta $30f7	    sta TCP_DATA_PAYLOAD_SIZE
.4b6b	8d f8 30	sta $30f8	    sta TCP_DATA_PAYLOAD_SIZE+1
.4b6e	a9 10		lda #$10	    lda #TCP_FLAG_ACK
.4b70	20 0e 43	jsr $430e	    jsr ETH_BUILD_TCPIP_PACKET
.4b73	b0 16		bcs $4b8b	    bcs _ret
.4b75	20 70 42	jsr $4270	    jsr ETH_PACKET_SEND
.4b78	b0 11		bcs $4b8b	    bcs _ret
.4b7a	a9 00		lda #$00	    lda #$00
.4b7c	8d 52 21	sta $2152	    sta ACK_REPLY_PENDING
.4b7f	ad 8c 4b	lda $4b8c	    lda _cur_free_lo
.4b82	8d 9f 21	sta $219f	    sta ADV_WINDOW_LAST_LO
.4b85	ad 8d 4b	lda $4b8d	    lda _cur_free_hi
.4b88	8d a0 21	sta $21a0	    sta ADV_WINDOW_LAST_HI
.4b8b					_ret:
.4b8b	60		rts		    rts
>4b8c	00				_cur_free_lo: .byte 0
>4b8d	00				_cur_free_hi: .byte 0
>4b8e	00				_win_delta_lo: .byte 0
>4b8f	00				_win_delta_hi: .byte 0

;******  Processing file: C:\projects\_M65\_xlar54\mega-ip-master\src\arp.asm

=$00					ARP_STATE_IDLE      = $00
=$01					ARP_STATE_WAIT      = $01
=15					ARP_TIMEOUT_TICKS   = 15
=8					ARP_MAX_RETRIES     = 8
>4b90	00				ARP_STATE:        .byte $00
>4b91	00				ARP_RETRY_TICKS:  .byte $00
>4b92	00				ARP_RETRY_LEFT:   .byte $00
>4b93	00				ARP_LAST_RASTER_LO: .byte $00
>4b94	00				ARP_LAST_RASTER_HI: .byte $00
>4b95	00				ARP_CUR_RASTER_LO:  .byte $00
>4b96	00				ARP_CUR_RASTER_HI:  .byte $00
.4b97					ARP_REQUEST_IP:
>4b97	00 00 00 00			    .byte $00, $00, $00, $00
.4b9b					ARP_REQUEST:
.4b9b	a9 ff		lda #$ff	    lda #$ff
.4b9d	8d 35 22	sta $2235	    sta ETH_TX_FRAME_DEST_MAC
.4ba0	8d 36 22	sta $2236	    sta ETH_TX_FRAME_DEST_MAC+1
.4ba3	8d 37 22	sta $2237	    sta ETH_TX_FRAME_DEST_MAC+2
.4ba6	8d 38 22	sta $2238	    sta ETH_TX_FRAME_DEST_MAC+3
.4ba9	8d 39 22	sta $2239	    sta ETH_TX_FRAME_DEST_MAC+4
.4bac	8d 3a 22	sta $223a	    sta ETH_TX_FRAME_DEST_MAC+5
.4baf	a9 08		lda #$08	    lda #$08
.4bb1	8d 41 22	sta $2241	    sta ETH_TX_TYPE
.4bb4	a9 06		lda #$06	    lda #$06
.4bb6	8d 42 22	sta $2242	    sta ETH_TX_TYPE + 1
.4bb9	a9 00		lda #$00	    lda #$00
.4bbb	8d 43 22	sta $2243	    sta ETH_TX_FRAME_PAYLOAD+0     ; HTYPE - hardware type = 1 (Ethernet)
.4bbe	a9 01		lda #$01	    lda #$01
.4bc0	8d 44 22	sta $2244	    sta ETH_TX_FRAME_PAYLOAD+1
.4bc3	a9 08		lda #$08	    lda #$08
.4bc5	8d 45 22	sta $2245	    sta ETH_TX_FRAME_PAYLOAD+2     ; PTYPE - protocol type = 0x0800 (ipv4)
.4bc8	a9 00		lda #$00	    lda #$00
.4bca	8d 46 22	sta $2246	    sta ETH_TX_FRAME_PAYLOAD+3
.4bcd	a9 06		lda #$06	    lda #$06
.4bcf	8d 47 22	sta $2247	    sta ETH_TX_FRAME_PAYLOAD+4     ; HLEN - hardware size (mac address = 6 bytes)
.4bd2	a9 04		lda #$04	    lda #$04
.4bd4	8d 48 22	sta $2248	    sta ETH_TX_FRAME_PAYLOAD+5     ; PLEN - protocol size (ipv4 = 4 bytes)
.4bd7	a9 00		lda #$00	    lda #$00
.4bd9	8d 49 22	sta $2249	    sta ETH_TX_FRAME_PAYLOAD+6     ; OPER - opcode 1 = request
.4bdc	a9 01		lda #$01	    lda #$01
.4bde	8d 4a 22	sta $224a	    sta ETH_TX_FRAME_PAYLOAD+7
.4be1	ad e9 d6	lda $d6e9	    lda MEGA65_ETH_MAC+0     ; SHA - src mac address
.4be4	8d 4b 22	sta $224b	    sta ETH_TX_FRAME_PAYLOAD+8
.4be7	ad ea d6	lda $d6ea	    lda MEGA65_ETH_MAC+1
.4bea	8d 4c 22	sta $224c	    sta ETH_TX_FRAME_PAYLOAD+9
.4bed	ad eb d6	lda $d6eb	    lda MEGA65_ETH_MAC+2
.4bf0	8d 4d 22	sta $224d	    sta ETH_TX_FRAME_PAYLOAD+10
.4bf3	ad ec d6	lda $d6ec	    lda MEGA65_ETH_MAC+3
.4bf6	8d 4e 22	sta $224e	    sta ETH_TX_FRAME_PAYLOAD+11
.4bf9	ad ed d6	lda $d6ed	    lda MEGA65_ETH_MAC+4
.4bfc	8d 4f 22	sta $224f	    sta ETH_TX_FRAME_PAYLOAD+12
.4bff	ad ee d6	lda $d6ee	    lda MEGA65_ETH_MAC+5
.4c02	8d 50 22	sta $2250	    sta ETH_TX_FRAME_PAYLOAD+13
.4c05	ad 00 21	lda $2100	    lda LOCAL_IP+0                  ; SPA - src IP address
.4c08	8d 51 22	sta $2251	    sta ETH_TX_FRAME_PAYLOAD+14
.4c0b	ad 01 21	lda $2101	    lda LOCAL_IP+1
.4c0e	8d 52 22	sta $2252	    sta ETH_TX_FRAME_PAYLOAD+15
.4c11	ad 02 21	lda $2102	    lda LOCAL_IP+2
.4c14	8d 53 22	sta $2253	    sta ETH_TX_FRAME_PAYLOAD+16
.4c17	ad 03 21	lda $2103	    lda LOCAL_IP+3
.4c1a	8d 54 22	sta $2254	    sta ETH_TX_FRAME_PAYLOAD+17
.4c1d	a9 00		lda #$00	    lda #$00                        ; THA - target mac address (we dont know it yet!)
.4c1f	8d 55 22	sta $2255	    sta ETH_TX_FRAME_PAYLOAD+18
.4c22	8d 56 22	sta $2256	    sta ETH_TX_FRAME_PAYLOAD+19
.4c25	8d 57 22	sta $2257	    sta ETH_TX_FRAME_PAYLOAD+20
.4c28	8d 58 22	sta $2258	    sta ETH_TX_FRAME_PAYLOAD+21
.4c2b	8d 59 22	sta $2259	    sta ETH_TX_FRAME_PAYLOAD+22
.4c2e	8d 5a 22	sta $225a	    sta ETH_TX_FRAME_PAYLOAD+23
.4c31	ad 97 4b	lda $4b97	    lda ARP_REQUEST_IP+0                 ; TPA - target IP address
.4c34	8d 5b 22	sta $225b	    sta ETH_TX_FRAME_PAYLOAD+24
.4c37	ad 98 4b	lda $4b98	    lda ARP_REQUEST_IP+1
.4c3a	8d 5c 22	sta $225c	    sta ETH_TX_FRAME_PAYLOAD+25
.4c3d	ad 99 4b	lda $4b99	    lda ARP_REQUEST_IP+2
.4c40	8d 5d 22	sta $225d	    sta ETH_TX_FRAME_PAYLOAD+26
.4c43	ad 9a 4b	lda $4b9a	    lda ARP_REQUEST_IP+3
.4c46	8d 5e 22	sta $225e	    sta ETH_TX_FRAME_PAYLOAD+27
.4c49	a0 00		ldy #$00	    ldy #$00
.4c4b	a9 00		lda #$00	    lda #$00
.4c4d	99 5f 22	sta $225f,y	 -  sta ETH_TX_FRAME_PAYLOAD+28,y
.4c50	c8		iny		    iny
.4c51	c0 12		cpy #$12	    cpy #18
.4c53	d0 f8		bne $4c4d	    bne -
.4c55	a9 3c		lda #$3c	    lda #$3c
.4c57	8d 46 21	sta $2146	    sta ETH_TX_LEN_LSB
.4c5a	a9 00		lda #$00	    lda #$00
.4c5c	8d 47 21	sta $2147	    sta ETH_TX_LEN_MSB
.4c5f	a9 01		lda #$01	    lda #$01              ; ARP_WAITING
.4c61	8d 18 21	sta $2118	    sta ETH_STATE
.4c64	20 b0 3f	jsr $3fb0	    jsr DEFER_CURRENT_TX
.4c67	20 7f 36	jsr $367f	    jsr ETH_PROCESS_DEFERRED
.4c6a	ad 90 4b	lda $4b90	    lda ARP_STATE
.4c6d	c9 01		cmp #$01	    cmp #ARP_STATE_WAIT
.4c6f	f0 05		beq $4c76	    beq _already_waiting          ; if we're already in a wait cycle, don't
.4c71	a9 08		lda #$08	    lda #ARP_MAX_RETRIES
.4c73	8d 92 4b	sta $4b92	    sta ARP_RETRY_LEFT
.4c76					_already_waiting:
.4c76	a9 0f		lda #$0f	    lda #ARP_TIMEOUT_TICKS
.4c78	8d 91 4b	sta $4b91	    sta ARP_RETRY_TICKS           ; (re)load the timeout for the next resend
.4c7b	20 25 4f	jsr $4f25	    jsr ARP_READ_RASTER
.4c7e	ad 95 4b	lda $4b95	    lda ARP_CUR_RASTER_LO
.4c81	8d 93 4b	sta $4b93	    sta ARP_LAST_RASTER_LO
.4c84	ad 96 4b	lda $4b96	    lda ARP_CUR_RASTER_HI
.4c87	8d 94 4b	sta $4b94	    sta ARP_LAST_RASTER_HI
.4c8a	a9 01		lda #$01	    lda #ARP_STATE_WAIT
.4c8c	8d 90 4b	sta $4b90	    sta ARP_STATE
.4c8f	60		rts		    rts
.4c90					ARP_REPLY:
.4c90	ad 97 28	lda $2897	    lda ETH_RX_FRAME_PAYLOAD+6     ; OPER MSB
.4c93	d0 43		bne $4cd8	    bne _not_ours
.4c95	ad 98 28	lda $2898	    lda ETH_RX_FRAME_PAYLOAD+7     ; OPER LSB
.4c98	c9 01		cmp #$01	    cmp #$01                       ; REQUEST?
.4c9a	d0 3c		bne $4cd8	    bne _not_ours
.4c9c	ad 91 28	lda $2891	    lda ETH_RX_FRAME_PAYLOAD+0
.4c9f	c9 00		cmp #$00	    cmp #$00
.4ca1	d0 35		bne $4cd8	    bne _not_ours  ; HTYPE msb
.4ca3	ad 92 28	lda $2892	    lda ETH_RX_FRAME_PAYLOAD+1
.4ca6	c9 01		cmp #$01	    cmp #$01
.4ca8	d0 2e		bne $4cd8	    bne _not_ours  ; HTYPE=1
.4caa	ad 93 28	lda $2893	    lda ETH_RX_FRAME_PAYLOAD+2
.4cad	c9 08		cmp #$08	    cmp #$08
.4caf	d0 27		bne $4cd8	    bne _not_ours
.4cb1	ad 94 28	lda $2894	    lda ETH_RX_FRAME_PAYLOAD+3
.4cb4	c9 00		cmp #$00	    cmp #$00
.4cb6	d0 20		bne $4cd8	    bne _not_ours  ; PTYPE=0x0800
.4cb8	ad 95 28	lda $2895	    lda ETH_RX_FRAME_PAYLOAD+4
.4cbb	c9 06		cmp #$06	    cmp #$06
.4cbd	d0 19		bne $4cd8	    bne _not_ours  ; HLEN=6
.4cbf	ad 96 28	lda $2896	    lda ETH_RX_FRAME_PAYLOAD+5
.4cc2	c9 04		cmp #$04	    cmp #$04
.4cc4	d0 12		bne $4cd8	    bne _not_ours  ; PLEN=4
.4cc6					_check_target_ip:
.4cc6	a2 04		ldx #$04	    ldx #$04                            ; count = 4
.4cc8					_loop_compare2:
.4cc8	ca		dex		    dex
.4cc9	bd 00 21	lda $2100,x	    lda LOCAL_IP,x                      ; local IP address byte
.4ccc	dd a9 28	cmp $28a9,x	    cmp ETH_RX_FRAME_PAYLOAD+24,x
.4ccf	d0 07		bne $4cd8	    bne _not_ours
.4cd1	e0 00		cpx #$00	    cpx #$00
.4cd3	d0 f3		bne $4cc8	    bne _loop_compare2
.4cd5	4c d9 4c	jmp $4cd9	    jmp _build_reply
.4cd8					_not_ours:
.4cd8	60		rts		    rts
.4cd9					_build_reply:
.4cd9	ad 89 28	lda $2889	    lda ETH_RX_FRAME_SRC_MAC+0
.4cdc	8d e6 4f	sta $4fe6	    sta ARP_REPLY_PACKET+0
.4cdf	ad 8a 28	lda $288a	    lda ETH_RX_FRAME_SRC_MAC+1
.4ce2	8d e7 4f	sta $4fe7	    sta ARP_REPLY_PACKET+1
.4ce5	ad 8b 28	lda $288b	    lda ETH_RX_FRAME_SRC_MAC+2
.4ce8	8d e8 4f	sta $4fe8	    sta ARP_REPLY_PACKET+2
.4ceb	ad 8c 28	lda $288c	    lda ETH_RX_FRAME_SRC_MAC+3
.4cee	8d e9 4f	sta $4fe9	    sta ARP_REPLY_PACKET+3
.4cf1	ad 8d 28	lda $288d	    lda ETH_RX_FRAME_SRC_MAC+4
.4cf4	8d ea 4f	sta $4fea	    sta ARP_REPLY_PACKET+4
.4cf7	ad 8e 28	lda $288e	    lda ETH_RX_FRAME_SRC_MAC+5
.4cfa	8d eb 4f	sta $4feb	    sta ARP_REPLY_PACKET+5
.4cfd	ad e9 d6	lda $d6e9	    lda MEGA65_ETH_MAC+0
.4d00	8d ec 4f	sta $4fec	    sta ARP_REPLY_PACKET+6
.4d03	ad ea d6	lda $d6ea	    lda MEGA65_ETH_MAC+1
.4d06	8d ed 4f	sta $4fed	    sta ARP_REPLY_PACKET+7
.4d09	ad eb d6	lda $d6eb	    lda MEGA65_ETH_MAC+2
.4d0c	8d ee 4f	sta $4fee	    sta ARP_REPLY_PACKET+8
.4d0f	ad ec d6	lda $d6ec	    lda MEGA65_ETH_MAC+3
.4d12	8d ef 4f	sta $4fef	    sta ARP_REPLY_PACKET+9
.4d15	ad ed d6	lda $d6ed	    lda MEGA65_ETH_MAC+4
.4d18	8d f0 4f	sta $4ff0	    sta ARP_REPLY_PACKET+10
.4d1b	ad ee d6	lda $d6ee	    lda MEGA65_ETH_MAC+5
.4d1e	8d f1 4f	sta $4ff1	    sta ARP_REPLY_PACKET+11
.4d21	a9 08		lda #$08	    lda #$08
.4d23	8d f2 4f	sta $4ff2	    sta ARP_REPLY_PACKET+12
.4d26	a9 06		lda #$06	    lda #$06
.4d28	8d f3 4f	sta $4ff3	    sta ARP_REPLY_PACKET+13
.4d2b	a9 00		lda #$00	    lda #$00
.4d2d	8d f4 4f	sta $4ff4	    sta ARP_REPLY_PACKET+14
.4d30	a9 01		lda #$01	    lda #$01
.4d32	8d f5 4f	sta $4ff5	    sta ARP_REPLY_PACKET+15
.4d35	a9 08		lda #$08	    lda #$08
.4d37	8d f6 4f	sta $4ff6	    sta ARP_REPLY_PACKET+16
.4d3a	a9 00		lda #$00	    lda #$00
.4d3c	8d f7 4f	sta $4ff7	    sta ARP_REPLY_PACKET+17
.4d3f	a9 06		lda #$06	    lda #$06
.4d41	8d f8 4f	sta $4ff8	    sta ARP_REPLY_PACKET+18
.4d44	a9 04		lda #$04	    lda #$04
.4d46	8d f9 4f	sta $4ff9	    sta ARP_REPLY_PACKET+19
.4d49	a9 00		lda #$00	    lda #$00
.4d4b	8d fa 4f	sta $4ffa	    sta ARP_REPLY_PACKET+20
.4d4e	a9 02		lda #$02	    lda #$02
.4d50	8d fb 4f	sta $4ffb	    sta ARP_REPLY_PACKET+21
.4d53	ad e9 d6	lda $d6e9	    lda MEGA65_ETH_MAC+0
.4d56	8d fc 4f	sta $4ffc	    sta ARP_REPLY_PACKET+22
.4d59	ad ea d6	lda $d6ea	    lda MEGA65_ETH_MAC+1
.4d5c	8d fd 4f	sta $4ffd	    sta ARP_REPLY_PACKET+23
.4d5f	ad eb d6	lda $d6eb	    lda MEGA65_ETH_MAC+2
.4d62	8d fe 4f	sta $4ffe	    sta ARP_REPLY_PACKET+24
.4d65	ad ec d6	lda $d6ec	    lda MEGA65_ETH_MAC+3
.4d68	8d ff 4f	sta $4fff	    sta ARP_REPLY_PACKET+25
.4d6b	ad ed d6	lda $d6ed	    lda MEGA65_ETH_MAC+4
.4d6e	8d 00 50	sta $5000	    sta ARP_REPLY_PACKET+26
.4d71	ad ee d6	lda $d6ee	    lda MEGA65_ETH_MAC+5
.4d74	8d 01 50	sta $5001	    sta ARP_REPLY_PACKET+27
.4d77	ad 00 21	lda $2100	    lda LOCAL_IP+0
.4d7a	8d 02 50	sta $5002	    sta ARP_REPLY_PACKET+28
.4d7d	ad 01 21	lda $2101	    lda LOCAL_IP+1
.4d80	8d 03 50	sta $5003	    sta ARP_REPLY_PACKET+29
.4d83	ad 02 21	lda $2102	    lda LOCAL_IP+2
.4d86	8d 04 50	sta $5004	    sta ARP_REPLY_PACKET+30
.4d89	ad 03 21	lda $2103	    lda LOCAL_IP+3
.4d8c	8d 05 50	sta $5005	    sta ARP_REPLY_PACKET+31
.4d8f	ad 89 28	lda $2889	    lda ETH_RX_FRAME_SRC_MAC+0
.4d92	8d 06 50	sta $5006	    sta ARP_REPLY_PACKET+32
.4d95	ad 8a 28	lda $288a	    lda ETH_RX_FRAME_SRC_MAC+1
.4d98	8d 07 50	sta $5007	    sta ARP_REPLY_PACKET+33
.4d9b	ad 8b 28	lda $288b	    lda ETH_RX_FRAME_SRC_MAC+2
.4d9e	8d 08 50	sta $5008	    sta ARP_REPLY_PACKET+34
.4da1	ad 8c 28	lda $288c	    lda ETH_RX_FRAME_SRC_MAC+3
.4da4	8d 09 50	sta $5009	    sta ARP_REPLY_PACKET+35
.4da7	ad 8d 28	lda $288d	    lda ETH_RX_FRAME_SRC_MAC+4
.4daa	8d 0a 50	sta $500a	    sta ARP_REPLY_PACKET+36
.4dad	ad 8e 28	lda $288e	    lda ETH_RX_FRAME_SRC_MAC+5
.4db0	8d 0b 50	sta $500b	    sta ARP_REPLY_PACKET+37
.4db3	ad 9f 28	lda $289f	    lda ETH_RX_FRAME_PAYLOAD+14
.4db6	8d 0c 50	sta $500c	    sta ARP_REPLY_PACKET+38
.4db9	ad a0 28	lda $28a0	    lda ETH_RX_FRAME_PAYLOAD+15
.4dbc	8d 0d 50	sta $500d	    sta ARP_REPLY_PACKET+39
.4dbf	ad a1 28	lda $28a1	    lda ETH_RX_FRAME_PAYLOAD+16
.4dc2	8d 0e 50	sta $500e	    sta ARP_REPLY_PACKET+40
.4dc5	ad a2 28	lda $28a2	    lda ETH_RX_FRAME_PAYLOAD+17
.4dc8	8d 0f 50	sta $500f	    sta ARP_REPLY_PACKET+41
.4dcb	a9 01		lda #$01	    lda #$01
.4dcd	8d 22 50	sta $5022	    sta ARP_REPLY_PENDING
.4dd0	60		rts		    rts
.4dd1					ARP_UPDATE_CACHE:
.4dd1	a2 04		ldx #$04	    ldx #$04
.4dd3	ca		dex		-   dex
.4dd4	bd 9f 28	lda $289f,x	    lda ETH_RX_FRAME_PAYLOAD+14,x   ; sender protocol address (SPA)
.4dd7	dd 97 4b	cmp $4b97,x	    cmp ARP_REQUEST_IP+0,x
.4dda	d0 07		bne $4de3	    bne _not_for_us
.4ddc	e0 00		cpx #$00	    cpx #$00
.4dde	d0 f3		bne $4dd3	    bne -
.4de0	4c e6 4d	jmp $4de6	    jmp _do_update
.4de3					 _not_for_us
.4de3	4c f0 4d	jmp $4df0	    jmp _update_cache
.4de6					_do_update
.4de6	a9 00		lda #$00	    lda #ARP_STATE_IDLE
.4de8	8d 90 4b	sta $4b90	    sta ARP_STATE
.4deb	a9 00		lda #$00	    lda #$00
.4ded	8d 18 21	sta $2118	    sta ETH_STATE
.4df0					_update_cache:
.4df0	a2 00		ldx #$00	    ldx #$00
.4df2					_find_existing:
.4df2	bd 8e 4f	lda $4f8e,x	    lda ARP_CACHE+0, x
.4df5	f0 20		beq $4e17	    beq _next_existing
.4df7	bd 8f 4f	lda $4f8f,x	    lda ARP_CACHE+1, x
.4dfa	cd 9f 28	cmp $289f	    cmp ETH_RX_FRAME_PAYLOAD+14
.4dfd	d0 18		bne $4e17	    bne _next_existing
.4dff	bd 90 4f	lda $4f90,x	    lda ARP_CACHE+2, x
.4e02	cd a0 28	cmp $28a0	    cmp ETH_RX_FRAME_PAYLOAD+15
.4e05	d0 10		bne $4e17	    bne _next_existing
.4e07	bd 91 4f	lda $4f91,x	    lda ARP_CACHE+3, x
.4e0a	cd a1 28	cmp $28a1	    cmp ETH_RX_FRAME_PAYLOAD+16
.4e0d	d0 08		bne $4e17	    bne _next_existing
.4e0f	bd 92 4f	lda $4f92,x	    lda ARP_CACHE+4, x
.4e12	cd a2 28	cmp $28a2	    cmp ETH_RX_FRAME_PAYLOAD+17
.4e15	f0 21		beq $4e38	    beq _found_slot
.4e17					_next_existing:
.4e17	8a		txa		    txa
.4e18	18		clc		    clc
.4e19	69 0b		adc #$0b	    adc #$0b
.4e1b	c9 58		cmp #$58	    cmp #$58
.4e1d	b0 04		bcs $4e23	    bcs _find_available
.4e1f	aa		tax		    tax
.4e20	4c f2 4d	jmp $4df2	    jmp _find_existing
.4e23					_find_available:
.4e23	a2 00		ldx #$00	    ldx #$00
.4e25					_loop1
.4e25	bd 8e 4f	lda $4f8e,x	    lda ARP_CACHE, x
.4e28	f0 0e		beq $4e38	    beq _found_slot
.4e2a	8a		txa		    txa
.4e2b	18		clc		    clc
.4e2c	69 0b		adc #$0b	    adc #$0b                        ; jump 11 bytes ahead to ttl byte
.4e2e	c9 58		cmp #$58	    cmp #$58                        ; > 8 entries... just use slot 0
.4e30	b0 04		bcs $4e36	    bcs _use_slot_zero
.4e32	aa		tax		    tax
.4e33	4c 25 4e	jmp $4e25	    jmp _loop1
.4e36					_use_slot_zero
.4e36	a2 00		ldx #$00	    ldx #$00                        ; slot 0 will be used
.4e38					_found_slot:
.4e38	08		php		    php
.4e39	78		sei		    sei
.4e3a	a9 ff		lda #$ff	    lda #$ff                        ; set slot TTL
.4e3c	9d 8e 4f	sta $4f8e,x	    sta ARP_CACHE+0, x
.4e3f	ad 9f 28	lda $289f	    lda ETH_RX_FRAME_PAYLOAD+14
.4e42	9d 8f 4f	sta $4f8f,x	    sta ARP_CACHE+1, x
.4e45	ad a0 28	lda $28a0	    lda ETH_RX_FRAME_PAYLOAD+15
.4e48	9d 90 4f	sta $4f90,x	    sta ARP_CACHE+2, x
.4e4b	ad a1 28	lda $28a1	    lda ETH_RX_FRAME_PAYLOAD+16
.4e4e	9d 91 4f	sta $4f91,x	    sta ARP_CACHE+3, x
.4e51	ad a2 28	lda $28a2	    lda ETH_RX_FRAME_PAYLOAD+17
.4e54	9d 92 4f	sta $4f92,x	    sta ARP_CACHE+4, x
.4e57	ad 99 28	lda $2899	    lda ETH_RX_FRAME_PAYLOAD+8
.4e5a	9d 93 4f	sta $4f93,x	    sta ARP_CACHE+5, x
.4e5d	ad 9a 28	lda $289a	    lda ETH_RX_FRAME_PAYLOAD+9
.4e60	9d 94 4f	sta $4f94,x	    sta ARP_CACHE+6, x
.4e63	ad 9b 28	lda $289b	    lda ETH_RX_FRAME_PAYLOAD+10
.4e66	9d 95 4f	sta $4f95,x	    sta ARP_CACHE+7, x
.4e69	ad 9c 28	lda $289c	    lda ETH_RX_FRAME_PAYLOAD+11
.4e6c	9d 96 4f	sta $4f96,x	    sta ARP_CACHE+8, x
.4e6f	ad 9d 28	lda $289d	    lda ETH_RX_FRAME_PAYLOAD+12
.4e72	9d 97 4f	sta $4f97,x	    sta ARP_CACHE+9, x
.4e75	ad 9e 28	lda $289e	    lda ETH_RX_FRAME_PAYLOAD+13
.4e78	9d 98 4f	sta $4f98,x	    sta ARP_CACHE+10, x
.4e7b	28		plp		    plp
.4e7c	60		rts		    rts
.4e7d					ARP_QUERY_IP:
>4e7d	00 00 00 00			    .byte $00, $00, $00, $00
.4e81					ARP_QUERY_CACHE:
.4e81	a2 00		ldx #$00	    ldx #$00
.4e83					_loop1
.4e83	bd 8e 4f	lda $4f8e,x	    lda ARP_CACHE+0, x                  ; if this slot is empty or expired, skip it
.4e86	f0 4c		beq $4ed4	    beq _next_cache
.4e88	bd 8f 4f	lda $4f8f,x	    lda ARP_CACHE+1, x
.4e8b	cd 7d 4e	cmp $4e7d	    cmp ARP_QUERY_IP+0
.4e8e	d0 44		bne $4ed4	    bne _next_cache
.4e90	bd 90 4f	lda $4f90,x	    lda ARP_CACHE+2, x
.4e93	cd 7e 4e	cmp $4e7e	    cmp ARP_QUERY_IP+1
.4e96	d0 3c		bne $4ed4	    bne _next_cache
.4e98	bd 91 4f	lda $4f91,x	    lda ARP_CACHE+3, x
.4e9b	cd 7f 4e	cmp $4e7f	    cmp ARP_QUERY_IP+2
.4e9e	d0 34		bne $4ed4	    bne _next_cache
.4ea0	bd 92 4f	lda $4f92,x	    lda ARP_CACHE+4, x
.4ea3	cd 80 4e	cmp $4e80	    cmp ARP_QUERY_IP+3
.4ea6	d0 2c		bne $4ed4	    bne _next_cache
.4ea8	bd 93 4f	lda $4f93,x	    lda ARP_CACHE+5, x
.4eab	8d 35 22	sta $2235	    sta ETH_TX_FRAME_DEST_MAC+0
.4eae	bd 94 4f	lda $4f94,x	    lda ARP_CACHE+6, x
.4eb1	8d 36 22	sta $2236	    sta ETH_TX_FRAME_DEST_MAC+1
.4eb4	bd 95 4f	lda $4f95,x	    lda ARP_CACHE+7, x
.4eb7	8d 37 22	sta $2237	    sta ETH_TX_FRAME_DEST_MAC+2
.4eba	bd 96 4f	lda $4f96,x	    lda ARP_CACHE+8, x
.4ebd	8d 38 22	sta $2238	    sta ETH_TX_FRAME_DEST_MAC+3
.4ec0	bd 97 4f	lda $4f97,x	    lda ARP_CACHE+9, x
.4ec3	8d 39 22	sta $2239	    sta ETH_TX_FRAME_DEST_MAC+4
.4ec6	bd 98 4f	lda $4f98,x	    lda ARP_CACHE+10, x
.4ec9	8d 3a 22	sta $223a	    sta ETH_TX_FRAME_DEST_MAC+5
.4ecc	a9 ff		lda #$ff	    lda #$ff                        ; retain this cache entry
.4ece	9d 8e 4f	sta $4f8e,x	    sta ARP_CACHE+0, x
.4ed1	a9 01		lda #$01	    lda #$01                        ; flag for hit
.4ed3	60		rts		    rts
.4ed4					_next_cache:
.4ed4	8a		txa		    txa
.4ed5	18		clc		    clc
.4ed6	69 0b		adc #$0b	    adc #$0b                        ; jump 11 bytes ahead to ttl byte
.4ed8	c9 58		cmp #$58	    cmp #$58                        ; have we gone out of bounds?
.4eda	f0 06		beq $4ee2	    beq _cache_miss
.4edc	b0 04		bcs $4ee2	    bcs _cache_miss
.4ede	aa		tax		    tax
.4edf	4c 83 4e	jmp $4e83	    jmp _loop1
.4ee2					_cache_miss:
.4ee2	a9 00		lda #$00	    lda #$00
.4ee4	8d 35 22	sta $2235	    sta ETH_TX_FRAME_DEST_MAC+0
.4ee7	8d 36 22	sta $2236	    sta ETH_TX_FRAME_DEST_MAC+1
.4eea	8d 37 22	sta $2237	    sta ETH_TX_FRAME_DEST_MAC+2
.4eed	8d 38 22	sta $2238	    sta ETH_TX_FRAME_DEST_MAC+3
.4ef0	8d 39 22	sta $2239	    sta ETH_TX_FRAME_DEST_MAC+4
.4ef3	8d 3a 22	sta $223a	    sta ETH_TX_FRAME_DEST_MAC+5
.4ef6	a9 00		lda #$00	    lda #$00                        ; flag for miss
.4ef8	60		rts		    rts
.4ef9					ARP_PURGE_TICK:
>4ef9	00				    .byte $00
.4efa					ARP_CACHE_PURGE:
.4efa	ee f9 4e	inc $4ef9	    inc ARP_PURGE_TICK
.4efd	ad f9 4e	lda $4ef9	    lda ARP_PURGE_TICK
.4f00	c9 3c		cmp #$3c	    cmp #60
.4f02	d0 20		bne $4f24	    bne _done                       ; only purge once every 60 IRQs (~1 s)
.4f04	a9 00		lda #$00	    lda #$00
.4f06	8d f9 4e	sta $4ef9	    sta ARP_PURGE_TICK
.4f09	a2 00		ldx #$00	    ldx #$00
.4f0b					_loop1
.4f0b	bd 8e 4f	lda $4f8e,x	    lda ARP_CACHE+0, x
.4f0e	f0 06		beq $4f16	    beq _next_cache                 ; this slot already expired.  skip it
.4f10	38		sec		    sec
.4f11	e9 01		sbc #$01	    sbc #$01
.4f13	9d 8e 4f	sta $4f8e,x	    sta ARP_CACHE+0, x
.4f16					_next_cache:
.4f16	8a		txa		    txa
.4f17	18		clc		    clc
.4f18	69 0b		adc #$0b	    adc #$0b                        ; jump 11 bytes ahead to ttl byte
.4f1a	c9 58		cmp #$58	    cmp #$58                        ; have we gone out of bounds?
.4f1c	f0 06		beq $4f24	    beq _done
.4f1e	b0 04		bcs $4f24	    bcs _done
.4f20	aa		tax		    tax
.4f21	4c 0b 4f	jmp $4f0b	    jmp _loop1
.4f24					_done:
.4f24	60		rts		    rts
.4f25					ARP_READ_RASTER:
.4f25	ad 12 d0	lda $d012	    lda MEGA65_VICII_RSTR_CMP
.4f28	8d 95 4b	sta $4b95	    sta ARP_CUR_RASTER_LO
.4f2b	ad 11 d0	lda $d011	    lda MEGA65_VICII_CTRL1
.4f2e	29 80		and #$80	    and #$80
.4f30	8d 96 4b	sta $4b96	    sta ARP_CUR_RASTER_HI
.4f33	60		rts		    rts
.4f34					ARP_RETRY_TICK:
.4f34	ad 90 4b	lda $4b90	    lda ARP_STATE
.4f37	c9 01		cmp #$01	    cmp #ARP_STATE_WAIT
.4f39	f0 01		beq $4f3c	    beq _in_wait
.4f3b	60		rts		    rts
.4f3c					_in_wait:
.4f3c	a2 03		ldx #$03	    ldx #3
.4f3e					_copy_req_to_query:
.4f3e	bd 97 4b	lda $4b97,x	    lda ARP_REQUEST_IP,x
.4f41	9d 7d 4e	sta $4e7d,x	    sta ARP_QUERY_IP,x
.4f44	ca		dex		    dex
.4f45	10 f7		bpl $4f3e	    bpl _copy_req_to_query
.4f47	20 81 4e	jsr $4e81	    jsr ARP_QUERY_CACHE
.4f4a	d0 37		bne $4f83	    bne _got_it
.4f4c	ad 91 4b	lda $4b91	    lda ARP_RETRY_TICKS
.4f4f	f0 04		beq $4f55	    beq _expired
.4f51	ce 91 4b	dec $4b91	    dec ARP_RETRY_TICKS
.4f54	60		rts		    rts
.4f55					_expired:
.4f55	ad 92 4b	lda $4b92	    lda ARP_RETRY_LEFT
.4f58	f0 0c		beq $4f66	    beq _give_up
.4f5a	ce 92 4b	dec $4b92	    dec ARP_RETRY_LEFT
.4f5d	a9 0f		lda #$0f	    lda #ARP_TIMEOUT_TICKS
.4f5f	8d 91 4b	sta $4b91	    sta ARP_RETRY_TICKS
.4f62	20 9b 4b	jsr $4b9b	    jsr ARP_REQUEST           ; resend
.4f65	60		rts		    rts
.4f66					_give_up:
.4f66	a9 00		lda #$00	    lda #ARP_STATE_IDLE
.4f68	8d 90 4b	sta $4b90	    sta ARP_STATE
.4f6b	a9 00		lda #$00	    lda #$00                  ; also release ARP_WAITING
.4f6d	8d 18 21	sta $2118	    sta ETH_STATE
.4f70	ad 25 21	lda $2125	    lda CONNECT_ACTIVE
.4f73	f0 0d		beq $4f82	    beq _ret
.4f75	a9 01		lda #$01	    lda #$01
.4f77	8d 27 21	sta $2127	    sta CONNECT_FAIL_LATCH
.4f7a	ad 19 4a	lda $4a19	    lda TCP_EVENT_FLAG
.4f7d	09 10		ora #$10	    ora #EV_CONNECT_FAIL
.4f7f	8d 19 4a	sta $4a19	    sta TCP_EVENT_FLAG
.4f82					_ret:
.4f82	60		rts		    rts
.4f83					_got_it:
.4f83	a9 00		lda #$00	    lda #ARP_STATE_IDLE
.4f85	8d 90 4b	sta $4b90	    sta ARP_STATE
.4f88	a9 00		lda #$00	    lda #$00                ; ETH_STATE = IDLE
.4f8a	8d 18 21	sta $2118	    sta ETH_STATE
.4f8d	60		rts		    rts
.4f8e					ARP_CACHE:
>4f8e	00 00 00 00 00 00 00 00		    .byte $00, $00, $00, $00, $00, $00, $00, $00, $00, $00, $00
>4f96	00 00 00
>4f99	00 00 00 00 00 00 00 00		    .byte $00, $00, $00, $00, $00, $00, $00, $00, $00, $00, $00
>4fa1	00 00 00
>4fa4	00 00 00 00 00 00 00 00		    .byte $00, $00, $00, $00, $00, $00, $00, $00, $00, $00, $00
>4fac	00 00 00
>4faf	00 00 00 00 00 00 00 00		    .byte $00, $00, $00, $00, $00, $00, $00, $00, $00, $00, $00
>4fb7	00 00 00
>4fba	00 00 00 00 00 00 00 00		    .byte $00, $00, $00, $00, $00, $00, $00, $00, $00, $00, $00
>4fc2	00 00 00
>4fc5	00 00 00 00 00 00 00 00		    .byte $00, $00, $00, $00, $00, $00, $00, $00, $00, $00, $00
>4fcd	00 00 00
>4fd0	00 00 00 00 00 00 00 00		    .byte $00, $00, $00, $00, $00, $00, $00, $00, $00, $00, $00
>4fd8	00 00 00
>4fdb	00 00 00 00 00 00 00 00		    .byte $00, $00, $00, $00, $00, $00, $00, $00, $00, $00, $00
>4fe3	00 00 00
.4fe6					ARP_REPLY_PACKET:
>4fe6	00 00 00 00 00 00 00 00		    .fill 60, $00
>4fee	00 00 00 00 00 00 00 00 00 00 00 00 00 00 00 00
;	...repeated 2 times (32 bytes)...
>501e	00 00 00 00
.5022					ARP_REPLY_PENDING:
>5022	00				    .byte $00

;******  Return to file: C:\projects\_M65\_xlar54\mega-ip-master\src\eth.asm


;******  Processing file: C:\projects\_M65\_xlar54\mega-ip-master\src\dns.asm

=0					UDP_HDR_SRC_HI          = 0
=1					UDP_HDR_SRC_LO          = 1
=2					UDP_HDR_DST_HI          = 2
=3					UDP_HDR_DST_LO          = 3
=4					UDP_HDR_LEN_HI          = 4
=5					UDP_HDR_LEN_LO          = 5
=6					UDP_HDR_CHK_HI          = 6
=7					UDP_HDR_CHK_LO          = 7
=8					UDP_DATA_BASE           = 8            ; UDP payload starts here
=53					DNS_PORT                = 53
=$00					DNS_STATE_IDLE          = $00
=$01					DNS_STATE_WAIT          = $01
=$02					DNS_STATE_DONE          = $02
=$03					DNS_STATE_FAIL          = $03
=2					DNS_TIMEOUT_TICKS_BASE  = 2     ; ~2 ticks between (re)sends, grows linearly
=8					DNS_MAX_RETRIES         = 8
=8					DNS_CNAME_MAX_HOPS      = 8
=6					DNS_TICK_FRAMES         = 6
>5023	00 00 00 00			DNS_RESULT_IP:          .byte $00, $00, $00, $00
>5027	00				DNS_STATE:              .byte $00
>5028	00				DNS_RETRY_LEFT:         .byte $00
>5029	00				DNS_RETRY_TICKS:        .byte $00
>502a	00				DNS_LAST_BACKOFF:       .byte $00
>502b	00				DNS_FRAME_TICKS:        .byte $00
>502c	00				DNS_LAST_RASTER_LO:     .byte $00
>502d	00				DNS_LAST_RASTER_HI:     .byte $00
>502e	00				DNS_CNAME_HOPS:         .byte $00
>502f	00				DNS_MSG_ID_HI:          .byte $00
>5030	00				DNS_MSG_ID_LO:          .byte $00
>5031	31				DNS_CLIENT_PORT_HI:     .byte $31
>5032	53				DNS_CLIENT_PORT_LO:     .byte $53
>5033	00 00 00 00 00 00 00 00		DNS_QNAME:              .fill 128, $00
>503b	00 00 00 00 00 00 00 00 00 00 00 00 00 00 00 00
;	...repeated 6 times (96 bytes)...
>50ab	00 00 00 00 00 00 00 00
>50b3	00				DNS_QNAME_LEN:          .byte $00
>50b4	28				DNS_ARP_DEFERS:         .byte 40   ; ~40 quick defers then give up
.50b5					DNS_SEND_UDP:
.50b5	a9 08		lda #$08	    lda #$08
.50b7	8d 41 22	sta $2241	    sta ETH_TX_TYPE
.50ba	a9 00		lda #$00	    lda #$00
.50bc	8d 42 22	sta $2242	    sta ETH_TX_TYPE+1
.50bf	a9 11		lda #$11	    lda #$11                      ; protocol UDP
.50c1	8d d0 44	sta $44d0	    sta IPV4_HDR_PROTO
.50c4	ad 00 21	lda $2100	    lda LOCAL_IP+0
.50c7	8d d3 44	sta $44d3	    sta IPV4_HDR_SRC_IP+0
.50ca	ad 01 21	lda $2101	    lda LOCAL_IP+1
.50cd	8d d4 44	sta $44d4	    sta IPV4_HDR_SRC_IP+1
.50d0	ad 02 21	lda $2102	    lda LOCAL_IP+2
.50d3	8d d5 44	sta $44d5	    sta IPV4_HDR_SRC_IP+2
.50d6	ad 03 21	lda $2103	    lda LOCAL_IP+3
.50d9	8d d6 44	sta $44d6	    sta IPV4_HDR_SRC_IP+3
.50dc	ad 14 21	lda $2114	    lda PRIMARY_DNS+0
.50df	8d d7 44	sta $44d7	    sta IPV4_HDR_DST_IP+0
.50e2	ad 15 21	lda $2115	    lda PRIMARY_DNS+1
.50e5	8d d8 44	sta $44d8	    sta IPV4_HDR_DST_IP+1
.50e8	ad 16 21	lda $2116	    lda PRIMARY_DNS+2
.50eb	8d d9 44	sta $44d9	    sta IPV4_HDR_DST_IP+2
.50ee	ad 17 21	lda $2117	    lda PRIMARY_DNS+3
.50f1	8d da 44	sta $44da	    sta IPV4_HDR_DST_IP+3
.50f4	ad 5b 22	lda $225b	    lda ETH_TX_FRAME_PAYLOAD+20+UDP_HDR_LEN_HI
.50f7	8d c9 44	sta $44c9	    sta IPV4_HDR_LEN
.50fa	ad 5c 22	lda $225c	    lda ETH_TX_FRAME_PAYLOAD+20+UDP_HDR_LEN_LO
.50fd	8d ca 44	sta $44ca	    sta IPV4_HDR_LEN+1
.5100	18		clc		    clc
.5101	ad ca 44	lda $44ca	    lda IPV4_HDR_LEN+1
.5104	69 14		adc #$14	    adc #20
.5106	8d ca 44	sta $44ca	    sta IPV4_HDR_LEN+1
.5109	ad c9 44	lda $44c9	    lda IPV4_HDR_LEN
.510c	69 00		adc #$00	    adc #0
.510e	8d c9 44	sta $44c9	    sta IPV4_HDR_LEN
.5111	a9 40		lda #$40	    lda #$40
.5113	8d cd 44	sta $44cd	    sta IPV4_HDR_FLGS_OFFS
.5116	a9 00		lda #$00	    lda #$00
.5118	8d ce 44	sta $44ce	    sta IPV4_HDR_FLGS_OFFS+1
.511b	20 db 44	jsr $44db	    jsr CALC_IPV4_CHECKSUM
.511e	a2 00		ldx #$00	    ldx #0
.5120					_cpy_ip:
.5120	bd c7 44	lda $44c7,x	    lda IPV4_HEADER,x
.5123	9d 43 22	sta $2243,x	    sta ETH_TX_FRAME_PAYLOAD,x
.5126	e8		inx		    inx
.5127	e0 14		cpx #$14	    cpx #20
.5129	d0 f5		bne $5120	    bne _cpy_ip
.512b	ad ca 44	lda $44ca	    lda IPV4_HDR_LEN+1
.512e	18		clc		    clc
.512f	69 0e		adc #$0e	    adc #14
.5131	8d 46 21	sta $2146	    sta ETH_TX_LEN_LSB
.5134	ad c9 44	lda $44c9	    lda IPV4_HDR_LEN
.5137	69 00		adc #$00	    adc #0
.5139	8d 47 21	sta $2147	    sta ETH_TX_LEN_MSB
.513c	20 70 42	jsr $4270	    jsr ETH_PACKET_SEND
.513f	60		rts		    rts
.5140					DNS_SEND_QUERY:
.5140	a9 01		lda #$01	    lda #$01
.5142	20 14 53	jsr $5314	    jsr DNS_ENSURE_ARP_READY
.5145	b3 9f 00	bcs $51e6	    bcs _no_send          ; not ready -> tick will retry
.5148	ad 2f 50	lda $502f	    lda DNS_MSG_ID_HI
.514b	8d 5f 22	sta $225f	    sta ETH_TX_FRAME_PAYLOAD+20+UDP_DATA_BASE+0
.514e	ad 30 50	lda $5030	    lda DNS_MSG_ID_LO
.5151	8d 60 22	sta $2260	    sta ETH_TX_FRAME_PAYLOAD+20+UDP_DATA_BASE+1
.5154	a9 01		lda #$01	    lda #$01
.5156	8d 61 22	sta $2261	    sta ETH_TX_FRAME_PAYLOAD+20+UDP_DATA_BASE+2
.5159	a9 00		lda #$00	    lda #$00
.515b	8d 62 22	sta $2262	    sta ETH_TX_FRAME_PAYLOAD+20+UDP_DATA_BASE+3
.515e	a9 00		lda #$00	    lda #$00
.5160	8d 63 22	sta $2263	    sta ETH_TX_FRAME_PAYLOAD+20+UDP_DATA_BASE+4
.5163	a9 01		lda #$01	    lda #$01
.5165	8d 64 22	sta $2264	    sta ETH_TX_FRAME_PAYLOAD+20+UDP_DATA_BASE+5
.5168	a9 00		lda #$00	    lda #$00
.516a	8d 65 22	sta $2265	    sta ETH_TX_FRAME_PAYLOAD+20+UDP_DATA_BASE+6
.516d	8d 66 22	sta $2266	    sta ETH_TX_FRAME_PAYLOAD+20+UDP_DATA_BASE+7
.5170	8d 67 22	sta $2267	    sta ETH_TX_FRAME_PAYLOAD+20+UDP_DATA_BASE+8
.5173	8d 68 22	sta $2268	    sta ETH_TX_FRAME_PAYLOAD+20+UDP_DATA_BASE+9
.5176	8d 69 22	sta $2269	    sta ETH_TX_FRAME_PAYLOAD+20+UDP_DATA_BASE+10
.5179	8d 6a 22	sta $226a	    sta ETH_TX_FRAME_PAYLOAD+20+UDP_DATA_BASE+11
.517c	a2 00		ldx #$00	    ldx #0
.517e					_qcpy:
.517e	bd 33 50	lda $5033,x	    lda DNS_QNAME,x
.5181	9d 6b 22	sta $226b,x	    sta ETH_TX_FRAME_PAYLOAD+20+UDP_DATA_BASE+12,x
.5184	e8		inx		    inx
.5185	ec b3 50	cpx $50b3	    cpx DNS_QNAME_LEN
.5188	d0 f4		bne $517e	    bne _qcpy
.518a	a9 00		lda #$00	    lda #$00
.518c	9d 6b 22	sta $226b,x	    sta ETH_TX_FRAME_PAYLOAD+20+UDP_DATA_BASE+12,x   ; QTYPE hi
.518f	e8		inx		    inx
.5190	a9 01		lda #$01	    lda #$01
.5192	9d 6b 22	sta $226b,x	    sta ETH_TX_FRAME_PAYLOAD+20+UDP_DATA_BASE+12,x   ; QTYPE lo
.5195	e8		inx		    inx
.5196	a9 00		lda #$00	    lda #$00
.5198	9d 6b 22	sta $226b,x	    sta ETH_TX_FRAME_PAYLOAD+20+UDP_DATA_BASE+12,x   ; QCLASS hi
.519b	e8		inx		    inx
.519c	a9 01		lda #$01	    lda #$01
.519e	9d 6b 22	sta $226b,x	    sta ETH_TX_FRAME_PAYLOAD+20+UDP_DATA_BASE+12,x   ; QCLASS lo
.51a1	e8		inx		    inx
.51a2	8e ea 51	stx $51ea	    stx _dns_pay_len
.51a5	ad ea 51	lda $51ea	    lda _dns_pay_len
.51a8	18		clc		    clc
.51a9	69 14		adc #$14	    adc #20            ; was #8
.51ab	8d 5c 22	sta $225c	    sta ETH_TX_FRAME_PAYLOAD+20+UDP_HDR_LEN_LO
.51ae	a9 00		lda #$00	    lda #0
.51b0	69 00		adc #$00	    adc #0
.51b2	8d 5b 22	sta $225b	    sta ETH_TX_FRAME_PAYLOAD+20+UDP_HDR_LEN_HI
.51b5	ad 31 50	lda $5031	    lda DNS_CLIENT_PORT_HI
.51b8	29 1f		and #$1f	    and #$1F
.51ba	09 c0		ora #$c0	    ora #$C0
.51bc	8d 57 22	sta $2257	    sta ETH_TX_FRAME_PAYLOAD+20+UDP_HDR_SRC_HI
.51bf	ad 32 50	lda $5032	    lda DNS_CLIENT_PORT_LO
.51c2	8d 58 22	sta $2258	    sta ETH_TX_FRAME_PAYLOAD+20+UDP_HDR_SRC_LO
.51c5	a9 00		lda #$00	    lda #>(DNS_PORT)
.51c7	8d 59 22	sta $2259	    sta ETH_TX_FRAME_PAYLOAD+20+UDP_HDR_DST_HI
.51ca	a9 35		lda #$35	    lda #<(DNS_PORT)
.51cc	8d 5a 22	sta $225a	    sta ETH_TX_FRAME_PAYLOAD+20+UDP_HDR_DST_LO
.51cf	a9 00		lda #$00	    lda #0
.51d1	8d 5d 22	sta $225d	    sta ETH_TX_FRAME_PAYLOAD+20+UDP_HDR_CHK_HI
.51d4	8d 5e 22	sta $225e	    sta ETH_TX_FRAME_PAYLOAD+20+UDP_HDR_CHK_LO
.51d7	a9 02		lda #$02	    lda #$02
.51d9	20 b5 50	jsr $50b5	    jsr DNS_SEND_UDP
.51dc	b0 04		bcs $51e2	    bcs _tx_fail
.51de	a9 03		lda #$03	    lda #$03
.51e0	18		clc		    clc                 ; C=0 - sent
.51e1	60		rts		    rts
.51e2					_tx_fail:
.51e2	a9 04		lda #$04	    lda #$04
.51e4	38		sec		    sec
.51e5	60		rts		    rts
.51e6					_no_send:
.51e6	a9 05		lda #$05	    lda #$05
.51e8	38		sec		    sec                 ; C=1 - not sent
.51e9	60		rts		    rts
>51ea	00				_dns_pay_len: .byte 0
.51eb					DNS_PACK_HOSTNAME:
.51eb	8d 07 52	sta $5207	    sta _hn_abs+1
.51ee	8e 08 52	stx $5208	    stx _hn_abs+2
.51f1	8d 51 52	sta $5251	    sta _hn_abs2+1          ; <- patch the peek reader too
.51f4	8e 52 52	stx $5252	    stx _hn_abs2+2
.51f7	a0 00		ldy #$00	    ldy #0                  ; input index
.51f9	a2 01		ldx #$01	    ldx #1                  ; output index (skip first length)
.51fb	a9 00		lda #$00	    lda #0
.51fd	8d 33 50	sta $5033	    sta DNS_QNAME+0         ; placeholder for first label length
.5200	8d 12 53	sta $5312	    sta DNS_PACK_LBL_LEN
.5203	8d 13 53	sta $5313	    sta DNS_PACK_LBL_POS            ; where to write current label length (starts at 0)
.5206					_next:
.5206					_hn_abs:
>5206	b9 00 00			    .byte $B9, $00, $00
.5209	f3 b0 00	beq $52bb	    beq _end
.520c	20 da 52	jsr $52da	    jsr DNS_HOST_CHAR_TO_ASCII
.520f	90 03		bcc $5214	    bcc _char_ok
.5211	4c d8 52	jmp $52d8	    jmp _toolong
.5214					_char_ok:
.5214	c9 2e		cmp #$2e	    cmp #'.'
.5216	f0 20		beq $5238	    beq _dot
.5218	e0 80		cpx #$80	    cpx #128
.521a	b3 bc 00	bcs $52d8	    bcs _toolong
.521d	9d 33 50	sta $5033,x	    sta DNS_QNAME,x
.5220	e8		inx		    inx
.5221	ee 12 53	inc $5312	    inc DNS_PACK_LBL_LEN
.5224	ad 12 53	lda $5312	    lda DNS_PACK_LBL_LEN
.5227	c9 40		cmp #$40	    cmp #64                 ; RFC: label length <=63
.5229	b3 ad 00	bcs $52d8	    bcs _toolong
.522c	c8		iny		    iny
.522d	d0 d7		bne $5206	    bne _next
.522f	ee 08 52	inc $5208	    inc _hn_abs+2
.5232	ee 52 52	inc $5252	    inc _hn_abs2+2
.5235	4c 06 52	jmp $5206	    jmp _next
.5238					_dot:
.5238	ad 12 53	lda $5312	    lda DNS_PACK_LBL_LEN
.523b	d0 54		bne $5291	    bne _dot_normal
.523d	98		tya		    tya
.523e	48		pha		    pha
.523f	a9 00		lda #$00	    lda #0
.5241	8d 8c 59	sta $598c	    sta TMP0                        ; TMP0=1 if we wrap+inc high byte
.5244	c8		iny		    iny
.5245	d0 09		bne $5250	    bne +
.5247	ee 08 52	inc $5208	    inc _hn_abs+2
.524a	ee 52 52	inc $5252	    inc _hn_abs2+2
.524d	ee 8c 59	inc $598c	    inc TMP0
.5250					+
.5250					_hn_abs2:
>5250	b9 00 00			    .byte $B9, $00, $00
.5253	f0 0f		beq $5264	    beq _root_if_first              ; '.' followed by NUL
.5255	68		pla		    pla
.5256	a8		tay		    tay
.5257	ad 8c 59	lda $598c	    lda TMP0
.525a	f0 06		beq $5262	    beq +
.525c	ce 08 52	dec $5208	    dec _hn_abs+2
.525f	ce 52 52	dec $5252	    dec _hn_abs2+2
.5262	38		sec		+   sec
.5263	60		rts		    rts
.5264					_root_if_first:
.5264	ad 13 53	lda $5313	    lda DNS_PACK_LBL_POS
.5267	d0 19		bne $5282	    bne _empty_label_error
.5269	a9 00		lda #$00	    lda #0
.526b	8d 33 50	sta $5033	    sta DNS_QNAME+0
.526e	a9 01		lda #$01	    lda #1
.5270	8d b3 50	sta $50b3	    sta DNS_QNAME_LEN
.5273	68		pla		    pla
.5274	a8		tay		    tay
.5275	ad 8c 59	lda $598c	    lda TMP0
.5278	f0 06		beq $5280	    beq +
.527a	ce 08 52	dec $5208	    dec _hn_abs+2
.527d	ce 52 52	dec $5252	    dec _hn_abs2+2
.5280	18		clc		+   clc
.5281	60		rts		    rts
.5282					_empty_label_error:
.5282	68		pla		    pla
.5283	a8		tay		    tay
.5284	ad 8c 59	lda $598c	    lda TMP0
.5287	f0 06		beq $528f	    beq +
.5289	ce 08 52	dec $5208	    dec _hn_abs+2
.528c	ce 52 52	dec $5252	    dec _hn_abs2+2
.528f	38		sec		+   sec
.5290	60		rts		    rts
.5291					_dot_normal:
.5291	98		tya		    tya
.5292	48		pha		    pha
.5293	ac 13 53	ldy $5313	    ldy DNS_PACK_LBL_POS
.5296	ad 12 53	lda $5312	    lda DNS_PACK_LBL_LEN
.5299	99 33 50	sta $5033,y	    sta DNS_QNAME,y                ; write length at current label slot
.529c	68		pla		    pla
.529d	a8		tay		    tay
.529e	8e 13 53	stx $5313	    stx DNS_PACK_LBL_POS
.52a1	a9 00		lda #$00	    lda #0
.52a3	8d 12 53	sta $5312	    sta DNS_PACK_LBL_LEN
.52a6	e0 80		cpx #$80	    cpx #128
.52a8	b0 2e		bcs $52d8	    bcs _toolong
.52aa	9d 33 50	sta $5033,x	    sta DNS_QNAME,x                ; placeholder for next label length
.52ad	e8		inx		    inx
.52ae	c8		iny		    iny
.52af	d3 55 ff	bne $5206	    bne _next
.52b2	ee 08 52	inc $5208	    inc _hn_abs+2
.52b5	ee 52 52	inc $5252	    inc _hn_abs2+2
.52b8	4c 06 52	jmp $5206	    jmp _next
.52bb					_end:
.52bb	ac 13 53	ldy $5313	    ldy DNS_PACK_LBL_POS
.52be	ad 12 53	lda $5312	    lda DNS_PACK_LBL_LEN
.52c1	99 33 50	sta $5033,y	    sta DNS_QNAME,y
.52c4	ad 12 53	lda $5312	    lda DNS_PACK_LBL_LEN
.52c7	f0 0a		beq $52d3	    beq +
.52c9	a9 00		lda #$00	    lda #0
.52cb	e0 80		cpx #$80	    cpx #128
.52cd	b0 09		bcs $52d8	    bcs _toolong
.52cf	9d 33 50	sta $5033,x	    sta DNS_QNAME,x
.52d2	e8		inx		    inx
.52d3					+
.52d3	8e b3 50	stx $50b3	    stx DNS_QNAME_LEN
.52d6	18		clc		    clc
.52d7	60		rts		    rts
.52d8					_toolong:
.52d8	38		sec		    sec
.52d9	60		rts		    rts
.52da					DNS_HOST_CHAR_TO_ASCII:
.52da	8d 8c 59	sta $598c	    sta TMP0
.52dd	c9 80		cmp #$80	    cmp #$80
.52df	90 02		bcc $52e3	    bcc DNS_HOST_NOT_HIGH_BIT
.52e1	29 7f		and #$7f	    and #$7F
.52e3					DNS_HOST_NOT_HIGH_BIT:
.52e3	c9 41		cmp #$41	    cmp #'A'
.52e5	90 08		bcc $52ef	    bcc DNS_HOST_NOT_UPPER
.52e7	c9 5b		cmp #$5b	    cmp #'Z'+1
.52e9	b0 04		bcs $52ef	    bcs DNS_HOST_NOT_UPPER
.52eb	09 20		ora #$20	    ora #$20
.52ed	18		clc		    clc
.52ee	60		rts		    rts
.52ef					DNS_HOST_NOT_UPPER:
.52ef	c9 61		cmp #$61	    cmp #'a'
.52f1	90 06		bcc $52f9	    bcc DNS_HOST_NOT_LOWER
.52f3	c9 7b		cmp #$7b	    cmp #'z'+1
.52f5	b0 02		bcs $52f9	    bcs DNS_HOST_NOT_LOWER
.52f7	18		clc		    clc
.52f8	60		rts		    rts
.52f9					DNS_HOST_NOT_LOWER:
.52f9	c9 30		cmp #$30	    cmp #'0'
.52fb	90 06		bcc $5303	    bcc DNS_HOST_NOT_DIGIT
.52fd	c9 3a		cmp #$3a	    cmp #'9'+1
.52ff	b0 02		bcs $5303	    bcs DNS_HOST_NOT_DIGIT
.5301	18		clc		    clc
.5302	60		rts		    rts
.5303					DNS_HOST_NOT_DIGIT:
.5303	c9 2e		cmp #$2e	    cmp #'.'
.5305	f0 09		beq $5310	    beq DNS_HOST_OK_CHAR
.5307	c9 2d		cmp #$2d	    cmp #'-'
.5309	f0 05		beq $5310	    beq DNS_HOST_OK_CHAR
.530b					DNS_HOST_BAD_CHAR:
.530b	ad 8c 59	lda $598c	    lda TMP0
.530e	38		sec		    sec
.530f	60		rts		    rts
.5310					DNS_HOST_OK_CHAR:
.5310	18		clc		    clc
.5311	60		rts		    rts
>5312	00				DNS_PACK_LBL_LEN:  .byte 0
>5313	00				DNS_PACK_LBL_POS:  .byte 0
.5314					DNS_ENSURE_ARP_READY:
.5314	a2 03		ldx #$03	    ldx #3
.5316					_dns_netloop:
.5316	bd 14 21	lda $2114,x	    lda PRIMARY_DNS,x
.5319	3d 10 21	and $2110,x	    and SUBNET_MASK,x
.531c	8d 64 53	sta $5364	    sta _dns_tmp
.531f	bd 00 21	lda $2100,x	    lda LOCAL_IP,x
.5322	3d 10 21	and $2110,x	    and SUBNET_MASK,x
.5325	cd 64 53	cmp $5364	    cmp _dns_tmp
.5328	d0 11		bne $533b	    bne _use_gw
.532a	ca		dex		    dex
.532b	10 e9		bpl $5316	    bpl _dns_netloop
.532d	a2 03		ldx #$03	    ldx #3
.532f					_copy_dns_ip:
.532f	bd 14 21	lda $2114,x	    lda PRIMARY_DNS,x
.5332	9d 7d 4e	sta $4e7d,x	    sta ARP_QUERY_IP,x
.5335	ca		dex		    dex
.5336	10 f7		bpl $532f	    bpl _copy_dns_ip
.5338	4c 46 53	jmp $5346	    jmp _have_nexthop
.533b					_use_gw:
.533b	a2 03		ldx #$03	    ldx #3
.533d					_copy_gw_ip:
.533d	bd 0c 21	lda $210c,x	    lda GATEWAY_IP,x
.5340	9d 7d 4e	sta $4e7d,x	    sta ARP_QUERY_IP,x
.5343	ca		dex		    dex
.5344	10 f7		bpl $533d	    bpl _copy_gw_ip
.5346					_have_nexthop:
.5346	20 81 4e	jsr $4e81	    jsr ARP_QUERY_CACHE
.5349	d0 17		bne $5362	    bne _ready
.534b	ad 18 21	lda $2118	    lda ETH_STATE
.534e	c9 01		cmp #$01	    cmp #ETH_STATE_ARP_WAITING
.5350	f0 0e		beq $5360	    beq _not_ready
.5352	a2 03		ldx #$03	    ldx #3
.5354					_cpy_req:
.5354	bd 7d 4e	lda $4e7d,x	    lda ARP_QUERY_IP,x
.5357	9d 97 4b	sta $4b97,x	    sta ARP_REQUEST_IP,x
.535a	ca		dex		    dex
.535b	10 f7		bpl $5354	    bpl _cpy_req
.535d	20 9b 4b	jsr $4b9b	    jsr ARP_REQUEST
.5360					_not_ready:
.5360	38		sec		    sec         ; C=1 not ready
.5361	60		rts		    rts
.5362					_ready:
.5362	18		clc		    clc         ; C=0 MAC ready, ETH_TX_FRAME_DEST_MAC populated
.5363	60		rts		    rts
>5364	00				_dns_tmp: .byte 0
.5365					DNS_RESOLVE_START:
.5365	a9 28		lda #$28	    lda #40
.5367	8d b4 50	sta $50b4	    sta DNS_ARP_DEFERS
.536a	a9 00		lda #$00	    lda #0
.536c	8d 23 50	sta $5023	    sta DNS_RESULT_IP+0
.536f	8d 24 50	sta $5024	    sta DNS_RESULT_IP+1
.5372	8d 25 50	sta $5025	    sta DNS_RESULT_IP+2
.5375	8d 26 50	sta $5026	    sta DNS_RESULT_IP+3
.5378	a9 08		lda #$08	    lda #DNS_CNAME_MAX_HOPS
.537a	8d 2e 50	sta $502e	    sta DNS_CNAME_HOPS
.537d	a9 10		lda #$10	    lda #$10
.537f	a9 b5		lda #$b5	    lda #<host_str
.5381	a2 21		ldx #$21	    ldx #>host_str
.5383	20 eb 51	jsr $51eb	    jsr DNS_PACK_HOSTNAME
.5386	90 05		bcc $538d	    bcc _pack_ok
.5388	a9 11		lda #$11	    lda #$11
.538a	4c dc 53	jmp $53dc	    jmp _start_fail
.538d					_pack_ok:
.538d	ee 31 50	inc $5031	    inc DNS_CLIENT_PORT_HI
.5390	ad 32 50	lda $5032	    lda DNS_CLIENT_PORT_LO
.5393	18		clc		    clc
.5394	69 3d		adc #$3d	    adc #$3D
.5396	8d 32 50	sta $5032	    sta DNS_CLIENT_PORT_LO
.5399	90 03		bcc $539e	    bcc _dns_port_ok
.539b	ee 31 50	inc $5031	    inc DNS_CLIENT_PORT_HI
.539e					_dns_port_ok:
.539e	a9 08		lda #$08	    lda #DNS_MAX_RETRIES
.53a0	8d 28 50	sta $5028	    sta DNS_RETRY_LEFT
.53a3	a9 02		lda #$02	    lda #DNS_TIMEOUT_TICKS_BASE
.53a5	8d 29 50	sta $5029	    sta DNS_RETRY_TICKS
.53a8	a9 02		lda #$02	    lda #DNS_TIMEOUT_TICKS_BASE
.53aa	8d 2a 50	sta $502a	    sta DNS_LAST_BACKOFF
.53ad	a9 06		lda #$06	    lda #DNS_TICK_FRAMES
.53af	8d 2b 50	sta $502b	    sta DNS_FRAME_TICKS
.53b2	20 25 4f	jsr $4f25	    jsr ARP_READ_RASTER
.53b5	ad 95 4b	lda $4b95	    lda ARP_CUR_RASTER_LO
.53b8	8d 2c 50	sta $502c	    sta DNS_LAST_RASTER_LO
.53bb	ad 96 4b	lda $4b96	    lda ARP_CUR_RASTER_HI
.53be	8d 2d 50	sta $502d	    sta DNS_LAST_RASTER_HI
.53c1	a9 01		lda #$01	    lda #DNS_STATE_WAIT
.53c3	8d 27 50	sta $5027	    sta DNS_STATE
.53c6	ad 30 50	lda $5030	    lda DNS_MSG_ID_LO
.53c9	18		clc		    clc
.53ca	69 01		adc #$01	    adc #1
.53cc	8d 30 50	sta $5030	    sta DNS_MSG_ID_LO
.53cf	ad 2f 50	lda $502f	    lda DNS_MSG_ID_HI
.53d2	69 00		adc #$00	    adc #0
.53d4	8d 2f 50	sta $502f	    sta DNS_MSG_ID_HI
.53d7	20 40 51	jsr $5140	    jsr DNS_SEND_QUERY
.53da	18		clc		    clc
.53db	60		rts		    rts
.53dc					_start_fail:
.53dc	a9 03		lda #$03	    lda #DNS_STATE_FAIL
.53de	8d 27 50	sta $5027	    sta DNS_STATE
.53e1	a9 00		lda #$00	    lda #0
.53e3	8d 23 50	sta $5023	    sta DNS_RESULT_IP+0
.53e6	8d 24 50	sta $5024	    sta DNS_RESULT_IP+1
.53e9	8d 25 50	sta $5025	    sta DNS_RESULT_IP+2
.53ec	8d 26 50	sta $5026	    sta DNS_RESULT_IP+3
.53ef	38		sec		    sec
.53f0	60		rts		    rts
.53f1					DNS_POLL:
.53f1	ad 27 50	lda $5027	    lda DNS_STATE
.53f4	60		rts		    rts
.53f5					DNS_TICK:
.53f5	ad 27 50	lda $5027	    lda DNS_STATE
.53f8	c9 01		cmp #$01	    cmp #DNS_STATE_WAIT
.53fa	d0 43		bne $543f	    bne _tick_done
.53fc	20 40 54	jsr $5440	    jsr DNS_FRAME_TICK
.53ff	90 3e		bcc $543f	    bcc _tick_done
.5401	ad 29 50	lda $5029	    lda DNS_RETRY_TICKS
.5404	f0 04		beq $540a	    beq _expired
.5406	ce 29 50	dec $5029	    dec DNS_RETRY_TICKS
.5409	60		rts		    rts
.540a					_expired:
.540a	ad 28 50	lda $5028	    lda DNS_RETRY_LEFT
.540d	f0 29		beq $5438	    beq _give_up
.540f	20 14 53	jsr $5314	    jsr DNS_ENSURE_ARP_READY
.5412	b0 16		bcs $542a	    bcs _defer                 ; C=1 -> not ready
.5414	ce 28 50	dec $5028	    dec DNS_RETRY_LEFT
.5417	ad 2a 50	lda $502a	    lda DNS_LAST_BACKOFF
.541a	18		clc		    clc
.541b	69 01		adc #$01	    adc #1
.541d	8d 2a 50	sta $502a	    sta DNS_LAST_BACKOFF
.5420	ad 2a 50	lda $502a	    lda DNS_LAST_BACKOFF
.5423	8d 29 50	sta $5029	    sta DNS_RETRY_TICKS
.5426	20 40 51	jsr $5140	    jsr DNS_SEND_QUERY
.5429	60		rts		    rts
.542a					_defer:
.542a	ad b4 50	lda $50b4	    lda DNS_ARP_DEFERS
.542d	f0 09		beq $5438	    beq _give_up
.542f	ce b4 50	dec $50b4	    dec DNS_ARP_DEFERS
.5432	a9 02		lda #$02	    lda #DNS_TIMEOUT_TICKS_BASE     ;#1
.5434	8d 29 50	sta $5029	    sta DNS_RETRY_TICKS
.5437	60		rts		    rts
.5438					_give_up:
.5438	a9 f1		lda #$f1	    lda #$f1
.543a	a9 03		lda #$03	    lda #DNS_STATE_FAIL
.543c	8d 27 50	sta $5027	    sta DNS_STATE
.543f					_tick_done:
.543f	60		rts		    rts
.5440					DNS_FRAME_TICK:
.5440	20 25 4f	jsr $4f25	    jsr ARP_READ_RASTER
.5443	ad 96 4b	lda $4b96	    lda ARP_CUR_RASTER_HI
.5446	cd 2d 50	cmp $502d	    cmp DNS_LAST_RASTER_HI
.5449	90 18		bcc $5463	    bcc _dns_frame_elapsed
.544b	d0 08		bne $5455	    bne _dns_no_frame
.544d	ad 95 4b	lda $4b95	    lda ARP_CUR_RASTER_LO
.5450	cd 2c 50	cmp $502c	    cmp DNS_LAST_RASTER_LO
.5453	90 0e		bcc $5463	    bcc _dns_frame_elapsed
.5455					_dns_no_frame:
.5455	ad 95 4b	lda $4b95	    lda ARP_CUR_RASTER_LO
.5458	8d 2c 50	sta $502c	    sta DNS_LAST_RASTER_LO
.545b	ad 96 4b	lda $4b96	    lda ARP_CUR_RASTER_HI
.545e	8d 2d 50	sta $502d	    sta DNS_LAST_RASTER_HI
.5461	18		clc		    clc
.5462	60		rts		    rts
.5463					_dns_frame_elapsed:
.5463	ad 95 4b	lda $4b95	    lda ARP_CUR_RASTER_LO
.5466	8d 2c 50	sta $502c	    sta DNS_LAST_RASTER_LO
.5469	ad 96 4b	lda $4b96	    lda ARP_CUR_RASTER_HI
.546c	8d 2d 50	sta $502d	    sta DNS_LAST_RASTER_HI
.546f	ad 2b 50	lda $502b	    lda DNS_FRAME_TICKS
.5472	f0 07		beq $547b	    beq _dns_emit_tick
.5474	ce 2b 50	dec $502b	    dec DNS_FRAME_TICKS
.5477	f0 02		beq $547b	    beq _dns_emit_tick
.5479	18		clc		    clc
.547a	60		rts		    rts
.547b					_dns_emit_tick:
.547b	a9 06		lda #$06	    lda #DNS_TICK_FRAMES
.547d	8d 2b 50	sta $502b	    sta DNS_FRAME_TICKS
.5480	38		sec		    sec
.5481	60		rts		    rts
.5482					DNS_UDP_IN:
.5482	ad 27 50	lda $5027	    lda DNS_STATE
.5485	c9 01		cmp #$01	    cmp #DNS_STATE_WAIT
.5487	d3 26 02	bne $56af	    bne DNS2_NOT_DNS
.548a	a9 10		lda #$10	    lda #$10
.548c	ad 91 28	lda $2891	    lda ETH_RX_FRAME_PAYLOAD+0
.548f	29 0f		and #$0f	    and #$0F
.5491	0a		asl a		    asl
.5492	0a		asl a		    asl
.5493	8d 83 59	sta $5983	    sta ihl
.5496	ac 83 59	ldy $5983	    ldy ihl
.5499	ad 31 50	lda $5031	    lda DNS_CLIENT_PORT_HI
.549c	29 1f		and #$1f	    and #$1F
.549e	09 c0		ora #$c0	    ora #$C0
.54a0	8d 84 59	sta $5984	    sta expected_port_hi
.54a3	b9 93 28	lda $2893,y	    lda ETH_RX_FRAME_PAYLOAD+2,y
.54a6	cd 84 59	cmp $5984	    cmp expected_port_hi
.54a9	d3 04 02	bne $56af	    bne DNS2_NOT_DNS
.54ac	b9 94 28	lda $2894,y	    lda ETH_RX_FRAME_PAYLOAD+3,y
.54af	cd 32 50	cmp $5032	    cmp DNS_CLIENT_PORT_LO
.54b2	d3 fb 01	bne $56af	    bne DNS2_NOT_DNS
.54b5	a9 11		lda #$11	    lda #$11
.54b7	b9 91 28	lda $2891,y	    lda ETH_RX_FRAME_PAYLOAD+0,y
.54ba	c9 00		cmp #$00	    cmp #$00
.54bc	d3 f1 01	bne $56af	    bne DNS2_NOT_DNS
.54bf	b9 92 28	lda $2892,y	    lda ETH_RX_FRAME_PAYLOAD+1,y
.54c2	c9 35		cmp #$35	    cmp #DNS_PORT
.54c4	d3 e9 01	bne $56af	    bne DNS2_NOT_DNS
.54c7	a2 03		ldx #$03	    ldx #3
.54c9					DNS2_SRC_CHECK:
.54c9	bd 9d 28	lda $289d,x	    lda ETH_RX_FRAME_PAYLOAD+12,x
.54cc	dd 14 21	cmp $2114,x	    cmp PRIMARY_DNS,x
.54cf	d3 de 01	bne $56af	    bne DNS2_NOT_DNS
.54d2	ca		dex		    dex
.54d3	10 f4		bpl $54c9	    bpl DNS2_SRC_CHECK
.54d5	a9 12		lda #$12	    lda #$12
.54d7	a9 00		lda #$00	    lda #$00
.54d9	8d a6 59	sta $59a6	    sta DNS2_BOUNDS_FAIL
.54dc	b9 96 28	lda $2896,y	    lda ETH_RX_FRAME_PAYLOAD+UDP_HDR_LEN_LO,y
.54df	38		sec		    sec
.54e0	e9 08		sbc #$08	    sbc #UDP_DATA_BASE
.54e2	8d a2 59	sta $59a2	    sta DNS2_SKIP_LO
.54e5	b9 95 28	lda $2895,y	    lda ETH_RX_FRAME_PAYLOAD+UDP_HDR_LEN_HI,y
.54e8	e9 00		sbc #$00	    sbc #$00
.54ea	93 be 01	bcc $56aa	    bcc DNS2_FAIL
.54ed	8d a3 59	sta $59a3	    sta DNS2_SKIP_HI
.54f0	d0 08		bne $54fa	    bne DNS2_UDP_LEN_NONZERO
.54f2	ad a2 59	lda $59a2	    lda DNS2_SKIP_LO
.54f5	c9 0c		cmp #$0c	    cmp #$0c
.54f7	93 b1 01	bcc $56aa	    bcc DNS2_FAIL
.54fa					DNS2_UDP_LEN_NONZERO:
.54fa	ad fa 45	lda $45fa	    lda IPV4_RX_TOTAL_LO
.54fd	38		sec		    sec
.54fe	ed 83 59	sbc $5983	    sbc ihl
.5501	8d a4 59	sta $59a4	    sta DNS2_PTR_LO
.5504	ad f9 45	lda $45f9	    lda IPV4_RX_TOTAL_HI
.5507	e9 00		sbc #$00	    sbc #$00
.5509	93 9f 01	bcc $56aa	    bcc DNS2_FAIL
.550c	8d a5 59	sta $59a5	    sta DNS2_PTR_HI
.550f	ad a4 59	lda $59a4	    lda DNS2_PTR_LO
.5512	38		sec		    sec
.5513	e9 08		sbc #$08	    sbc #UDP_DATA_BASE
.5515	8d a4 59	sta $59a4	    sta DNS2_PTR_LO
.5518	ad a5 59	lda $59a5	    lda DNS2_PTR_HI
.551b	e9 00		sbc #$00	    sbc #$00
.551d	93 8b 01	bcc $56aa	    bcc DNS2_FAIL
.5520	8d a5 59	sta $59a5	    sta DNS2_PTR_HI
.5523	d0 08		bne $552d	    bne DNS2_REAL_LEN_OK
.5525	ad a4 59	lda $59a4	    lda DNS2_PTR_LO
.5528	c9 0c		cmp #$0c	    cmp #$0c
.552a	93 7e 01	bcc $56aa	    bcc DNS2_FAIL
.552d					DNS2_REAL_LEN_OK:
.552d	ad a5 59	lda $59a5	    lda DNS2_PTR_HI
.5530	cd a3 59	cmp $59a3	    cmp DNS2_SKIP_HI
.5533	90 0a		bcc $553f	    bcc DNS2_CLAMP_LEN
.5535	d0 14		bne $554b	    bne DNS2_UDP_LEN_OK
.5537	ad a4 59	lda $59a4	    lda DNS2_PTR_LO
.553a	cd a2 59	cmp $59a2	    cmp DNS2_SKIP_LO
.553d	b0 0c		bcs $554b	    bcs DNS2_UDP_LEN_OK
.553f					DNS2_CLAMP_LEN:
.553f	ad a4 59	lda $59a4	    lda DNS2_PTR_LO
.5542	8d a2 59	sta $59a2	    sta DNS2_SKIP_LO
.5545	ad a5 59	lda $59a5	    lda DNS2_PTR_HI
.5548	8d a3 59	sta $59a3	    sta DNS2_SKIP_HI
.554b					DNS2_UDP_LEN_OK:
.554b	a9 99		lda #$99	    lda #<ETH_RX_FRAME_PAYLOAD+UDP_DATA_BASE
.554d	18		clc		    clc
.554e	6d 83 59	adc $5983	    adc ihl
.5551	8d 8d 59	sta $598d	    sta DNS2_BASE_LO
.5554	8d 8f 59	sta $598f	    sta DNS2_RD_LO
.5557	a9 28		lda #$28	    lda #>ETH_RX_FRAME_PAYLOAD+UDP_DATA_BASE
.5559	69 00		adc #$00	    adc #$00
.555b	8d 8e 59	sta $598e	    sta DNS2_BASE_HI
.555e	8d 90 59	sta $5990	    sta DNS2_RD_HI
.5561	ad 8d 59	lda $598d	    lda DNS2_BASE_LO
.5564	18		clc		    clc
.5565	6d a2 59	adc $59a2	    adc DNS2_SKIP_LO
.5568	8d 91 59	sta $5991	    sta DNS2_END_LO
.556b	ad 8e 59	lda $598e	    lda DNS2_BASE_HI
.556e	6d a3 59	adc $59a3	    adc DNS2_SKIP_HI
.5571	8d 92 59	sta $5992	    sta DNS2_END_HI
.5574	20 4d 59	jsr $594d	    jsr DNS2_READ_BYTE
.5577	cd 2f 50	cmp $502f	    cmp DNS_MSG_ID_HI
.557a	d3 33 01	bne $56af	    bne DNS2_NOT_DNS
.557d	20 4d 59	jsr $594d	    jsr DNS2_READ_BYTE
.5580	cd 30 50	cmp $5030	    cmp DNS_MSG_ID_LO
.5583	d3 2a 01	bne $56af	    bne DNS2_NOT_DNS
.5586	a9 13		lda #$13	    lda #$13
.5588	20 4d 59	jsr $594d	    jsr DNS2_READ_BYTE
.558b	8d 93 59	sta $5993	    sta DNS2_FLAGS_HI
.558e	20 4d 59	jsr $594d	    jsr DNS2_READ_BYTE
.5591	8d 94 59	sta $5994	    sta DNS2_FLAGS_LO
.5594	ad 93 59	lda $5993	    lda DNS2_FLAGS_HI
.5597	29 80		and #$80	    and #%10000000
.5599	f3 14 01	beq $56af	    beq DNS2_NOT_DNS
.559c	ad 93 59	lda $5993	    lda DNS2_FLAGS_HI
.559f	29 02		and #$02	    and #%00000010
.55a1	d3 07 01	bne $56aa	    bne DNS2_FAIL
.55a4	ad 94 59	lda $5994	    lda DNS2_FLAGS_LO
.55a7	29 0f		and #$0f	    and #$0F
.55a9	d3 ff 00	bne $56aa	    bne DNS2_FAIL
.55ac	a9 14		lda #$14	    lda #$14
.55ae	20 4d 59	jsr $594d	    jsr DNS2_READ_BYTE
.55b1	d3 f7 00	bne $56aa	    bne DNS2_FAIL
.55b4	20 4d 59	jsr $594d	    jsr DNS2_READ_BYTE
.55b7	8d 95 59	sta $5995	    sta DNS2_QD_LEFT
.55ba	20 4d 59	jsr $594d	    jsr DNS2_READ_BYTE
.55bd	8d 96 59	sta $5996	    sta DNS2_ANS_HI
.55c0	20 4d 59	jsr $594d	    jsr DNS2_READ_BYTE
.55c3	8d 97 59	sta $5997	    sta DNS2_ANS_LEFT
.55c6	20 4d 59	jsr $594d	    jsr DNS2_READ_BYTE
.55c9	8d 98 59	sta $5998	    sta DNS2_NS_HI
.55cc	20 4d 59	jsr $594d	    jsr DNS2_READ_BYTE
.55cf	8d 99 59	sta $5999	    sta DNS2_NS_LEFT
.55d2	20 4d 59	jsr $594d	    jsr DNS2_READ_BYTE
.55d5	8d 9a 59	sta $599a	    sta DNS2_AR_HI
.55d8	20 4d 59	jsr $594d	    jsr DNS2_READ_BYTE
.55db	8d 9b 59	sta $599b	    sta DNS2_AR_LEFT
.55de	ad 95 59	lda $5995	    lda DNS2_QD_LEFT
.55e1	f3 c7 00	beq $56aa	    beq DNS2_FAIL
.55e4					DNS2_SKIP_QUESTIONS:
.55e4	ad 95 59	lda $5995	    lda DNS2_QD_LEFT
.55e7	f0 16		beq $55ff	    beq DNS2_PREP_ANSWERS
.55e9	20 ce 58	jsr $58ce	    jsr DNS2_SKIP_NAME
.55ec	b3 bc 00	bcs $56aa	    bcs DNS2_FAIL
.55ef	a9 04		lda #$04	    lda #$04
.55f1	a2 00		ldx #$00	    ldx #$00
.55f3	20 09 59	jsr $5909	    jsr DNS2_SKIP_BYTES
.55f6	b3 b2 00	bcs $56aa	    bcs DNS2_FAIL
.55f9	ce 95 59	dec $5995	    dec DNS2_QD_LEFT
.55fc	4c e4 55	jmp $55e4	    jmp DNS2_SKIP_QUESTIONS
.55ff					DNS2_PREP_ANSWERS:
.55ff	ad 96 59	lda $5996	    lda DNS2_ANS_HI
.5602	f0 05		beq $5609	    beq DNS2_ANS_LOW_ONLY
.5604	a9 ff		lda #$ff	    lda #$FF
.5606	8d 97 59	sta $5997	    sta DNS2_ANS_LEFT
.5609					DNS2_ANS_LOW_ONLY:
.5609	ad 97 59	lda $5997	    lda DNS2_ANS_LEFT
.560c	f3 9c 00	beq $56aa	    beq DNS2_FAIL
.560f	a9 00		lda #$00	    lda #$00
.5611	8d 88 59	sta $5988	    sta seen_cname
.5614	a9 15		lda #$15	    lda #$15
.5616					DNS2_ANSWER_LOOP:
.5616	20 a2 57	jsr $57a2	    jsr DNS2_MATCH_QNAME
.5619	b3 8f 00	bcs $56aa	    bcs DNS2_FAIL
.561c	20 4d 59	jsr $594d	    jsr DNS2_READ_BYTE
.561f	8d 9c 59	sta $599c	    sta DNS2_TYPE_HI
.5622	20 4d 59	jsr $594d	    jsr DNS2_READ_BYTE
.5625	8d 9d 59	sta $599d	    sta DNS2_TYPE_LO
.5628	20 4d 59	jsr $594d	    jsr DNS2_READ_BYTE
.562b	8d 9e 59	sta $599e	    sta DNS2_CLASS_HI
.562e	20 4d 59	jsr $594d	    jsr DNS2_READ_BYTE
.5631	8d 9f 59	sta $599f	    sta DNS2_CLASS_LO
.5634	a9 04		lda #$04	    lda #$04
.5636	a2 00		ldx #$00	    ldx #$00
.5638	20 09 59	jsr $5909	    jsr DNS2_SKIP_BYTES
.563b	b0 6d		bcs $56aa	    bcs DNS2_FAIL
.563d	20 4d 59	jsr $594d	    jsr DNS2_READ_BYTE
.5640	8d a0 59	sta $59a0	    sta DNS2_RDLEN_HI
.5643	20 4d 59	jsr $594d	    jsr DNS2_READ_BYTE
.5646	8d a1 59	sta $59a1	    sta DNS2_RDLEN_LO
.5649	ad 9c 59	lda $599c	    lda DNS2_TYPE_HI
.564c	d0 46		bne $5694	    bne DNS2_SKIP_RDATA
.564e	ad 9d 59	lda $599d	    lda DNS2_TYPE_LO
.5651	c9 05		cmp #$05	    cmp #$05
.5653	f0 24		beq $5679	    beq DNS2_CHECK_CNAME
.5655	c9 01		cmp #$01	    cmp #$01
.5657	d0 3b		bne $5694	    bne DNS2_SKIP_RDATA
.5659					DNS2_CHECK_A:
.5659	ad aa 59	lda $59aa	    lda DNS2_OWNER_MATCH
.565c	f0 36		beq $5694	    beq DNS2_SKIP_RDATA
.565e	ad 9e 59	lda $599e	    lda DNS2_CLASS_HI
.5661	d0 31		bne $5694	    bne DNS2_SKIP_RDATA
.5663	ad 9f 59	lda $599f	    lda DNS2_CLASS_LO
.5666	c9 01		cmp #$01	    cmp #$01
.5668	d0 2a		bne $5694	    bne DNS2_SKIP_RDATA
.566a	ad a0 59	lda $59a0	    lda DNS2_RDLEN_HI
.566d	d0 25		bne $5694	    bne DNS2_SKIP_RDATA
.566f	ad a1 59	lda $59a1	    lda DNS2_RDLEN_LO
.5672	c9 04		cmp #$04	    cmp #$04
.5674	d0 1e		bne $5694	    bne DNS2_SKIP_RDATA
.5676	4c b0 56	jmp $56b0	    jmp DNS2_ACCEPT_A
.5679					DNS2_CHECK_CNAME:
.5679	ad aa 59	lda $59aa	    lda DNS2_OWNER_MATCH
.567c	f0 16		beq $5694	    beq DNS2_SKIP_RDATA
.567e	ad 9e 59	lda $599e	    lda DNS2_CLASS_HI
.5681	d0 11		bne $5694	    bne DNS2_SKIP_RDATA
.5683	ad 9f 59	lda $599f	    lda DNS2_CLASS_LO
.5686	c9 01		cmp #$01	    cmp #$01
.5688	d0 0a		bne $5694	    bne DNS2_SKIP_RDATA
.568a	20 23 6f	jsr $6f23	    jsr DNS2_COPY_CNAME_RDATA
.568d	b0 1b		bcs $56aa	    bcs DNS2_FAIL
.568f	a9 01		lda #$01	    lda #$01
.5691	8d 88 59	sta $5988	    sta seen_cname
.5694					DNS2_SKIP_RDATA:
.5694	ad a1 59	lda $59a1	    lda DNS2_RDLEN_LO
.5697	ae a0 59	ldx $59a0	    ldx DNS2_RDLEN_HI
.569a	20 09 59	jsr $5909	    jsr DNS2_SKIP_BYTES
.569d	b0 0b		bcs $56aa	    bcs DNS2_FAIL
.569f	ce 97 59	dec $5997	    dec DNS2_ANS_LEFT
.56a2	d3 72 ff	bne $5616	    bne DNS2_ANSWER_LOOP
.56a5	ad 88 59	lda $5988	    lda seen_cname
.56a8	d0 2b		bne $56d5	    bne DNS2_PREP_AUTHORITY
.56aa					DNS2_FAIL:
.56aa	a9 03		lda #$03	    lda #DNS_STATE_FAIL
.56ac	8d 27 50	sta $5027	    sta DNS_STATE
.56af					DNS2_NOT_DNS:
.56af	60		rts		    rts
.56b0					DNS2_ACCEPT_A:
.56b0	20 4d 59	jsr $594d	    jsr DNS2_READ_BYTE
.56b3	8d 23 50	sta $5023	    sta DNS_RESULT_IP+0
.56b6	20 4d 59	jsr $594d	    jsr DNS2_READ_BYTE
.56b9	8d 24 50	sta $5024	    sta DNS_RESULT_IP+1
.56bc	20 4d 59	jsr $594d	    jsr DNS2_READ_BYTE
.56bf	8d 25 50	sta $5025	    sta DNS_RESULT_IP+2
.56c2	20 4d 59	jsr $594d	    jsr DNS2_READ_BYTE
.56c5	8d 26 50	sta $5026	    sta DNS_RESULT_IP+3
.56c8	ad a6 59	lda $59a6	    lda DNS2_BOUNDS_FAIL
.56cb	d0 dd		bne $56aa	    bne DNS2_FAIL
.56cd	a9 02		lda #$02	    lda #DNS_STATE_DONE
.56cf	8d 27 50	sta $5027	    sta DNS_STATE
.56d2	a9 20		lda #$20	    lda #$20
.56d4	60		rts		    rts
.56d5					DNS2_PREP_AUTHORITY:
.56d5	ad 98 59	lda $5998	    lda DNS2_NS_HI
.56d8	f0 05		beq $56df	    beq DNS2_NS_LOW_ONLY
.56da	a9 ff		lda #$ff	    lda #$FF
.56dc	8d 99 59	sta $5999	    sta DNS2_NS_LEFT
.56df					DNS2_NS_LOW_ONLY:
.56df	ad 99 59	lda $5999	    lda DNS2_NS_LEFT
.56e2	f0 0c		beq $56f0	    beq DNS2_PREP_ADDITIONAL
.56e4	a9 17		lda #$17	    lda #$17
.56e6					DNS2_AUTHORITY_LOOP:
.56e6	20 74 57	jsr $5774	    jsr DNS2_SKIP_RR
.56e9	b0 bf		bcs $56aa	    bcs DNS2_FAIL
.56eb	ce 99 59	dec $5999	    dec DNS2_NS_LEFT
.56ee	d0 f6		bne $56e6	    bne DNS2_AUTHORITY_LOOP
.56f0					DNS2_PREP_ADDITIONAL:
.56f0	ad 9a 59	lda $599a	    lda DNS2_AR_HI
.56f3	f0 05		beq $56fa	    beq DNS2_AR_LOW_ONLY
.56f5	a9 ff		lda #$ff	    lda #$FF
.56f7	8d 9b 59	sta $599b	    sta DNS2_AR_LEFT
.56fa					DNS2_AR_LOW_ONLY:
.56fa	ad 9b 59	lda $599b	    lda DNS2_AR_LEFT
.56fd	f3 0f 19	beq $700e	    beq DNS2_REQUERY_CNAME
.5700	a9 16		lda #$16	    lda #$16
.5702					DNS2_ADDITIONAL_LOOP:
.5702	20 a2 57	jsr $57a2	    jsr DNS2_MATCH_QNAME
.5705	b0 a3		bcs $56aa	    bcs DNS2_FAIL
.5707	20 4d 59	jsr $594d	    jsr DNS2_READ_BYTE
.570a	8d 9c 59	sta $599c	    sta DNS2_TYPE_HI
.570d	20 4d 59	jsr $594d	    jsr DNS2_READ_BYTE
.5710	8d 9d 59	sta $599d	    sta DNS2_TYPE_LO
.5713	20 4d 59	jsr $594d	    jsr DNS2_READ_BYTE
.5716	8d 9e 59	sta $599e	    sta DNS2_CLASS_HI
.5719	20 4d 59	jsr $594d	    jsr DNS2_READ_BYTE
.571c	8d 9f 59	sta $599f	    sta DNS2_CLASS_LO
.571f	a9 04		lda #$04	    lda #$04
.5721	a2 00		ldx #$00	    ldx #$00
.5723	20 09 59	jsr $5909	    jsr DNS2_SKIP_BYTES
.5726	b0 82		bcs $56aa	    bcs DNS2_FAIL
.5728	20 4d 59	jsr $594d	    jsr DNS2_READ_BYTE
.572b	8d a0 59	sta $59a0	    sta DNS2_RDLEN_HI
.572e	20 4d 59	jsr $594d	    jsr DNS2_READ_BYTE
.5731	8d a1 59	sta $59a1	    sta DNS2_RDLEN_LO
.5734	ad 9c 59	lda $599c	    lda DNS2_TYPE_HI
.5737	d0 27		bne $5760	    bne DNS2_SKIP_AR_RDATA
.5739	ad 9d 59	lda $599d	    lda DNS2_TYPE_LO
.573c	c9 01		cmp #$01	    cmp #$01
.573e	d0 20		bne $5760	    bne DNS2_SKIP_AR_RDATA
.5740	ad aa 59	lda $59aa	    lda DNS2_OWNER_MATCH
.5743	f0 1b		beq $5760	    beq DNS2_SKIP_AR_RDATA
.5745	ad 9e 59	lda $599e	    lda DNS2_CLASS_HI
.5748	d0 16		bne $5760	    bne DNS2_SKIP_AR_RDATA
.574a	ad 9f 59	lda $599f	    lda DNS2_CLASS_LO
.574d	c9 01		cmp #$01	    cmp #$01
.574f	d0 0f		bne $5760	    bne DNS2_SKIP_AR_RDATA
.5751	ad a0 59	lda $59a0	    lda DNS2_RDLEN_HI
.5754	d0 0a		bne $5760	    bne DNS2_SKIP_AR_RDATA
.5756	ad a1 59	lda $59a1	    lda DNS2_RDLEN_LO
.5759	c9 04		cmp #$04	    cmp #$04
.575b	d0 03		bne $5760	    bne DNS2_SKIP_AR_RDATA
.575d	4c b0 56	jmp $56b0	    jmp DNS2_ACCEPT_A
.5760					DNS2_SKIP_AR_RDATA:
.5760	ad a1 59	lda $59a1	    lda DNS2_RDLEN_LO
.5763	ae a0 59	ldx $59a0	    ldx DNS2_RDLEN_HI
.5766	20 09 59	jsr $5909	    jsr DNS2_SKIP_BYTES
.5769	b3 3f ff	bcs $56aa	    bcs DNS2_FAIL
.576c	ce 9b 59	dec $599b	    dec DNS2_AR_LEFT
.576f	d0 91		bne $5702	    bne DNS2_ADDITIONAL_LOOP
.5771	4c 0e 70	jmp $700e	    jmp DNS2_REQUERY_CNAME
.5774					DNS2_SKIP_RR:
.5774	20 ce 58	jsr $58ce	    jsr DNS2_SKIP_NAME
.5777	b0 27		bcs $57a0	    bcs DNS2_SKIP_RR_BAD
.5779	a9 08		lda #$08	    lda #$08
.577b	a2 00		ldx #$00	    ldx #$00
.577d	20 09 59	jsr $5909	    jsr DNS2_SKIP_BYTES
.5780	b0 1e		bcs $57a0	    bcs DNS2_SKIP_RR_BAD
.5782	20 4d 59	jsr $594d	    jsr DNS2_READ_BYTE
.5785	8d a0 59	sta $59a0	    sta DNS2_RDLEN_HI
.5788	20 4d 59	jsr $594d	    jsr DNS2_READ_BYTE
.578b	8d a1 59	sta $59a1	    sta DNS2_RDLEN_LO
.578e	ad a1 59	lda $59a1	    lda DNS2_RDLEN_LO
.5791	ae a0 59	ldx $59a0	    ldx DNS2_RDLEN_HI
.5794	20 09 59	jsr $5909	    jsr DNS2_SKIP_BYTES
.5797	b0 07		bcs $57a0	    bcs DNS2_SKIP_RR_BAD
.5799	ad a6 59	lda $59a6	    lda DNS2_BOUNDS_FAIL
.579c	d0 02		bne $57a0	    bne DNS2_SKIP_RR_BAD
.579e	18		clc		    clc
.579f	60		rts		    rts
.57a0					DNS2_SKIP_RR_BAD:
.57a0	38		sec		    sec
.57a1	60		rts		    rts
.57a2					DNS2_MATCH_QNAME:
.57a2	a9 01		lda #$01	    lda #$01
.57a4	8d aa 59	sta $59aa	    sta DNS2_OWNER_MATCH
.57a7	a9 00		lda #$00	    lda #$00
.57a9	8d ab 59	sta $59ab	    sta DNS2_MATCH_IDX
.57ac	8d a7 59	sta $59a7	    sta DNS2_NAME_GUARD
.57af					DNS2_MATCH_MAIN_LOOP:
.57af	ee a7 59	inc $59a7	    inc DNS2_NAME_GUARD
.57b2	ad a7 59	lda $59a7	    lda DNS2_NAME_GUARD
.57b5	c9 40		cmp #$40	    cmp #$40
.57b7	b3 c9 00	bcs $5882	    bcs DNS2_MATCH_BAD
.57ba	20 4d 59	jsr $594d	    jsr DNS2_READ_BYTE
.57bd	aa		tax		    tax
.57be	ad a6 59	lda $59a6	    lda DNS2_BOUNDS_FAIL
.57c1	d3 bf 00	bne $5882	    bne DNS2_MATCH_BAD
.57c4	8a		txa		    txa
.57c5	29 c0		and #$c0	    and #$C0
.57c7	f0 07		beq $57d0	    beq DNS2_MATCH_MAIN_LABEL
.57c9	c9 c0		cmp #$c0	    cmp #$C0
.57cb	f0 2a		beq $57f7	    beq DNS2_MATCH_MAIN_POINTER
.57cd	4c 82 58	jmp $5882	    jmp DNS2_MATCH_BAD
.57d0					DNS2_MATCH_MAIN_LABEL:
.57d0	8a		txa		    txa
.57d1	29 3f		and #$3f	    and #$3F
.57d3	20 98 58	jsr $5898	    jsr DNS2_MATCH_COMPARE_BYTE
.57d6	ad ad 59	lda $59ad	    lda DNS2_MATCH_BYTE
.57d9	29 3f		and #$3f	    and #$3F
.57db	f3 8c 00	beq $5869	    beq DNS2_MATCH_DONE
.57de	8d ac 59	sta $59ac	    sta DNS2_MATCH_COUNT
.57e1					DNS2_MATCH_MAIN_LABEL_BYTE:
.57e1	20 4d 59	jsr $594d	    jsr DNS2_READ_BYTE
.57e4	aa		tax		    tax
.57e5	ad a6 59	lda $59a6	    lda DNS2_BOUNDS_FAIL
.57e8	d3 98 00	bne $5882	    bne DNS2_MATCH_BAD
.57eb	8a		txa		    txa
.57ec	20 98 58	jsr $5898	    jsr DNS2_MATCH_COMPARE_BYTE
.57ef	ce ac 59	dec $59ac	    dec DNS2_MATCH_COUNT
.57f2	d0 ed		bne $57e1	    bne DNS2_MATCH_MAIN_LABEL_BYTE
.57f4	4c af 57	jmp $57af	    jmp DNS2_MATCH_MAIN_LOOP
.57f7					DNS2_MATCH_MAIN_POINTER:
.57f7	8a		txa		    txa
.57f8	29 3f		and #$3f	    and #$3F
.57fa	8d a5 59	sta $59a5	    sta DNS2_PTR_HI
.57fd	20 4d 59	jsr $594d	    jsr DNS2_READ_BYTE
.5800	8d a4 59	sta $59a4	    sta DNS2_PTR_LO
.5803	ad a6 59	lda $59a6	    lda DNS2_BOUNDS_FAIL
.5806	d0 7a		bne $5882	    bne DNS2_MATCH_BAD
.5808	20 84 58	jsr $5884	    jsr DNS2_MATCH_SET_NAME_PTR
.580b	4c 0e 58	jmp $580e	    jmp DNS2_MATCH_PTR_LOOP
.580e					DNS2_MATCH_PTR_LOOP:
.580e	ee a7 59	inc $59a7	    inc DNS2_NAME_GUARD
.5811	ad a7 59	lda $59a7	    lda DNS2_NAME_GUARD
.5814	c9 40		cmp #$40	    cmp #$40
.5816	b0 6a		bcs $5882	    bcs DNS2_MATCH_BAD
.5818	20 d8 6f	jsr $6fd8	    jsr DNS2_READ_NAME_BYTE
.581b	aa		tax		    tax
.581c	ad a6 59	lda $59a6	    lda DNS2_BOUNDS_FAIL
.581f	d0 61		bne $5882	    bne DNS2_MATCH_BAD
.5821	8a		txa		    txa
.5822	29 c0		and #$c0	    and #$C0
.5824	f0 07		beq $582d	    beq DNS2_MATCH_PTR_LABEL
.5826	c9 c0		cmp #$c0	    cmp #$C0
.5828	f0 28		beq $5852	    beq DNS2_MATCH_PTR_POINTER
.582a	4c 82 58	jmp $5882	    jmp DNS2_MATCH_BAD
.582d					DNS2_MATCH_PTR_LABEL:
.582d	8a		txa		    txa
.582e	29 3f		and #$3f	    and #$3F
.5830	20 98 58	jsr $5898	    jsr DNS2_MATCH_COMPARE_BYTE
.5833	ad ad 59	lda $59ad	    lda DNS2_MATCH_BYTE
.5836	29 3f		and #$3f	    and #$3F
.5838	f0 2f		beq $5869	    beq DNS2_MATCH_DONE
.583a	8d ac 59	sta $59ac	    sta DNS2_MATCH_COUNT
.583d					DNS2_MATCH_PTR_LABEL_BYTE:
.583d	20 d8 6f	jsr $6fd8	    jsr DNS2_READ_NAME_BYTE
.5840	aa		tax		    tax
.5841	ad a6 59	lda $59a6	    lda DNS2_BOUNDS_FAIL
.5844	d0 3c		bne $5882	    bne DNS2_MATCH_BAD
.5846	8a		txa		    txa
.5847	20 98 58	jsr $5898	    jsr DNS2_MATCH_COMPARE_BYTE
.584a	ce ac 59	dec $59ac	    dec DNS2_MATCH_COUNT
.584d	d0 ee		bne $583d	    bne DNS2_MATCH_PTR_LABEL_BYTE
.584f	4c 0e 58	jmp $580e	    jmp DNS2_MATCH_PTR_LOOP
.5852					DNS2_MATCH_PTR_POINTER:
.5852	8a		txa		    txa
.5853	29 3f		and #$3f	    and #$3F
.5855	8d a5 59	sta $59a5	    sta DNS2_PTR_HI
.5858	20 d8 6f	jsr $6fd8	    jsr DNS2_READ_NAME_BYTE
.585b	8d a4 59	sta $59a4	    sta DNS2_PTR_LO
.585e	ad a6 59	lda $59a6	    lda DNS2_BOUNDS_FAIL
.5861	d0 1f		bne $5882	    bne DNS2_MATCH_BAD
.5863	20 84 58	jsr $5884	    jsr DNS2_MATCH_SET_NAME_PTR
.5866	4c 0e 58	jmp $580e	    jmp DNS2_MATCH_PTR_LOOP
.5869					DNS2_MATCH_DONE:
.5869	ad a6 59	lda $59a6	    lda DNS2_BOUNDS_FAIL
.586c	d0 14		bne $5882	    bne DNS2_MATCH_BAD
.586e	ad aa 59	lda $59aa	    lda DNS2_OWNER_MATCH
.5871	f0 0d		beq $5880	    beq DNS2_MATCH_OK
.5873	ad ab 59	lda $59ab	    lda DNS2_MATCH_IDX
.5876	cd b3 50	cmp $50b3	    cmp DNS_QNAME_LEN
.5879	f0 05		beq $5880	    beq DNS2_MATCH_OK
.587b	a9 00		lda #$00	    lda #$00
.587d	8d aa 59	sta $59aa	    sta DNS2_OWNER_MATCH
.5880					DNS2_MATCH_OK:
.5880	18		clc		    clc
.5881	60		rts		    rts
.5882					DNS2_MATCH_BAD:
.5882	38		sec		    sec
.5883	60		rts		    rts
.5884					DNS2_MATCH_SET_NAME_PTR:
.5884	ad 8d 59	lda $598d	    lda DNS2_BASE_LO
.5887	18		clc		    clc
.5888	6d a4 59	adc $59a4	    adc DNS2_PTR_LO
.588b	8d a8 59	sta $59a8	    sta DNS2_NAME_LO
.588e	ad 8e 59	lda $598e	    lda DNS2_BASE_HI
.5891	6d a5 59	adc $59a5	    adc DNS2_PTR_HI
.5894	8d a9 59	sta $59a9	    sta DNS2_NAME_HI
.5897	60		rts		    rts
.5898					DNS2_MATCH_COMPARE_BYTE:
.5898	20 c3 58	jsr $58c3	    jsr DNS2_MATCH_LOWER_A
.589b	8d ad 59	sta $59ad	    sta DNS2_MATCH_BYTE
.589e	ad aa 59	lda $59aa	    lda DNS2_OWNER_MATCH
.58a1	f0 1f		beq $58c2	    beq DNS2_MATCH_COMPARE_DONE
.58a3	ae ab 59	ldx $59ab	    ldx DNS2_MATCH_IDX
.58a6	ec b3 50	cpx $50b3	    cpx DNS_QNAME_LEN
.58a9	90 06		bcc $58b1	    bcc DNS2_MATCH_COMPARE_IDX_OK
.58ab	a9 00		lda #$00	    lda #$00
.58ad	8d aa 59	sta $59aa	    sta DNS2_OWNER_MATCH
.58b0	60		rts		    rts
.58b1					DNS2_MATCH_COMPARE_IDX_OK:
.58b1	ad ad 59	lda $59ad	    lda DNS2_MATCH_BYTE
.58b4	dd 33 50	cmp $5033,x	    cmp DNS_QNAME,x
.58b7	f0 06		beq $58bf	    beq DNS2_MATCH_COMPARE_SAME
.58b9	a9 00		lda #$00	    lda #$00
.58bb	8d aa 59	sta $59aa	    sta DNS2_OWNER_MATCH
.58be	60		rts		    rts
.58bf					DNS2_MATCH_COMPARE_SAME:
.58bf	ee ab 59	inc $59ab	    inc DNS2_MATCH_IDX
.58c2					DNS2_MATCH_COMPARE_DONE:
.58c2	60		rts		    rts
.58c3					DNS2_MATCH_LOWER_A:
.58c3	c9 41		cmp #$41	    cmp #'A'
.58c5	90 06		bcc $58cd	    bcc DNS2_MATCH_LOWER_DONE
.58c7	c9 5b		cmp #$5b	    cmp #'Z'+1
.58c9	b0 02		bcs $58cd	    bcs DNS2_MATCH_LOWER_DONE
.58cb	09 20		ora #$20	    ora #$20
.58cd					DNS2_MATCH_LOWER_DONE:
.58cd	60		rts		    rts
.58ce					DNS2_SKIP_NAME:
.58ce	a9 00		lda #$00	    lda #$00
.58d0	8d a7 59	sta $59a7	    sta DNS2_NAME_GUARD
.58d3					DNS2_NAME_LOOP:
.58d3	ee a7 59	inc $59a7	    inc DNS2_NAME_GUARD
.58d6	ad a7 59	lda $59a7	    lda DNS2_NAME_GUARD
.58d9	c9 40		cmp #$40	    cmp #$40
.58db	b0 2a		bcs $5907	    bcs DNS2_NAME_BAD
.58dd	20 4d 59	jsr $594d	    jsr DNS2_READ_BYTE
.58e0	f0 1e		beq $5900	    beq DNS2_NAME_DONE
.58e2	aa		tax		    tax
.58e3	29 c0		and #$c0	    and #$C0
.58e5	f0 07		beq $58ee	    beq DNS2_NAME_LABEL
.58e7	c9 c0		cmp #$c0	    cmp #$C0
.58e9	f0 12		beq $58fd	    beq DNS2_NAME_POINTER
.58eb	4c 07 59	jmp $5907	    jmp DNS2_NAME_BAD
.58ee					DNS2_NAME_LABEL:
.58ee	8a		txa		    txa
.58ef	29 3f		and #$3f	    and #$3F
.58f1	f0 14		beq $5907	    beq DNS2_NAME_BAD
.58f3	a2 00		ldx #$00	    ldx #$00
.58f5	20 09 59	jsr $5909	    jsr DNS2_SKIP_BYTES
.58f8	b0 0d		bcs $5907	    bcs DNS2_NAME_BAD
.58fa	4c d3 58	jmp $58d3	    jmp DNS2_NAME_LOOP
.58fd					DNS2_NAME_POINTER:
.58fd	20 4d 59	jsr $594d	    jsr DNS2_READ_BYTE
.5900					DNS2_NAME_DONE:
.5900	ad a6 59	lda $59a6	    lda DNS2_BOUNDS_FAIL
.5903	d0 02		bne $5907	    bne DNS2_NAME_BAD
.5905	18		clc		    clc
.5906	60		rts		    rts
.5907					DNS2_NAME_BAD:
.5907	38		sec		    sec
.5908	60		rts		    rts
.5909					DNS2_SKIP_BYTES:
.5909	8d a2 59	sta $59a2	    sta DNS2_SKIP_LO
.590c	8e a3 59	stx $59a3	    stx DNS2_SKIP_HI
.590f	ad 8f 59	lda $598f	    lda DNS2_RD_LO
.5912	18		clc		    clc
.5913	6d a2 59	adc $59a2	    adc DNS2_SKIP_LO
.5916	8d a4 59	sta $59a4	    sta DNS2_PTR_LO
.5919	ad 90 59	lda $5990	    lda DNS2_RD_HI
.591c	6d a3 59	adc $59a3	    adc DNS2_SKIP_HI
.591f	b0 25		bcs $5946	    bcs DNS2_SKIP_BAD
.5921	8d a5 59	sta $59a5	    sta DNS2_PTR_HI
.5924	ad a5 59	lda $59a5	    lda DNS2_PTR_HI
.5927	cd 92 59	cmp $5992	    cmp DNS2_END_HI
.592a	90 0c		bcc $5938	    bcc DNS2_SKIP_DONE
.592c	d0 18		bne $5946	    bne DNS2_SKIP_BAD
.592e	ad a4 59	lda $59a4	    lda DNS2_PTR_LO
.5931	cd 91 59	cmp $5991	    cmp DNS2_END_LO
.5934	f0 02		beq $5938	    beq DNS2_SKIP_DONE
.5936	b0 0e		bcs $5946	    bcs DNS2_SKIP_BAD
.5938					DNS2_SKIP_DONE:
.5938	ad a4 59	lda $59a4	    lda DNS2_PTR_LO
.593b	8d 8f 59	sta $598f	    sta DNS2_RD_LO
.593e	ad a5 59	lda $59a5	    lda DNS2_PTR_HI
.5941	8d 90 59	sta $5990	    sta DNS2_RD_HI
.5944	18		clc		    clc
.5945	60		rts		    rts
.5946					DNS2_SKIP_BAD:
.5946	a9 01		lda #$01	    lda #$01
.5948	8d a6 59	sta $59a6	    sta DNS2_BOUNDS_FAIL
.594b	38		sec		    sec
.594c	60		rts		    rts
.594d					DNS2_READ_BYTE:
.594d	ad 90 59	lda $5990	    lda DNS2_RD_HI
.5950	cd 92 59	cmp $5992	    cmp DNS2_END_HI
.5953	90 13		bcc $5968	    bcc DNS2_READ_OK
.5955	d0 08		bne $595f	    bne DNS2_READ_BAD
.5957	ad 8f 59	lda $598f	    lda DNS2_RD_LO
.595a	cd 91 59	cmp $5991	    cmp DNS2_END_LO
.595d	90 09		bcc $5968	    bcc DNS2_READ_OK
.595f					DNS2_READ_BAD:
.595f	a9 01		lda #$01	    lda #$01
.5961	8d a6 59	sta $59a6	    sta DNS2_BOUNDS_FAIL
.5964	a9 00		lda #$00	    lda #$00
.5966	38		sec		    sec
.5967	60		rts		    rts
.5968					DNS2_READ_OK:
.5968	ad 8f 59	lda $598f	    lda DNS2_RD_LO
.596b	8d 75 59	sta $5975	    sta DNS2_READ_ABS+1
.596e	ad 90 59	lda $5990	    lda DNS2_RD_HI
.5971	8d 76 59	sta $5976	    sta DNS2_READ_ABS+2
.5974					DNS2_READ_ABS:
.5974	ad ff ff	lda $ffff	    lda $ffff
.5977	48		pha		    pha
.5978	ee 8f 59	inc $598f	    inc DNS2_RD_LO
.597b	d0 03		bne $5980	    bne DNS2_READ_ADV_DONE
.597d	ee 90 59	inc $5990	    inc DNS2_RD_HI
.5980					DNS2_READ_ADV_DONE:
.5980	68		pla		    pla
.5981	18		clc		    clc
.5982	60		rts		    rts
=8					_dns_ofs_base       = UDP_DATA_BASE
=10					_dns_ofs_flags      = UDP_DATA_BASE + 2
=14					_dns_ofs_ancount    = UDP_DATA_BASE + 6
=12					_dns_ofs_qdcount    = UDP_DATA_BASE + 4
>5983	00				ihl:                .byte $00
>5984	00				expected_port_hi:   .byte $00
>5985	00				q_out:              .byte $00
>5986	00				q_guard:            .byte $00
>5987	00				lbl_len:            .byte $00
>5988	00				seen_cname:         .byte $00
>5989	00				ptr_hi:             .byte $00
>598a	00				ptr_lo:             .byte $00
>598b	00				lbl_cnt:            .byte $00
>598c	00				TMP0:               .byte $00
>598d	00				DNS2_BASE_LO:       .byte $00
>598e	00				DNS2_BASE_HI:       .byte $00
>598f	00				DNS2_RD_LO:         .byte $00
>5990	00				DNS2_RD_HI:         .byte $00
>5991	00				DNS2_END_LO:        .byte $00
>5992	00				DNS2_END_HI:        .byte $00
>5993	00				DNS2_FLAGS_HI:      .byte $00
>5994	00				DNS2_FLAGS_LO:      .byte $00
>5995	00				DNS2_QD_LEFT:       .byte $00
>5996	00				DNS2_ANS_HI:        .byte $00
>5997	00				DNS2_ANS_LEFT:      .byte $00
>5998	00				DNS2_NS_HI:         .byte $00
>5999	00				DNS2_NS_LEFT:       .byte $00
>599a	00				DNS2_AR_HI:         .byte $00
>599b	00				DNS2_AR_LEFT:       .byte $00
>599c	00				DNS2_TYPE_HI:       .byte $00
>599d	00				DNS2_TYPE_LO:       .byte $00
>599e	00				DNS2_CLASS_HI:      .byte $00
>599f	00				DNS2_CLASS_LO:      .byte $00
>59a0	00				DNS2_RDLEN_HI:      .byte $00
>59a1	00				DNS2_RDLEN_LO:      .byte $00
>59a2	00				DNS2_SKIP_LO:       .byte $00
>59a3	00				DNS2_SKIP_HI:       .byte $00
>59a4	00				DNS2_PTR_LO:        .byte $00
>59a5	00				DNS2_PTR_HI:        .byte $00
>59a6	00				DNS2_BOUNDS_FAIL:   .byte $00
>59a7	00				DNS2_NAME_GUARD:    .byte $00
>59a8	00				DNS2_NAME_LO:       .byte $00
>59a9	00				DNS2_NAME_HI:       .byte $00
>59aa	00				DNS2_OWNER_MATCH:   .byte $00
>59ab	00				DNS2_MATCH_IDX:     .byte $00
>59ac	00				DNS2_MATCH_COUNT:   .byte $00
>59ad	00				DNS2_MATCH_BYTE:    .byte $00

;******  Return to file: C:\projects\_M65\_xlar54\mega-ip-master\src\eth.asm


;******  Processing file: C:\projects\_M65\_xlar54\mega-ip-master\src\dhcp.asm

=$11					UDP_PROTO                   = $11
=67					UDP_PORT_DHCP_SERVER        = 67
=68					UDP_PORT_DHCP_CLIENT        = 68
=1					BOOTP_OP_BOOTREQUEST        = 1
=2					BOOTP_OP_BOOTREPLY          = 2
=$63					DHCP_MAGIC_0                = $63
=$82					DHCP_MAGIC_1                = $82
=$53					DHCP_MAGIC_2                = $53
=$63					DHCP_MAGIC_3                = $63
=53					DHCP_OPT_MESSAGE_TYPE       = 53
=50					DHCP_OPT_REQUESTED_IP       = 50
=54					DHCP_OPT_SERVER_ID          = 54
=55					DHCP_OPT_PARAM_REQ_LIST     = 55
=1					DHCP_OPT_SUBNET_MASK        = 1
=3					DHCPopt_router             = 3
=6					DHCPopt_dns                = 6
=51					DHCP_OPT_LEASE_TIME         = 51
=255					DHCP_OPT_END                = 255
=1					DHCPDISCOVER                = 1
=2					DHCPOFFER                   = 2
=3					DHCPREQUEST                 = 3
=4					DHCPDECLINE                 = 4
=5					DHCPACK                     = 5
=6					DHCPNAK                     = 6
=$00					DHCP_STATE_OFF              = $00
=$01					DHCP_STATE_DISCOVER_SENT    = $01
=$02					DHCP_STATE_OFFER_SEEN       = $02
=$03					DHCP_STATE_REQUEST_SENT     = $03
=$04					DHCP_STATE_BOUND            = $04
=$7f					DHCP_STATE_FAILED           = $7F
=6					DHCP_TICK_FRAMES            = 6
=1					DHCP_TX_BUSY_TICK_FRAMES    = 1
=10					DHCP_INITIAL_BACKOFF        = 10       ; ~1s with DHCP_TICK_FRAMES=6 at 60Hz
=$50					DHCP_MAX_BACKOFF            = $50      ; ~8s cap at 60Hz
=236					BOOTP_FIXED_SIZE            = 236          ; up to 'options' field
=248					DHCP_MIN_UDP_LEN            = UDP_DATA_BASE + BOOTP_FIXED_SIZE + 4
>59ae	00				DHCP_IN_PROGRESS:           .byte 0
>59af	00				DHCP_STATE:                 .byte $00
>59b0	00				DHCP_RETRY_TICKS:           .byte $00
>59b1	0a				DHCP_RETRY_BACKOFF:         .byte DHCP_INITIAL_BACKOFF
>59b2	00				DHCP_FRAME_TICKS:           .byte $00
>59b3	00				DHCP_LAST_RASTER_LO:        .byte $00
>59b4	00				DHCP_LAST_RASTER_HI:        .byte $00
>59b5	12 34 56 78			DHCP_XID:                   .byte $12,$34,$56,$78
>59b9	00 00 00 00			DHCP_SERVER_ID:             .byte $00,$00,$00,$00
>59bd	00 00 00 00			DHCP_SELECTED_SERVER_ID:    .byte $00,$00,$00,$00
>59c1	00 00 00 00			DHCP_OFFER_IP:              .byte $00,$00,$00,$00  ; yiaddr from OFFER
>59c5	00 00 00 00			DHCP_LEASE_SECS:            .byte $00,$00,$00,$00
>59c9	80 00				DHCP_FLAGS:                 .byte $80,$00           ; broadcast bit 0x8000
>59cb	00				DHCP_OPT_END_OFS:           .byte 0
>59cc	14				DHCP_IP_IHL_BYTES:          .byte 20       ; holds IP header length in bytes
>59cd	00				DHCP_OPTS_PTR_LO:           .byte 0
>59ce	00				DHCP_OPTS_PTR_HI:           .byte 0
>59cf	00				DHCP_OPTS_BASE_LO           .byte 0
>59d0	00				DHCP_OPTS_BASE_HI           .byte 0
>59d1	00				DHCP_OPTS_MAXY              .byte 0
>59d2	00				DHCP_RENEW_ACTIVE:          .byte 0
>59d3	00				DHCP_RENEW_SUBTICKS:        .byte 0
>59d4	00				DHCP_RENEW_SECS_LO:         .byte 0
>59d5	00				DHCP_RENEW_SECS_HI:         .byte 0
>59d6	00				DHCP_RENEW_TMP0:            .byte 0
>59d7	00				DHCP_RENEW_TMP1:            .byte 0
>59d8	00				DHCP_REQUEST_IS_RENEW:      .byte 0
>59d9	00 00				pl_len:                     .byte 0,0
>59db	00 00 00 00			opt_mask:                   .byte 0,0,0,0
>59df	00 00 00 00			opt_router:                 .byte 0,0,0,0
>59e3	00 00 00 00			opt_dns:                    .byte 0,0,0,0
>59e7	00				dhcp_msg_type:              .byte 0
.59e8					ETH_DHCP_START:
.59e8	a9 00		lda #$00	    lda #$00
.59ea	8d e7 59	sta $59e7	    sta dhcp_msg_type
.59ed					DHCP_RESTART_DISCOVERY:
.59ed	a0 00		ldy #$00	    ldy #$00
.59ef					_loop:
.59ef	99 b9 59	sta $59b9,y	    sta DHCP_SERVER_ID,y
.59f2	99 bd 59	sta $59bd,y	    sta DHCP_SELECTED_SERVER_ID,y
.59f5	99 c1 59	sta $59c1,y	    sta DHCP_OFFER_IP,y
.59f8	99 c5 59	sta $59c5,y	    sta DHCP_LEASE_SECS,y
.59fb	99 00 21	sta $2100,y	    sta LOCAL_IP,Y
.59fe	99 0c 21	sta $210c,y	    sta GATEWAY_IP,Y
.5a01	99 10 21	sta $2110,y	    sta SUBNET_MASK,Y
.5a04	99 db 59	sta $59db,y	    sta opt_mask,y
.5a07	99 df 59	sta $59df,y	    sta opt_router,y
.5a0a	99 e3 59	sta $59e3,y	    sta opt_dns,y
.5a0d	c8		iny		    iny
.5a0e	c0 04		cpy #$04	    cpy #$04
.5a10	d0 dd		bne $59ef	    bne _loop
.5a12	a2 03		ldx #$03	    ldx #3
.5a14					_inc_xid:
.5a14	fe b5 59	inc $59b5,x	    inc DHCP_XID,x
.5a17	d0 03		bne $5a1c	    bne _xid_ok
.5a19	ca		dex		    dex
.5a1a	10 f8		bpl $5a14	    bpl _inc_xid
.5a1c					_xid_ok:
.5a1c	a9 80		lda #$80	    lda #$80
.5a1e	8d c9 59	sta $59c9	    sta DHCP_FLAGS
.5a21	a9 00		lda #$00	    lda #$00
.5a23	8d ca 59	sta $59ca	    sta DHCP_FLAGS+1
.5a26	a9 00		lda #$00	    lda #DHCP_STATE_OFF
.5a28	8d af 59	sta $59af	    sta DHCP_STATE
.5a2b	a9 00		lda #$00	    lda #$00
.5a2d	8d b0 59	sta $59b0	    sta DHCP_RETRY_TICKS
.5a30	8d d2 59	sta $59d2	    sta DHCP_RENEW_ACTIVE
.5a33	8d d3 59	sta $59d3	    sta DHCP_RENEW_SUBTICKS
.5a36	8d d4 59	sta $59d4	    sta DHCP_RENEW_SECS_LO
.5a39	8d d5 59	sta $59d5	    sta DHCP_RENEW_SECS_HI
.5a3c	8d d8 59	sta $59d8	    sta DHCP_REQUEST_IS_RENEW
.5a3f	a9 0a		lda #$0a	    lda #DHCP_INITIAL_BACKOFF
.5a41	8d b1 59	sta $59b1	    sta DHCP_RETRY_BACKOFF
.5a44	a9 06		lda #$06	    lda #DHCP_TICK_FRAMES
.5a46	8d b2 59	sta $59b2	    sta DHCP_FRAME_TICKS
.5a49	20 25 4f	jsr $4f25	    jsr ARP_READ_RASTER
.5a4c	ad 95 4b	lda $4b95	    lda ARP_CUR_RASTER_LO
.5a4f	8d b3 59	sta $59b3	    sta DHCP_LAST_RASTER_LO
.5a52	ad 96 4b	lda $4b96	    lda ARP_CUR_RASTER_HI
.5a55	8d b4 59	sta $59b4	    sta DHCP_LAST_RASTER_HI
.5a58	a9 01		lda #$01	    lda #1
.5a5a	8d ae 59	sta $59ae	    sta DHCP_IN_PROGRESS
.5a5d	20 5c 5b	jsr $5b5c	    jsr DHCP_SEND_DISCOVER
.5a60	b0 06		bcs $5a68	    bcs _start_tx_busy
.5a62	a9 01		lda #$01	    lda #DHCP_STATE_DISCOVER_SENT
.5a64	8d af 59	sta $59af	    sta DHCP_STATE
.5a67	60		rts		    rts
.5a68					_start_tx_busy:
.5a68	a9 00		lda #$00	    lda #DHCP_STATE_OFF
.5a6a	8d af 59	sta $59af	    sta DHCP_STATE
.5a6d	20 3c 5b	jsr $5b3c	    jsr DHCP_RETRY_SOON
.5a70	60		rts		    rts
.5a71					ETH_DHCP_POLL:
.5a71	20 2f 63	jsr $632f	    jsr ETH_RCV                        ; keep RX flowing
.5a74	20 8f 5a	jsr $5a8f	    jsr DHCP_TICK
.5a77	ad af 59	lda $59af	    lda DHCP_STATE
.5a7a	60		rts		    rts
.5a7b					DHCP_STATUS_TICK:
.5a7b	ad af 59	lda $59af	    lda DHCP_STATE
.5a7e	c9 04		cmp #$04	    cmp #DHCP_STATE_BOUND
.5a80	f0 64		beq $5ae6	    beq DHCP_BOUND_TICK
.5a82	ad ae 59	lda $59ae	    lda DHCP_IN_PROGRESS
.5a85	f0 03		beq $5a8a	    beq _dhcp_status_done
.5a87	4c 8f 5a	jmp $5a8f	    jmp DHCP_TICK
.5a8a					_dhcp_status_done:
.5a8a	60		rts		    rts
.5a8b					ETH_GET_DHCP_STATE:
.5a8b	ad af 59	lda $59af	    lda DHCP_STATE
.5a8e	60		rts		    rts
.5a8f					DHCP_TICK:
.5a8f	ad af 59	lda $59af	    lda DHCP_STATE
.5a92	c9 04		cmp #$04	    cmp #DHCP_STATE_BOUND
.5a94	f0 4f		beq $5ae5	    beq _done
.5a96	c9 7f		cmp #$7f	    cmp #DHCP_STATE_FAILED
.5a98	f0 4b		beq $5ae5	    beq _done
.5a9a	20 ec 5a	jsr $5aec	    jsr DHCP_FRAME_TICK
.5a9d	90 46		bcc $5ae5	    bcc _done
.5a9f	ee b0 59	inc $59b0	    inc DHCP_RETRY_TICKS
.5aa2	ad b0 59	lda $59b0	    lda DHCP_RETRY_TICKS
.5aa5	cd b1 59	cmp $59b1	    cmp DHCP_RETRY_BACKOFF
.5aa8	90 3b		bcc $5ae5	    bcc _done
.5aaa	a9 00		lda #$00	    lda #$00
.5aac	8d b0 59	sta $59b0	    sta DHCP_RETRY_TICKS
.5aaf	ad af 59	lda $59af	    lda DHCP_STATE
.5ab2	c9 00		cmp #$00	    cmp #DHCP_STATE_OFF
.5ab4	f0 0f		beq $5ac5	    beq _resend_discover
.5ab6	c9 01		cmp #$01	    cmp #DHCP_STATE_DISCOVER_SENT
.5ab8	f0 0b		beq $5ac5	    beq _resend_discover
.5aba	c9 02		cmp #$02	    cmp #DHCP_STATE_OFFER_SEEN
.5abc	f0 15		beq $5ad3	    beq _resend_request
.5abe	c9 03		cmp #$03	    cmp #DHCP_STATE_REQUEST_SENT
.5ac0	f0 11		beq $5ad3	    beq _resend_request
.5ac2	4c e5 5a	jmp $5ae5	    jmp _done
.5ac5					_resend_discover:
.5ac5	20 5c 5b	jsr $5b5c	    jsr DHCP_SEND_DISCOVER
.5ac8	b0 17		bcs $5ae1	    bcs _retry_tx_soon
.5aca	a9 01		lda #$01	    lda #DHCP_STATE_DISCOVER_SENT
.5acc	8d af 59	sta $59af	    sta DHCP_STATE
.5acf	20 2e 5b	jsr $5b2e	    jsr DHCP_BACKOFF
.5ad2	60		rts		    rts
.5ad3					_resend_request:
.5ad3	20 0c 5c	jsr $5c0c	    jsr DHCP_SEND_REQUEST
.5ad6	b0 09		bcs $5ae1	    bcs _retry_tx_soon
.5ad8	a9 03		lda #$03	    lda #DHCP_STATE_REQUEST_SENT
.5ada	8d af 59	sta $59af	    sta DHCP_STATE
.5add	20 2e 5b	jsr $5b2e	    jsr DHCP_BACKOFF
.5ae0	60		rts		    rts
.5ae1					_retry_tx_soon:
.5ae1	20 3c 5b	jsr $5b3c	    jsr DHCP_RETRY_SOON
.5ae4	60		rts		    rts
.5ae5					_done:
.5ae5	60		rts		    rts
.5ae6					DHCP_BOUND_TICK:
.5ae6	4c 43 71	jmp $7143	    jmp DHCP_BOUND_TICK_IMPL
.5ae9					DHCP_SCHEDULE_RENEWAL:
.5ae9	4c b4 72	jmp $72b4	    jmp DHCP_SCHEDULE_RENEWAL_IMPL
.5aec					DHCP_FRAME_TICK:
.5aec	20 25 4f	jsr $4f25	    jsr ARP_READ_RASTER
.5aef	ad 96 4b	lda $4b96	    lda ARP_CUR_RASTER_HI
.5af2	cd b4 59	cmp $59b4	    cmp DHCP_LAST_RASTER_HI
.5af5	90 18		bcc $5b0f	    bcc _dhcp_frame_elapsed
.5af7	d0 08		bne $5b01	    bne _dhcp_no_frame
.5af9	ad 95 4b	lda $4b95	    lda ARP_CUR_RASTER_LO
.5afc	cd b3 59	cmp $59b3	    cmp DHCP_LAST_RASTER_LO
.5aff	90 0e		bcc $5b0f	    bcc _dhcp_frame_elapsed
.5b01					_dhcp_no_frame:
.5b01	ad 95 4b	lda $4b95	    lda ARP_CUR_RASTER_LO
.5b04	8d b3 59	sta $59b3	    sta DHCP_LAST_RASTER_LO
.5b07	ad 96 4b	lda $4b96	    lda ARP_CUR_RASTER_HI
.5b0a	8d b4 59	sta $59b4	    sta DHCP_LAST_RASTER_HI
.5b0d	18		clc		    clc
.5b0e	60		rts		    rts
.5b0f					_dhcp_frame_elapsed:
.5b0f	ad 95 4b	lda $4b95	    lda ARP_CUR_RASTER_LO
.5b12	8d b3 59	sta $59b3	    sta DHCP_LAST_RASTER_LO
.5b15	ad 96 4b	lda $4b96	    lda ARP_CUR_RASTER_HI
.5b18	8d b4 59	sta $59b4	    sta DHCP_LAST_RASTER_HI
.5b1b	ad b2 59	lda $59b2	    lda DHCP_FRAME_TICKS
.5b1e	f0 07		beq $5b27	    beq _dhcp_emit_tick
.5b20	ce b2 59	dec $59b2	    dec DHCP_FRAME_TICKS
.5b23	f0 02		beq $5b27	    beq _dhcp_emit_tick
.5b25	18		clc		    clc
.5b26	60		rts		    rts
.5b27					_dhcp_emit_tick:
.5b27	a9 06		lda #$06	    lda #DHCP_TICK_FRAMES
.5b29	8d b2 59	sta $59b2	    sta DHCP_FRAME_TICKS
.5b2c	38		sec		    sec
.5b2d	60		rts		    rts
.5b2e					DHCP_BACKOFF:
.5b2e	ad b1 59	lda $59b1	    lda DHCP_RETRY_BACKOFF
.5b31	0a		asl a		    asl
.5b32	c9 50		cmp #$50	    cmp #DHCP_MAX_BACKOFF
.5b34	90 02		bcc $5b38	    bcc +
.5b36	a9 50		lda #$50	    lda #DHCP_MAX_BACKOFF
.5b38	8d b1 59	sta $59b1	+   sta DHCP_RETRY_BACKOFF
.5b3b	60		rts		    rts
.5b3c					DHCP_RETRY_SOON:
.5b3c	ad b1 59	lda $59b1	    lda DHCP_RETRY_BACKOFF
.5b3f	f0 03		beq $5b44	    beq +
.5b41	38		sec		    sec
.5b42	e9 01		sbc #$01	    sbc #$01
.5b44	8d b0 59	sta $59b0	+   sta DHCP_RETRY_TICKS
.5b47	a9 01		lda #$01	    lda #DHCP_TX_BUSY_TICK_FRAMES
.5b49	8d b2 59	sta $59b2	    sta DHCP_FRAME_TICKS
.5b4c	20 25 4f	jsr $4f25	    jsr ARP_READ_RASTER
.5b4f	ad 95 4b	lda $4b95	    lda ARP_CUR_RASTER_LO
.5b52	8d b3 59	sta $59b3	    sta DHCP_LAST_RASTER_LO
.5b55	ad 96 4b	lda $4b96	    lda ARP_CUR_RASTER_HI
.5b58	8d b4 59	sta $59b4	    sta DHCP_LAST_RASTER_HI
.5b5b	60		rts		    rts
.5b5c					DHCP_SEND_DISCOVER:
.5b5c	20 f8 5c	jsr $5cf8	    jsr DHCP_BUILD_BOOTP_COMMON
.5b5f	a9 01		lda #$01	    lda #BOOTP_OP_BOOTREQUEST
.5b61	8d 5f 22	sta $225f	    sta ETH_TX_FRAME_PAYLOAD+20+8+0  ; op
.5b64	a9 63		lda #$63	    lda #DHCP_MAGIC_0
.5b66	8d 4b 23	sta $234b	    sta ETH_TX_FRAME_PAYLOAD+20+8+236
.5b69	a9 82		lda #$82	    lda #DHCP_MAGIC_1
.5b6b	8d 4c 23	sta $234c	    sta ETH_TX_FRAME_PAYLOAD+20+8+237
.5b6e	a9 53		lda #$53	    lda #DHCP_MAGIC_2
.5b70	8d 4d 23	sta $234d	    sta ETH_TX_FRAME_PAYLOAD+20+8+238
.5b73	a9 63		lda #$63	    lda #DHCP_MAGIC_3
.5b75	8d 4e 23	sta $234e	    sta ETH_TX_FRAME_PAYLOAD+20+8+239
.5b78	a2 00		ldx #$00	    ldx #$00
.5b7a	a9 35		lda #$35	    lda #DHCP_OPT_MESSAGE_TYPE
.5b7c	20 40 5d	jsr $5d40	    jsr opt_put_code
.5b7f	a9 01		lda #$01	    lda #$01
.5b81	20 45 5d	jsr $5d45	    jsr opt_put_len
.5b84	a9 01		lda #$01	    lda #DHCPDISCOVER
.5b86	20 4a 5d	jsr $5d4a	    jsr opt_put_byte
.5b89	a9 37		lda #$37	    lda #DHCP_OPT_PARAM_REQ_LIST
.5b8b	20 40 5d	jsr $5d40	    jsr opt_put_code
.5b8e	a9 05		lda #$05	    lda #$05
.5b90	20 45 5d	jsr $5d45	    jsr opt_put_len
.5b93	a9 01		lda #$01	    lda #DHCP_OPT_SUBNET_MASK
.5b95	20 4a 5d	jsr $5d4a	    jsr opt_put_byte
.5b98	a9 03		lda #$03	    lda #DHCPopt_router
.5b9a	20 4a 5d	jsr $5d4a	    jsr opt_put_byte
.5b9d	a9 06		lda #$06	    lda #DHCPopt_dns
.5b9f	20 4a 5d	jsr $5d4a	    jsr opt_put_byte
.5ba2	a9 33		lda #$33	    lda #DHCP_OPT_LEASE_TIME
.5ba4	20 4a 5d	jsr $5d4a	    jsr opt_put_byte
.5ba7	a9 1a		lda #$1a	    lda #$1a
.5ba9	20 4a 5d	jsr $5d4a	    jsr opt_put_byte                    ; interface MTU
.5bac	a9 3d		lda #$3d	    lda #$3d                           ; 61
.5bae	20 40 5d	jsr $5d40	    jsr opt_put_code
.5bb1	a9 07		lda #$07	    lda #$07                           ; len=7 (htype 1 + 6 bytes MAC)
.5bb3	20 45 5d	jsr $5d45	    jsr opt_put_len
.5bb6	a9 01		lda #$01	    lda #$01                           ; htype=Ethernet (1)
.5bb8	20 4a 5d	jsr $5d4a	    jsr opt_put_byte
.5bbb	a0 00		ldy #$00	    ldy #$00
.5bbd	b9 3b 22	lda $223b,y	-   lda ETH_TX_FRAME_SRC_MAC,y
.5bc0	20 4a 5d	jsr $5d4a	    jsr opt_put_byte
.5bc3	c8		iny		    iny
.5bc4	c0 06		cpy #$06	    cpy #6
.5bc6	d0 f5		bne $5bbd	    bne -
.5bc8	a9 ff		lda #$ff	    lda #DHCP_OPT_END
.5bca	20 40 5d	jsr $5d40	    jsr opt_put_code
.5bcd	8e cb 59	stx $59cb	    stx DHCP_OPT_END_OFS               ; keep for size calc
.5bd0	a9 f0		lda #$f0	    lda #<(BOOTP_FIXED_SIZE+4)         ; base (236 + 4 cookie)
.5bd2	18		clc		    clc
.5bd3	6d cb 59	adc $59cb	    adc DHCP_OPT_END_OFS
.5bd6	8d d9 59	sta $59d9	    sta pl_len
.5bd9	a9 00		lda #$00	    lda #>(BOOTP_FIXED_SIZE+4)
.5bdb	69 00		adc #$00	    adc #$00
.5bdd	8d da 59	sta $59da	    sta pl_len+1
.5be0	20 4f 5d	jsr $5d4f	    jsr DHCP_BUILD_IPV4_UDP_BROADCAST
.5be3	20 d4 5d	jsr $5dd4	    jsr UDP_WRITE_LENGTH_AND_CHECKSUM
.5be6	ad d9 59	lda $59d9	    lda pl_len
.5be9	18		clc		    clc
.5bea	69 2a		adc #$2a	    adc #<(14+20+8)
.5bec	8d 46 21	sta $2146	    sta ETH_TX_LEN_LSB
.5bef	ad da 59	lda $59da	    lda pl_len+1
.5bf2	69 00		adc #$00	    adc #>(14+20+8)
.5bf4	8d 47 21	sta $2147	    sta ETH_TX_LEN_MSB
.5bf7	a0 00		ldy #$00	    ldy #0
.5bf9	a9 ff		lda #$ff	    lda #$ff
.5bfb					_bcast_fill:
.5bfb	99 35 22	sta $2235,y	    sta ETH_TX_FRAME_DEST_MAC,y
.5bfe	c8		iny		    iny
.5bff	c0 06		cpy #$06	    cpy #6
.5c01	d0 f8		bne $5bfb	    bne _bcast_fill
.5c03	20 70 42	jsr $4270	    jsr ETH_PACKET_SEND
.5c06	b0 02		bcs $5c0a	    bcs _discover_tx_fail
.5c08	18		clc		    clc
.5c09	60		rts		    rts
.5c0a					_discover_tx_fail:
.5c0a	38		sec		    sec
.5c0b	60		rts		    rts
.5c0c					DHCP_SEND_REQUEST:
.5c0c	20 f8 5c	jsr $5cf8	    jsr DHCP_BUILD_BOOTP_COMMON
.5c0f	a9 01		lda #$01	    lda #BOOTP_OP_BOOTREQUEST
.5c11	8d 5f 22	sta $225f	    sta ETH_TX_FRAME_PAYLOAD+20+8+0
.5c14	a9 63		lda #$63	    lda #DHCP_MAGIC_0
.5c16	8d 4b 23	sta $234b	    sta ETH_TX_FRAME_PAYLOAD+20+8+236
.5c19	a9 82		lda #$82	    lda #DHCP_MAGIC_1
.5c1b	8d 4c 23	sta $234c	    sta ETH_TX_FRAME_PAYLOAD+20+8+237
.5c1e	a9 53		lda #$53	    lda #DHCP_MAGIC_2
.5c20	8d 4d 23	sta $234d	    sta ETH_TX_FRAME_PAYLOAD+20+8+238
.5c23	a9 63		lda #$63	    lda #DHCP_MAGIC_3
.5c25	8d 4e 23	sta $234e	    sta ETH_TX_FRAME_PAYLOAD+20+8+239
.5c28	a2 00		ldx #$00	    ldx #$00
.5c2a	a9 35		lda #$35	    lda #DHCP_OPT_MESSAGE_TYPE
.5c2c	20 40 5d	jsr $5d40	    jsr opt_put_code
.5c2f	a9 01		lda #$01	    lda #$01
.5c31	20 45 5d	jsr $5d45	    jsr opt_put_len
.5c34	a9 03		lda #$03	    lda #DHCPREQUEST
.5c36	20 4a 5d	jsr $5d4a	    jsr opt_put_byte
.5c39	a9 32		lda #$32	    lda #DHCP_OPT_REQUESTED_IP
.5c3b	20 40 5d	jsr $5d40	    jsr opt_put_code
.5c3e	a9 04		lda #$04	    lda #$04
.5c40	20 45 5d	jsr $5d45	    jsr opt_put_len
.5c43	a0 00		ldy #$00	    ldy #$00
.5c45	b9 c1 59	lda $59c1,y	-   lda DHCP_OFFER_IP,y
.5c48	20 4a 5d	jsr $5d4a	    jsr opt_put_byte
.5c4b	c8		iny		    iny
.5c4c	c0 04		cpy #$04	    cpy #4
.5c4e	d0 f5		bne $5c45	    bne -
.5c50	ad b9 59	lda $59b9	    lda DHCP_SERVER_ID+0
.5c53	0d ba 59	ora $59ba	    ora DHCP_SERVER_ID+1
.5c56	0d bb 59	ora $59bb	    ora DHCP_SERVER_ID+2
.5c59	0d bc 59	ora $59bc	    ora DHCP_SERVER_ID+3
.5c5c	f0 17		beq $5c75	    beq _skip_svid
.5c5e	a9 36		lda #$36	    lda #DHCP_OPT_SERVER_ID
.5c60	20 40 5d	jsr $5d40	    jsr opt_put_code
.5c63	a9 04		lda #$04	    lda #$04
.5c65	20 45 5d	jsr $5d45	    jsr opt_put_len
.5c68	a0 00		ldy #$00	    ldy #$00
.5c6a	b9 b9 59	lda $59b9,y	-   lda DHCP_SERVER_ID,y
.5c6d	20 4a 5d	jsr $5d4a	    jsr opt_put_byte
.5c70	c8		iny		    iny
.5c71	c0 04		cpy #$04	    cpy #4
.5c73	d0 f5		bne $5c6a	    bne -
.5c75					_skip_svid:
.5c75	a9 37		lda #$37	    lda #DHCP_OPT_PARAM_REQ_LIST
.5c77	20 40 5d	jsr $5d40	    jsr opt_put_code
.5c7a	a9 05		lda #$05	    lda #$05
.5c7c	20 45 5d	jsr $5d45	    jsr opt_put_len
.5c7f	a9 01		lda #$01	    lda #DHCP_OPT_SUBNET_MASK
.5c81	20 4a 5d	jsr $5d4a	    jsr opt_put_byte
.5c84	a9 03		lda #$03	    lda #DHCPopt_router
.5c86	20 4a 5d	jsr $5d4a	    jsr opt_put_byte
.5c89	a9 06		lda #$06	    lda #DHCPopt_dns
.5c8b	20 4a 5d	jsr $5d4a	    jsr opt_put_byte
.5c8e	a9 33		lda #$33	    lda #DHCP_OPT_LEASE_TIME
.5c90	20 4a 5d	jsr $5d4a	    jsr opt_put_byte
.5c93	a9 1a		lda #$1a	    lda #$1a
.5c95	20 4a 5d	jsr $5d4a	    jsr opt_put_byte                    ; interface MTU
.5c98	a9 3d		lda #$3d	    lda #$3d
.5c9a	20 40 5d	jsr $5d40	    jsr opt_put_code
.5c9d	a9 07		lda #$07	    lda #$07
.5c9f	20 45 5d	jsr $5d45	    jsr opt_put_len
.5ca2	a9 01		lda #$01	    lda #$01
.5ca4	20 4a 5d	jsr $5d4a	    jsr opt_put_byte
.5ca7	a0 00		ldy #$00	    ldy #$00
.5ca9	b9 3b 22	lda $223b,y	-   lda ETH_TX_FRAME_SRC_MAC,y
.5cac	20 4a 5d	jsr $5d4a	    jsr opt_put_byte
.5caf	c8		iny		    iny
.5cb0	c0 06		cpy #$06	    cpy #6
.5cb2	d0 f5		bne $5ca9	    bne -
.5cb4	a9 ff		lda #$ff	    lda #DHCP_OPT_END
.5cb6	20 40 5d	jsr $5d40	    jsr opt_put_code
.5cb9	8e cb 59	stx $59cb	    stx DHCP_OPT_END_OFS
.5cbc	a9 f0		lda #$f0	    lda #<(BOOTP_FIXED_SIZE+4)
.5cbe	18		clc		    clc
.5cbf	6d cb 59	adc $59cb	    adc DHCP_OPT_END_OFS
.5cc2	8d d9 59	sta $59d9	    sta pl_len
.5cc5	a9 00		lda #$00	    lda #>(BOOTP_FIXED_SIZE+4)
.5cc7	69 00		adc #$00	    adc #$00
.5cc9	8d da 59	sta $59da	    sta pl_len+1
.5ccc	20 4f 5d	jsr $5d4f	    jsr DHCP_BUILD_IPV4_UDP_BROADCAST
.5ccf	20 d4 5d	jsr $5dd4	    jsr UDP_WRITE_LENGTH_AND_CHECKSUM
.5cd2	ad d9 59	lda $59d9	    lda pl_len
.5cd5	18		clc		    clc
.5cd6	69 2a		adc #$2a	    adc #<(14+20+8)
.5cd8	8d 46 21	sta $2146	    sta ETH_TX_LEN_LSB
.5cdb	ad da 59	lda $59da	    lda pl_len+1
.5cde	69 00		adc #$00	    adc #>(14+20+8)
.5ce0	8d 47 21	sta $2147	    sta ETH_TX_LEN_MSB
.5ce3	a0 00		ldy #$00	    ldy #0
.5ce5	a9 ff		lda #$ff	    lda #$ff
.5ce7					_bcast_fill:
.5ce7	99 35 22	sta $2235,y	    sta ETH_TX_FRAME_DEST_MAC,y
.5cea	c8		iny		    iny
.5ceb	c0 06		cpy #$06	    cpy #6
.5ced	d0 f8		bne $5ce7	    bne _bcast_fill
.5cef	20 70 42	jsr $4270	    jsr ETH_PACKET_SEND
.5cf2	b0 02		bcs $5cf6	    bcs _request_tx_fail
.5cf4	18		clc		    clc
.5cf5	60		rts		    rts
.5cf6					_request_tx_fail:
.5cf6	38		sec		    sec
.5cf7	60		rts		    rts
.5cf8					DHCP_BUILD_BOOTP_COMMON:
.5cf8	a0 00		ldy #$00	    ldy #$00
.5cfa	a9 00		lda #$00	    lda #$00
.5cfc					_clear:
.5cfc	99 5f 22	sta $225f,y	    sta ETH_TX_FRAME_PAYLOAD+20+8,y
.5cff	c8		iny		    iny
.5d00	c0 f0		cpy #$f0	    cpy #$F0          ; 240 bytes (236 + 4 cookie), options set later
.5d02	d0 f8		bne $5cfc	    bne _clear
.5d04	a9 01		lda #$01	    lda #$01
.5d06	8d 60 22	sta $2260	    sta ETH_TX_FRAME_PAYLOAD+20+8+1      ; htype
.5d09	a9 06		lda #$06	    lda #$06
.5d0b	8d 61 22	sta $2261	    sta ETH_TX_FRAME_PAYLOAD+20+8+2      ; hlen
.5d0e	ad b5 59	lda $59b5	    lda DHCP_XID+0
.5d11	8d 63 22	sta $2263	    sta ETH_TX_FRAME_PAYLOAD+20+8+$04
.5d14	ad b6 59	lda $59b6	    lda DHCP_XID+1
.5d17	8d 64 22	sta $2264	    sta ETH_TX_FRAME_PAYLOAD+20+8+$05
.5d1a	ad b7 59	lda $59b7	    lda DHCP_XID+2
.5d1d	8d 65 22	sta $2265	    sta ETH_TX_FRAME_PAYLOAD+20+8+$06
.5d20	ad b8 59	lda $59b8	    lda DHCP_XID+3
.5d23	8d 66 22	sta $2266	    sta ETH_TX_FRAME_PAYLOAD+20+8+$07
.5d26	ad c9 59	lda $59c9	    lda DHCP_FLAGS+0
.5d29	8d 69 22	sta $2269	    sta ETH_TX_FRAME_PAYLOAD+20+8+$0A
.5d2c	ad ca 59	lda $59ca	    lda DHCP_FLAGS+1
.5d2f	8d 6a 22	sta $226a	    sta ETH_TX_FRAME_PAYLOAD+20+8+$0B
.5d32	a0 00		ldy #$00	    ldy #$00
.5d34	b9 3b 22	lda $223b,y	-   lda ETH_TX_FRAME_SRC_MAC,y
.5d37	99 7b 22	sta $227b,y	    sta ETH_TX_FRAME_PAYLOAD+20+8+28,y
.5d3a	c8		iny		    iny
.5d3b	c0 06		cpy #$06	    cpy #6
.5d3d	d0 f5		bne $5d34	    bne -
.5d3f	60		rts		    rts
.5d40					opt_put_code:
.5d40	9d 4f 23	sta $234f,x	    sta ETH_TX_FRAME_PAYLOAD+20+8+240,x
.5d43	e8		inx		    inx
.5d44	60		rts		    rts
.5d45					opt_put_len:
.5d45	9d 4f 23	sta $234f,x	    sta ETH_TX_FRAME_PAYLOAD+20+8+240,x
.5d48	e8		inx		    inx
.5d49	60		rts		    rts
.5d4a					opt_put_byte:
.5d4a	9d 4f 23	sta $234f,x	    sta ETH_TX_FRAME_PAYLOAD+20+8+240,x
.5d4d	e8		inx		    inx
.5d4e	60		rts		    rts
.5d4f					DHCP_BUILD_IPV4_UDP_BROADCAST:
.5d4f	a9 08		lda #$08	    lda #$08
.5d51	8d 41 22	sta $2241	    sta ETH_TX_TYPE
.5d54	a9 00		lda #$00	    lda #$00
.5d56	8d 42 22	sta $2242	    sta ETH_TX_TYPE+1
.5d59	a9 45		lda #$45	    lda #$45
.5d5b	8d 43 22	sta $2243	    sta ETH_TX_FRAME_PAYLOAD+0
.5d5e	a9 00		lda #$00	    lda #$00
.5d60	8d 44 22	sta $2244	    sta ETH_TX_FRAME_PAYLOAD+1
.5d63	a9 00		lda #$00	    lda #$00
.5d65	8d 45 22	sta $2245	    sta ETH_TX_FRAME_PAYLOAD+2
.5d68	a9 00		lda #$00	    lda #$00
.5d6a	8d 46 22	sta $2246	    sta ETH_TX_FRAME_PAYLOAD+3
.5d6d	a9 00		lda #$00	    lda #$00
.5d6f	8d 47 22	sta $2247	    sta ETH_TX_FRAME_PAYLOAD+4
.5d72	a9 00		lda #$00	    lda #$00
.5d74	8d 48 22	sta $2248	    sta ETH_TX_FRAME_PAYLOAD+5
.5d77	a9 40		lda #$40	    lda #$40
.5d79	8d 49 22	sta $2249	    sta ETH_TX_FRAME_PAYLOAD+6
.5d7c	a9 00		lda #$00	    lda #$00
.5d7e	8d 4a 22	sta $224a	    sta ETH_TX_FRAME_PAYLOAD+7
.5d81	a9 40		lda #$40	    lda #$40
.5d83	8d 4b 22	sta $224b	    sta ETH_TX_FRAME_PAYLOAD+8
.5d86	a9 11		lda #$11	    lda #UDP_PROTO
.5d88	8d 4c 22	sta $224c	    sta ETH_TX_FRAME_PAYLOAD+9
.5d8b	a9 00		lda #$00	    lda #$00
.5d8d	8d 4d 22	sta $224d	    sta ETH_TX_FRAME_PAYLOAD+10
.5d90	a9 00		lda #$00	    lda #$00
.5d92	8d 4e 22	sta $224e	    sta ETH_TX_FRAME_PAYLOAD+11
.5d95	a9 00		lda #$00	    lda #$00
.5d97	8d 4f 22	sta $224f	    sta ETH_TX_FRAME_PAYLOAD+12
.5d9a	8d 50 22	sta $2250	    sta ETH_TX_FRAME_PAYLOAD+13
.5d9d	8d 51 22	sta $2251	    sta ETH_TX_FRAME_PAYLOAD+14
.5da0	8d 52 22	sta $2252	    sta ETH_TX_FRAME_PAYLOAD+15
.5da3	a9 ff		lda #$ff	    lda #$FF
.5da5	8d 53 22	sta $2253	    sta ETH_TX_FRAME_PAYLOAD+16
.5da8	8d 54 22	sta $2254	    sta ETH_TX_FRAME_PAYLOAD+17
.5dab	8d 55 22	sta $2255	    sta ETH_TX_FRAME_PAYLOAD+18
.5dae	8d 56 22	sta $2256	    sta ETH_TX_FRAME_PAYLOAD+19
.5db1	a9 00		lda #$00	    lda #>(UDP_PORT_DHCP_CLIENT)
.5db3	8d 57 22	sta $2257	    sta ETH_TX_FRAME_PAYLOAD+20+0
.5db6	a9 44		lda #$44	    lda #<(UDP_PORT_DHCP_CLIENT)
.5db8	8d 58 22	sta $2258	    sta ETH_TX_FRAME_PAYLOAD+20+1
.5dbb	a9 00		lda #$00	    lda #>(UDP_PORT_DHCP_SERVER)
.5dbd	8d 59 22	sta $2259	    sta ETH_TX_FRAME_PAYLOAD+20+2
.5dc0	a9 43		lda #$43	    lda #<(UDP_PORT_DHCP_SERVER)
.5dc2	8d 5a 22	sta $225a	    sta ETH_TX_FRAME_PAYLOAD+20+3
.5dc5	a9 00		lda #$00	    lda #$00
.5dc7	8d 5b 22	sta $225b	    sta ETH_TX_FRAME_PAYLOAD+20+4
.5dca	8d 5c 22	sta $225c	    sta ETH_TX_FRAME_PAYLOAD+20+5
.5dcd	8d 5d 22	sta $225d	    sta ETH_TX_FRAME_PAYLOAD+20+6
.5dd0	8d 5e 22	sta $225e	    sta ETH_TX_FRAME_PAYLOAD+20+7
.5dd3	60		rts		    rts
.5dd4					UDP_WRITE_LENGTH_AND_CHECKSUM:
.5dd4	ad d9 59	lda $59d9	    lda pl_len
.5dd7	18		clc		    clc
.5dd8	69 08		adc #$08	    adc #8
.5dda	8d 5c 22	sta $225c	    sta ETH_TX_FRAME_PAYLOAD+20+5
.5ddd	ad da 59	lda $59da	    lda pl_len+1
.5de0	69 00		adc #$00	    adc #0
.5de2	8d 5b 22	sta $225b	    sta ETH_TX_FRAME_PAYLOAD+20+4
.5de5	ad 5c 22	lda $225c	    lda ETH_TX_FRAME_PAYLOAD+20+5
.5de8	18		clc		    clc
.5de9	69 14		adc #$14	    adc #20
.5deb	8d 46 22	sta $2246	    sta ETH_TX_FRAME_PAYLOAD+3
.5dee	ad 5b 22	lda $225b	    lda ETH_TX_FRAME_PAYLOAD+20+4
.5df1	69 00		adc #$00	    adc #0
.5df3	8d 45 22	sta $2245	    sta ETH_TX_FRAME_PAYLOAD+2
.5df6	20 07 45	jsr $4507	    jsr CALC_IPV4_TX_CHECKSUM
.5df9	a9 00		lda #$00	    lda #$00
.5dfb	8d 5d 22	sta $225d	    sta ETH_TX_FRAME_PAYLOAD+20+6
.5dfe	8d 5e 22	sta $225e	    sta ETH_TX_FRAME_PAYLOAD+20+7
.5e01	60		rts		    rts
.5e02					DHCP_ON_UDP:
.5e02	a9 01		lda #$01	    lda #$01
.5e04	ac cc 59	ldy $59cc	    ldy DHCP_IP_IHL_BYTES        ; Y = IP header length in bytes
.5e07	ad fa 45	lda $45fa	    lda IPV4_RX_TOTAL_LO
.5e0a	38		sec		    sec
.5e0b	ed cc 59	sbc $59cc	    sbc DHCP_IP_IHL_BYTES
.5e0e	8d d9 59	sta $59d9	    sta pl_len
.5e11	ad f9 45	lda $45f9	    lda IPV4_RX_TOTAL_HI
.5e14	e9 00		sbc #$00	    sbc #$00
.5e16	8d da 59	sta $59da	    sta pl_len+1
.5e19	d0 08		bne $5e23	    bne _dhcp_actual_len_ok
.5e1b	ad d9 59	lda $59d9	    lda pl_len
.5e1e	c9 f8		cmp #$f8	    cmp #DHCP_MIN_UDP_LEN
.5e20	93 68 01	bcc $5f8a	    bcc _out
.5e23					_dhcp_actual_len_ok:
.5e23	b9 95 28	lda $2895,y	    lda ETH_RX_FRAME_PAYLOAD+4,y
.5e26	d0 08		bne $5e30	    bne _dhcp_claimed_len_ok
.5e28	b9 96 28	lda $2896,y	    lda ETH_RX_FRAME_PAYLOAD+5,y
.5e2b	c9 f8		cmp #$f8	    cmp #DHCP_MIN_UDP_LEN
.5e2d	93 5b 01	bcc $5f8a	    bcc _out
.5e30					_dhcp_claimed_len_ok:
.5e30	ad da 59	lda $59da	    lda pl_len+1
.5e33	d9 95 28	cmp $2895,y	    cmp ETH_RX_FRAME_PAYLOAD+4,y
.5e36	93 52 01	bcc $5f8a	    bcc _out
.5e39	d0 09		bne $5e44	    bne _dhcp_udp_len_ok
.5e3b	ad d9 59	lda $59d9	    lda pl_len
.5e3e	d9 96 28	cmp $2896,y	    cmp ETH_RX_FRAME_PAYLOAD+5,y
.5e41	93 47 01	bcc $5f8a	    bcc _out
.5e44					_dhcp_udp_len_ok:
.5e44	a9 02		lda #$02	    lda #$02
.5e46	b9 99 28	lda $2899,y	    lda ETH_RX_FRAME_PAYLOAD+8+0,y
.5e49	c9 02		cmp #$02	    cmp #BOOTP_OP_BOOTREPLY
.5e4b	d3 3d 01	bne $5f8a	    bne _out
.5e4e	a9 03		lda #$03	    lda #$03
.5e50	b9 9d 28	lda $289d,y	    lda ETH_RX_FRAME_PAYLOAD+8+$04,y
.5e53	cd b5 59	cmp $59b5	    cmp DHCP_XID+0
.5e56	d3 32 01	bne $5f8a	    bne _out
.5e59	b9 9e 28	lda $289e,y	    lda ETH_RX_FRAME_PAYLOAD+8+$05,y
.5e5c	cd b6 59	cmp $59b6	    cmp DHCP_XID+1
.5e5f	d3 29 01	bne $5f8a	    bne _out
.5e62	b9 9f 28	lda $289f,y	    lda ETH_RX_FRAME_PAYLOAD+8+$06,y
.5e65	cd b7 59	cmp $59b7	    cmp DHCP_XID+2
.5e68	d3 20 01	bne $5f8a	    bne _out
.5e6b	b9 a0 28	lda $28a0,y	    lda ETH_RX_FRAME_PAYLOAD+8+$07,y
.5e6e	cd b8 59	cmp $59b8	    cmp DHCP_XID+3
.5e71	d3 17 01	bne $5f8a	    bne _out
.5e74	a9 04		lda #$04	    lda #$04
.5e76	b9 a9 28	lda $28a9,y	    lda ETH_RX_FRAME_PAYLOAD+8+$10,y
.5e79	8d c1 59	sta $59c1	    sta DHCP_OFFER_IP+0
.5e7c	b9 aa 28	lda $28aa,y	    lda ETH_RX_FRAME_PAYLOAD+8+$11,y
.5e7f	8d c2 59	sta $59c2	    sta DHCP_OFFER_IP+1
.5e82	b9 ab 28	lda $28ab,y	    lda ETH_RX_FRAME_PAYLOAD+8+$12,y
.5e85	8d c3 59	sta $59c3	    sta DHCP_OFFER_IP+2
.5e88	b9 ac 28	lda $28ac,y	    lda ETH_RX_FRAME_PAYLOAD+8+$13,y
.5e8b	8d c4 59	sta $59c4	    sta DHCP_OFFER_IP+3
.5e8e	a9 05		lda #$05	    lda #$05
.5e90	b9 85 29	lda $2985,y	    lda ETH_RX_FRAME_PAYLOAD+8+236,y
.5e93	c9 63		cmp #$63	    cmp #DHCP_MAGIC_0
.5e95	d3 f3 00	bne $5f8a	    bne _out
.5e98	b9 86 29	lda $2986,y	    lda ETH_RX_FRAME_PAYLOAD+8+237,y
.5e9b	c9 82		cmp #$82	    cmp #DHCP_MAGIC_1
.5e9d	d3 eb 00	bne $5f8a	    bne _out
.5ea0	b9 87 29	lda $2987,y	    lda ETH_RX_FRAME_PAYLOAD+8+238,y
.5ea3	c9 53		cmp #$53	    cmp #DHCP_MAGIC_2
.5ea5	d3 e3 00	bne $5f8a	    bne _out
.5ea8	b9 88 29	lda $2988,y	    lda ETH_RX_FRAME_PAYLOAD+8+239,y
.5eab	c9 63		cmp #$63	    cmp #DHCP_MAGIC_3
.5ead	d3 db 00	bne $5f8a	    bne _out
.5eb0	a9 06		lda #$06	    lda #$06
.5eb2	20 8b 5f	jsr $5f8b	    jsr DHCP_PARSE_OPTIONS
.5eb5	a9 07		lda #$07	    lda #$07
.5eb7	ad e7 59	lda $59e7	    lda dhcp_msg_type
.5eba	c9 02		cmp #$02	    cmp #DHCPOFFER
.5ebc	f0 09		beq $5ec7	    beq _maybe_offer
.5ebe	c9 05		cmp #$05	    cmp #DHCPACK
.5ec0	f0 0d		beq $5ecf	    beq _maybe_ack
.5ec2	c9 06		cmp #$06	    cmp #DHCPNAK
.5ec4	f0 11		beq $5ed7	    beq _maybe_nak
.5ec6	60		rts		    rts
.5ec7					_maybe_offer:
.5ec7	ad af 59	lda $59af	    lda DHCP_STATE
.5eca	c9 01		cmp #$01	    cmp #DHCP_STATE_DISCOVER_SENT
.5ecc	f0 12		beq $5ee0	    beq _got_offer
.5ece	60		rts		    rts
.5ecf					_maybe_ack:
.5ecf	ad af 59	lda $59af	    lda DHCP_STATE
.5ed2	c9 03		cmp #$03	    cmp #DHCP_STATE_REQUEST_SENT
.5ed4	f0 58		beq $5f2e	    beq _got_ack
.5ed6	60		rts		    rts
.5ed7					_maybe_nak:
.5ed7	ad af 59	lda $59af	    lda DHCP_STATE
.5eda	c9 03		cmp #$03	    cmp #DHCP_STATE_REQUEST_SENT
.5edc	f3 a2 00	beq $5f80	    beq _got_nak
.5edf	60		rts		    rts
.5ee0					_got_offer:
.5ee0	a9 08		lda #$08	    lda #$08
.5ee2	a9 02		lda #$02	    lda #DHCP_STATE_OFFER_SEEN
.5ee4	8d af 59	sta $59af	    sta DHCP_STATE
.5ee7	a0 00		ldy #$00	    ldy #0
.5ee9	ad b9 59	lda $59b9	    lda DHCP_SERVER_ID+0
.5eec	0d ba 59	ora $59ba	    ora DHCP_SERVER_ID+1
.5eef	0d bb 59	ora $59bb	    ora DHCP_SERVER_ID+2
.5ef2	0d bc 59	ora $59bc	    ora DHCP_SERVER_ID+3
.5ef5	d0 18		bne $5f0f	    bne _srv_ok
.5ef7	ad 9d 28	lda $289d	    lda ETH_RX_FRAME_PAYLOAD+12
.5efa	8d b9 59	sta $59b9	    sta DHCP_SERVER_ID+0
.5efd	ad 9e 28	lda $289e	    lda ETH_RX_FRAME_PAYLOAD+13
.5f00	8d ba 59	sta $59ba	    sta DHCP_SERVER_ID+1
.5f03	ad 9f 28	lda $289f	    lda ETH_RX_FRAME_PAYLOAD+14
.5f06	8d bb 59	sta $59bb	    sta DHCP_SERVER_ID+2
.5f09	ad a0 28	lda $28a0	    lda ETH_RX_FRAME_PAYLOAD+15
.5f0c	8d bc 59	sta $59bc	    sta DHCP_SERVER_ID+3
.5f0f					_srv_ok:
.5f0f	20 b4 71	jsr $71b4	    jsr DHCP_REMEMBER_OFFER_SERVER_IMPL
.5f12	90 01		bcc $5f15	    bcc +
.5f14	60		rts		    rts
.5f15					+
.5f15	20 0c 5c	jsr $5c0c	    jsr DHCP_SEND_REQUEST
.5f18	b0 10		bcs $5f2a	    bcs _offer_request_tx_busy
.5f1a	a9 00		lda #$00	    lda #$00
.5f1c	8d d8 59	sta $59d8	    sta DHCP_REQUEST_IS_RENEW
.5f1f	a9 03		lda #$03	    lda #DHCP_STATE_REQUEST_SENT
.5f21	8d af 59	sta $59af	    sta DHCP_STATE
.5f24	a9 00		lda #$00	    lda #$00
.5f26	8d b0 59	sta $59b0	    sta DHCP_RETRY_TICKS
.5f29	60		rts		    rts
.5f2a					_offer_request_tx_busy:
.5f2a	20 3c 5b	jsr $5b3c	    jsr DHCP_RETRY_SOON
.5f2d	60		rts		    rts
.5f2e					_got_ack:
.5f2e	a9 09		lda #$09	    lda #$09
.5f30	20 7d 5f	jsr $5f7d	    jsr _dhcp_ack_sanity
.5f33	90 03		bcc $5f38	    bcc _ack_sane
.5f35	a9 0b		lda #$0b	    lda #$0b
.5f37	60		rts		    rts
.5f38					_ack_sane:
.5f38	a0 00		ldy #$00	    ldy #0
.5f3a	b9 c1 59	lda $59c1,y	-   lda DHCP_OFFER_IP,y
.5f3d	99 00 21	sta $2100,y	    sta LOCAL_IP,y
.5f40	b9 db 59	lda $59db,y	    lda opt_mask,y
.5f43	99 10 21	sta $2110,y	    sta SUBNET_MASK,y
.5f46	b9 df 59	lda $59df,y	    lda opt_router,y
.5f49	99 0c 21	sta $210c,y	    sta GATEWAY_IP,y
.5f4c	c8		iny		    iny
.5f4d	c0 04		cpy #$04	    cpy #4
.5f4f	d0 e9		bne $5f3a	    bne -
.5f51	ad e3 59	lda $59e3	    lda opt_dns+0
.5f54	0d e4 59	ora $59e4	    ora opt_dns+1
.5f57	0d e5 59	ora $59e5	    ora opt_dns+2
.5f5a	0d e6 59	ora $59e6	    ora opt_dns+3
.5f5d	f0 0d		beq $5f6c	    beq _ack_dns_done
.5f5f	a0 00		ldy #$00	    ldy #0
.5f61	b9 e3 59	lda $59e3,y	-   lda opt_dns,y
.5f64	99 14 21	sta $2114,y	    sta PRIMARY_DNS,y
.5f67	c8		iny		    iny
.5f68	c0 04		cpy #$04	    cpy #4
.5f6a	d0 f5		bne $5f61	    bne -
.5f6c					_ack_dns_done:
.5f6c	20 e9 5a	jsr $5ae9	    jsr DHCP_SCHEDULE_RENEWAL
.5f6f	a9 04		lda #$04	    lda #DHCP_STATE_BOUND
.5f71	8d af 59	sta $59af	    sta DHCP_STATE
.5f74	a9 00		lda #$00	    lda #0
.5f76	8d d8 59	sta $59d8	    sta DHCP_REQUEST_IS_RENEW
.5f79	8d ae 59	sta $59ae	    sta DHCP_IN_PROGRESS
.5f7c	60		rts		    rts
.5f7d					_dhcp_ack_sanity:
.5f7d	4c d3 71	jmp $71d3	    jmp DHCP_ACK_SANITY_IMPL
.5f80					_got_nak:
.5f80	a9 0a		lda #$0a	    lda #$0a
.5f82	a9 00		lda #$00	    lda #0
.5f84	8d e7 59	sta $59e7	    sta dhcp_msg_type
.5f87	4c ed 59	jmp $59ed	    jmp DHCP_RESTART_DISCOVERY
.5f8a					_out:
.5f8a	60		rts		    rts
.5f8b					DHCP_PARSE_OPTIONS:
.5f8b	a9 00		lda #$00	    lda #0
.5f8d	8d e7 59	sta $59e7	    sta dhcp_msg_type
.5f90	a0 00		ldy #$00	    ldy #0
.5f92					_clear4:
.5f92	99 db 59	sta $59db,y	    sta opt_mask,y
.5f95	99 df 59	sta $59df,y	    sta opt_router,y
.5f98	99 e3 59	sta $59e3,y	    sta opt_dns,y
.5f9b	99 b9 59	sta $59b9,y	    sta DHCP_SERVER_ID,y
.5f9e	99 c5 59	sta $59c5,y	    sta DHCP_LEASE_SECS,y
.5fa1	c8		iny		    iny
.5fa2	c0 04		cpy #$04	    cpy #4
.5fa4	d0 ec		bne $5f92	    bne _clear4
.5fa6	a9 91		lda #$91	    lda #<ETH_RX_FRAME_PAYLOAD
.5fa8	8d cf 59	sta $59cf	    sta DHCP_OPTS_BASE_LO
.5fab	a9 28		lda #$28	    lda #>ETH_RX_FRAME_PAYLOAD
.5fad	8d d0 59	sta $59d0	    sta DHCP_OPTS_BASE_HI
.5fb0	ad cf 59	lda $59cf	    lda DHCP_OPTS_BASE_LO
.5fb3	18		clc		    clc
.5fb4	6d cc 59	adc $59cc	    adc DHCP_IP_IHL_BYTES
.5fb7	8d cf 59	sta $59cf	    sta DHCP_OPTS_BASE_LO
.5fba	ad d0 59	lda $59d0	    lda DHCP_OPTS_BASE_HI
.5fbd	69 00		adc #$00	    adc #0
.5fbf	8d d0 59	sta $59d0	    sta DHCP_OPTS_BASE_HI
.5fc2	ac cc 59	ldy $59cc	    ldy DHCP_IP_IHL_BYTES
.5fc5	b9 95 28	lda $2895,y	    lda ETH_RX_FRAME_PAYLOAD+4,y      ; UDP length hi
.5fc8	8d 01 62	sta $6201	    sta _tmp_hi
.5fcb	b9 96 28	lda $2896,y	    lda ETH_RX_FRAME_PAYLOAD+5,y      ; UDP length lo
.5fce	8d 02 62	sta $6202	    sta _tmp_lo
.5fd1	38		sec		    sec
.5fd2	ad 02 62	lda $6202	    lda _tmp_lo
.5fd5	e9 08		sbc #$08	    sbc #8
.5fd7	8d 02 62	sta $6202	    sta _tmp_lo
.5fda	ad 01 62	lda $6201	    lda _tmp_hi
.5fdd	e9 00		sbc #$00	    sbc #0
.5fdf	8d 01 62	sta $6201	    sta _tmp_hi
.5fe2	38		sec		    sec
.5fe3	ad 02 62	lda $6202	    lda _tmp_lo
.5fe6	e9 f0		sbc #$f0	    sbc #240
.5fe8	8d 02 62	sta $6202	    sta _tmp_lo
.5feb	ad 01 62	lda $6201	    lda _tmp_hi
.5fee	e9 00		sbc #$00	    sbc #0
.5ff0	8d 01 62	sta $6201	    sta _tmp_hi
.5ff3	ad 01 62	lda $6201	    lda _tmp_hi
.5ff6	30 0c		bmi $6004	    bmi _opts_none              ; negative
.5ff8	d0 06		bne $6000	    bne _opts_ff                ; > 255
.5ffa	ad 02 62	lda $6202	    lda _tmp_lo                 ; 0..255
.5ffd	4c 06 60	jmp $6006	    jmp _opts_store
.6000					_opts_ff:
.6000	a9 ff		lda #$ff	    lda #$FF
.6002	d0 02		bne $6006	    bne _opts_store
.6004					_opts_none:
.6004	a9 00		lda #$00	    lda #$00
.6006					_opts_store:
.6006	8d d1 59	sta $59d1	    sta DHCP_OPTS_MAXY
.6009	ad cf 59	lda $59cf	    lda DHCP_OPTS_BASE_LO
.600c	18		clc		    clc
.600d	69 08		adc #$08	    adc #8
.600f	8d cf 59	sta $59cf	    sta DHCP_OPTS_BASE_LO
.6012	ad d0 59	lda $59d0	    lda DHCP_OPTS_BASE_HI
.6015	69 00		adc #$00	    adc #0
.6017	8d d0 59	sta $59d0	    sta DHCP_OPTS_BASE_HI
.601a	ad cf 59	lda $59cf	    lda DHCP_OPTS_BASE_LO
.601d	18		clc		    clc
.601e	69 f0		adc #$f0	    adc #240
.6020	8d cf 59	sta $59cf	    sta DHCP_OPTS_BASE_LO
.6023	ad d0 59	lda $59d0	    lda DHCP_OPTS_BASE_HI
.6026	69 00		adc #$00	    adc #0
.6028	8d d0 59	sta $59d0	    sta DHCP_OPTS_BASE_HI
.602b	ad cf 59	lda $59cf	    lda DHCP_OPTS_BASE_LO
.602e	8d 04 62	sta $6204	    sta OPTRD+1
.6031	ad d0 59	lda $59d0	    lda DHCP_OPTS_BASE_HI
.6034	8d 05 62	sta $6205	    sta OPTRD+2
.6037	a0 00		ldy #$00	    ldy #0
.6039					_next:
.6039	cc d1 59	cpy $59d1	    cpy DHCP_OPTS_MAXY
.603c	b3 bf 01	bcs $61fd	    bcs _done
.603f	20 03 62	jsr $6203	    jsr DHCP_OPTS_RD_A           ; A = option code
.6042	c9 ff		cmp #$ff	    cmp #DHCP_OPT_END
.6044	f3 b7 01	beq $61fd	    beq _done
.6047	c9 00		cmp #$00	    cmp #$00
.6049	f0 42		beq $608d	    beq _pad
.604b	8d fe 61	sta $61fe	    sta _code
.604e	c8		iny		    iny
.604f	cc d1 59	cpy $59d1	    cpy DHCP_OPTS_MAXY
.6052	b3 a9 01	bcs $61fd	    bcs _done                     ; avoid overrun if malformed at end
.6055	20 03 62	jsr $6203	    jsr DHCP_OPTS_RD_A           ; A = length
.6058	8d ff 61	sta $61ff	    sta _len
.605b	c8		iny		    iny
.605c	ad fe 61	lda $61fe	    lda _code
.605f	c9 35		cmp #$35	    cmp #DHCP_OPT_MESSAGE_TYPE
.6061	f0 34		beq $6097	    beq _opt_msg
.6063	c9 36		cmp #$36	    cmp #DHCP_OPT_SERVER_ID
.6065	f0 5a		beq $60c1	    beq _opt_svid
.6067	c9 01		cmp #$01	    cmp #DHCP_OPT_SUBNET_MASK
.6069	f3 96 00	beq $6101	    beq _opt_mask
.606c	c9 03		cmp #$03	    cmp #DHCPopt_router
.606e	f3 d1 00	beq $6141	    beq _opt_rtr
.6071	c9 06		cmp #$06	    cmp #DHCPopt_dns
.6073	f3 0c 01	beq $6181	    beq _opt_dns
.6076	c9 33		cmp #$33	    cmp #DHCP_OPT_LEASE_TIME
.6078	f3 45 01	beq $61bf	    beq _opt_lease
.607b	ae ff 61	ldx $61ff	    ldx _len
.607e	f0 b9		beq $6039	    beq _next
.6080					_skip_unknown:
.6080	c8		iny		    iny
.6081	cc d1 59	cpy $59d1	    cpy DHCP_OPTS_MAXY
.6084	b3 77 01	bcs $61fd	    bcs _done
.6087	ca		dex		    dex
.6088	d0 f6		bne $6080	    bne _skip_unknown
.608a	4c 39 60	jmp $6039	    jmp _next
.608d					_pad:
.608d	c8		iny		    iny
.608e	cc d1 59	cpy $59d1	    cpy DHCP_OPTS_MAXY
.6091	b3 6a 01	bcs $61fd	    bcs _done
.6094	4c 39 60	jmp $6039	    jmp _next
.6097					_opt_msg:
.6097	ad ff 61	lda $61ff	    lda _len
.609a	f0 9d		beq $6039	    beq _next
.609c	cc d1 59	cpy $59d1	    cpy DHCP_OPTS_MAXY
.609f	b3 5c 01	bcs $61fd	    bcs _done
.60a2	20 03 62	jsr $6203	    jsr DHCP_OPTS_RD_A
.60a5	8d e7 59	sta $59e7	    sta dhcp_msg_type
.60a8	c8		iny		    iny
.60a9	ad ff 61	lda $61ff	    lda _len
.60ac	38		sec		    sec
.60ad	e9 01		sbc #$01	    sbc #1
.60af	aa		tax		    tax
.60b0					_opt_msg_skip_extra:
.60b0	e0 00		cpx #$00	    cpx #0
.60b2	f0 85		beq $6039	    beq _next
.60b4	cc d1 59	cpy $59d1	    cpy DHCP_OPTS_MAXY
.60b7	b3 44 01	bcs $61fd	    bcs _done
.60ba	c8		iny		    iny
.60bb	ca		dex		    dex
.60bc	d0 f2		bne $60b0	    bne _opt_msg_skip_extra
.60be	4c 39 60	jmp $6039	    jmp _next
.60c1					_opt_svid:
.60c1	ad ff 61	lda $61ff	    lda _len
.60c4	f3 73 ff	beq $6039	    beq _next
.60c7	c9 04		cmp #$04	    cmp #4
.60c9	90 02		bcc $60cd	    bcc _svid_len_ok
.60cb	a9 04		lda #$04	    lda #4
.60cd					_svid_len_ok:
.60cd	8d 00 62	sta $6200	    sta _cp                      ; copy count
.60d0	a2 00		ldx #$00	    ldx #0
.60d2					_svid_copy_loop:
.60d2	ec 00 62	cpx $6200	    cpx _cp
.60d5	f0 10		beq $60e7	    beq _svid_after_copy
.60d7	cc d1 59	cpy $59d1	    cpy DHCP_OPTS_MAXY
.60da	b3 21 01	bcs $61fd	    bcs _done
.60dd	20 03 62	jsr $6203	    jsr DHCP_OPTS_RD_A
.60e0	9d b9 59	sta $59b9,x	    sta DHCP_SERVER_ID,x
.60e3	c8		iny		    iny
.60e4	e8		inx		    inx
.60e5	d0 eb		bne $60d2	    bne _svid_copy_loop
.60e7					_svid_after_copy:
.60e7	ad ff 61	lda $61ff	    lda _len
.60ea	38		sec		    sec
.60eb	ed 00 62	sbc $6200	    sbc _cp
.60ee	aa		tax		    tax
.60ef					_svid_skip_extra:
.60ef	e0 00		cpx #$00	    cpx #0
.60f1	f3 46 ff	beq $6039	    beq _next
.60f4	c8		iny		    iny
.60f5	cc d1 59	cpy $59d1	    cpy DHCP_OPTS_MAXY
.60f8	b3 03 01	bcs $61fd	    bcs _done
.60fb	ca		dex		    dex
.60fc	d0 f1		bne $60ef	    bne _svid_skip_extra
.60fe	4c 39 60	jmp $6039	    jmp _next
.6101					_opt_mask:
.6101	ad ff 61	lda $61ff	    lda _len
.6104	f3 33 ff	beq $6039	    beq _next
.6107	c9 04		cmp #$04	    cmp #4
.6109	90 02		bcc $610d	    bcc _mask_len_ok
.610b	a9 04		lda #$04	    lda #4
.610d					_mask_len_ok:
.610d	8d 00 62	sta $6200	    sta _cp
.6110	a2 00		ldx #$00	    ldx #0
.6112					_mask_copy_loop:
.6112	ec 00 62	cpx $6200	    cpx _cp
.6115	f0 10		beq $6127	    beq _mask_after_copy
.6117	cc d1 59	cpy $59d1	    cpy DHCP_OPTS_MAXY
.611a	b3 e1 00	bcs $61fd	    bcs _done
.611d	20 03 62	jsr $6203	    jsr DHCP_OPTS_RD_A
.6120	9d db 59	sta $59db,x	    sta opt_mask,x
.6123	c8		iny		    iny
.6124	e8		inx		    inx
.6125	d0 eb		bne $6112	    bne _mask_copy_loop
.6127					_mask_after_copy:
.6127	ad ff 61	lda $61ff	    lda _len
.612a	38		sec		    sec
.612b	ed 00 62	sbc $6200	    sbc _cp
.612e	aa		tax		    tax
.612f					_mask_skip_extra:
.612f	e0 00		cpx #$00	    cpx #0
.6131	f3 06 ff	beq $6039	    beq _next
.6134	c8		iny		    iny
.6135	cc d1 59	cpy $59d1	    cpy DHCP_OPTS_MAXY
.6138	b3 c3 00	bcs $61fd	    bcs _done
.613b	ca		dex		    dex
.613c	d0 f1		bne $612f	    bne _mask_skip_extra
.613e	4c 39 60	jmp $6039	    jmp _next
.6141					_opt_rtr:
.6141	ad ff 61	lda $61ff	    lda _len
.6144	f3 f3 fe	beq $6039	    beq _next
.6147	c9 04		cmp #$04	    cmp #4
.6149	90 02		bcc $614d	    bcc _rtr_len_ok
.614b	a9 04		lda #$04	    lda #4
.614d					_rtr_len_ok:
.614d	8d 00 62	sta $6200	    sta _cp
.6150	a2 00		ldx #$00	    ldx #0
.6152					_rtr_copy_loop:
.6152	ec 00 62	cpx $6200	    cpx _cp
.6155	f0 10		beq $6167	    beq _rtr_after_copy
.6157	cc d1 59	cpy $59d1	    cpy DHCP_OPTS_MAXY
.615a	b3 a1 00	bcs $61fd	    bcs _done
.615d	20 03 62	jsr $6203	    jsr DHCP_OPTS_RD_A
.6160	9d df 59	sta $59df,x	    sta opt_router,x
.6163	c8		iny		    iny
.6164	e8		inx		    inx
.6165	d0 eb		bne $6152	    bne _rtr_copy_loop
.6167					_rtr_after_copy:
.6167	ad ff 61	lda $61ff	    lda _len
.616a	38		sec		    sec
.616b	ed 00 62	sbc $6200	    sbc _cp
.616e	aa		tax		    tax
.616f					_rtr_skip_loop:
.616f	e0 00		cpx #$00	    cpx #0
.6171	f3 c6 fe	beq $6039	    beq _next
.6174	c8		iny		    iny
.6175	cc d1 59	cpy $59d1	    cpy DHCP_OPTS_MAXY
.6178	b3 83 00	bcs $61fd	    bcs _done
.617b	ca		dex		    dex
.617c	d0 f1		bne $616f	    bne _rtr_skip_loop
.617e	4c 39 60	jmp $6039	    jmp _next
.6181					_opt_dns:
.6181	ad ff 61	lda $61ff	    lda _len
.6184	f3 b3 fe	beq $6039	    beq _next
.6187	c9 04		cmp #$04	    cmp #4
.6189	90 02		bcc $618d	    bcc _dns_len_ok
.618b	a9 04		lda #$04	    lda #4
.618d					_dns_len_ok:
.618d	8d 00 62	sta $6200	    sta _cp
.6190	a2 00		ldx #$00	    ldx #0
.6192					_dns_copy_loop:
.6192	ec 00 62	cpx $6200	    cpx _cp
.6195	f0 0f		beq $61a6	    beq _dns_after_copy
.6197	cc d1 59	cpy $59d1	    cpy DHCP_OPTS_MAXY
.619a	b0 61		bcs $61fd	    bcs _done
.619c	20 03 62	jsr $6203	    jsr DHCP_OPTS_RD_A
.619f	9d e3 59	sta $59e3,x	    sta opt_dns,x
.61a2	c8		iny		    iny
.61a3	e8		inx		    inx
.61a4	d0 ec		bne $6192	    bne _dns_copy_loop
.61a6					_dns_after_copy:
.61a6	ad ff 61	lda $61ff	    lda _len
.61a9	38		sec		    sec
.61aa	ed 00 62	sbc $6200	    sbc _cp
.61ad	aa		tax		    tax
.61ae					_dns_skip_loop:
.61ae	e0 00		cpx #$00	    cpx #0
.61b0	f3 87 fe	beq $6039	    beq _next
.61b3	c8		iny		    iny
.61b4	cc d1 59	cpy $59d1	    cpy DHCP_OPTS_MAXY
.61b7	b0 44		bcs $61fd	    bcs _done
.61b9	ca		dex		    dex
.61ba	d0 f2		bne $61ae	    bne _dns_skip_loop
.61bc	4c 39 60	jmp $6039	    jmp _next
.61bf					_opt_lease:
.61bf	ad ff 61	lda $61ff	    lda _len
.61c2	f3 75 fe	beq $6039	    beq _next
.61c5	c9 04		cmp #$04	    cmp #4
.61c7	90 02		bcc $61cb	    bcc _lease_len_ok
.61c9	a9 04		lda #$04	    lda #4
.61cb					_lease_len_ok:
.61cb	8d 00 62	sta $6200	    sta _cp
.61ce	a2 00		ldx #$00	    ldx #0
.61d0					_lease_copy_loop:
.61d0	ec 00 62	cpx $6200	    cpx _cp
.61d3	f0 0f		beq $61e4	    beq _lease_after_copy
.61d5	cc d1 59	cpy $59d1	    cpy DHCP_OPTS_MAXY
.61d8	b0 23		bcs $61fd	    bcs _done
.61da	20 03 62	jsr $6203	    jsr DHCP_OPTS_RD_A
.61dd	9d c5 59	sta $59c5,x	    sta DHCP_LEASE_SECS,x
.61e0	c8		iny		    iny
.61e1	e8		inx		    inx
.61e2	d0 ec		bne $61d0	    bne _lease_copy_loop
.61e4					_lease_after_copy:
.61e4	ad ff 61	lda $61ff	    lda _len
.61e7	38		sec		    sec
.61e8	ed 00 62	sbc $6200	    sbc _cp
.61eb	aa		tax		    tax
.61ec					_lease_skip_loop:
.61ec	e0 00		cpx #$00	    cpx #0
.61ee	f3 49 fe	beq $6039	    beq _next
.61f1	c8		iny		    iny
.61f2	cc d1 59	cpy $59d1	    cpy DHCP_OPTS_MAXY
.61f5	b0 06		bcs $61fd	    bcs _done
.61f7	ca		dex		    dex
.61f8	d0 f2		bne $61ec	    bne _lease_skip_loop
.61fa	4c 39 60	jmp $6039	    jmp _next
.61fd					_done:
.61fd	60		rts		    rts
>61fe	00				_code:      .byte 0
>61ff	00				_len:       .byte 0
>6200	00				_cp:        .byte 0
>6201	00				_tmp_hi     .byte 0
>6202	00				_tmp_lo     .byte 0
.6203					DHCP_OPTS_RD_A:
.6203					OPTRD:
.6203	b9 ff ff	lda $ffff,y	    lda $FFFF,y
.6206	60		rts		    rts

;******  Return to file: C:\projects\_M65\_xlar54\mega-ip-master\src\eth.asm

.6207					ETH_DNS_LOOKUP:
.6207	20 54 62	jsr $6254	    jsr COPY_ASTR_TO_DNS_HOST
.620a					DNS_LOOKUP_HOSTSTR:
.620a	a9 b5		lda #$b5	    lda #<host_str
.620c	a2 21		ldx #$21	    ldx #>host_str
.620e	20 65 53	jsr $5365	    jsr DNS_RESOLVE_START
.6211	b0 2c		bcs $623f	    bcs DNS_LOOKUP_FAIL       ; carry set means input label too long etc.
.6213					DNS_LOOKUP_WAIT:
.6213	20 f1 53	jsr $53f1	    jsr DNS_POLL              ; A = 0 idle, 1 wait, 2 done, 3 fail
.6216	c9 02		cmp #$02	    cmp #DNS_STATE_DONE
.6218	f0 0a		beq $6224	    beq DNS_LOOKUP_RESOLVED
.621a	c9 03		cmp #$03	    cmp #DNS_STATE_FAIL
.621c	f0 21		beq $623f	    beq DNS_LOOKUP_FAIL
.621e	20 1a 4a	jsr $4a1a	    jsr ETH_STATUS_POLL       ; or your driver tick, which calls DNS_TICK
.6221	4c 13 62	jmp $6213	    jmp DNS_LOOKUP_WAIT
.6224					DNS_LOOKUP_RESOLVED:
.6224	ad 23 50	lda $5023	    lda DNS_RESULT_IP+0
.6227	8d 06 21	sta $2106	    sta REMOTE_IP+0
.622a	ad 24 50	lda $5024	    lda DNS_RESULT_IP+1
.622d	8d 07 21	sta $2107	    sta REMOTE_IP+1
.6230	ad 25 50	lda $5025	    lda DNS_RESULT_IP+2
.6233	8d 08 21	sta $2108	    sta REMOTE_IP+2
.6236	ad 26 50	lda $5026	    lda DNS_RESULT_IP+3
.6239	8d 09 21	sta $2109	    sta REMOTE_IP+3
.623c	a9 01		lda #$01	    lda #$01
.623e	60		rts		    rts
.623f					DNS_LOOKUP_FAIL:
.623f	a9 00		lda #$00	    lda #$00
.6241	8d 06 21	sta $2106	    sta REMOTE_IP+0
.6244	8d 07 21	sta $2107	    sta REMOTE_IP+1
.6247	8d 08 21	sta $2108	    sta REMOTE_IP+2
.624a	8d 09 21	sta $2109	    sta REMOTE_IP+3
.624d	a9 00		lda #$00	    lda #$00
.624f	60		rts		    rts
.6250					ETH_GET_DNS_STATE:
.6250	ad 27 50	lda $5027	    lda DNS_STATE
.6253	60		rts		    rts
.6254					COPY_ASTR_TO_DNS_HOST:
.6254	a5 45		lda $45		    lda $45
.6256	48		pha		    pha
.6257	a5 46		lda $46		    lda $46
.6259	48		pha		    pha
.625a	a5 47		lda $47		    lda $47
.625c	48		pha		    pha
.625d	a5 48		lda $48		    lda $48
.625f	48		pha		    pha
.6260	a9 60		lda #$60	    lda #<$FD60
.6262	85 45		sta $45		    sta $45
.6264	a9 fd		lda #$fd	    lda #>$FD60
.6266	85 46		sta $46		    sta $46
.6268	a9 00		lda #$00	    lda #`$FD60
.626a	85 47		sta $47		    sta $47
.626c	a9 00		lda #$00	    lda #$00
.626e	85 48		sta $48		    sta $48
.6270	a3 00		ldz #$00	    ldz #$00
.6272	ea		nop		    lda [$45],z
.6273	b2 45		lda ($45),z
.6275	4b		taz		    taz
.6276	68		pla		    pla
.6277	85 48		sta $48		    sta $48
.6279	68		pla		    pla
.627a	85 47		sta $47		    sta $47
.627c	68		pla		    pla
.627d	85 46		sta $46		    sta $46
.627f	68		pla		    pla
.6280	85 45		sta $45		    sta $45
.6282	6b		tza		    tza
.6283	f3 91 00	beq $6316	    beq _exit
.6286	c9 80		cmp #$80	    cmp #DNS_HOST_BUFFER_SIZE
.6288	90 02		bcc $628c	    bcc _dns_len_ok
.628a	a9 7f		lda #$7f	    lda #DNS_HOST_MAX
.628c					_dns_len_ok:
.628c	8d 03 63	sta $6303	    sta _var_len
.628f	a9 00		lda #$00	    lda #$00
.6291	8d 04 63	sta $6304	    sta _var_len+1            ; DMA length MSB = 0
.6294	a5 45		lda $45		    lda $45
.6296	48		pha		    pha
.6297	a5 46		lda $46		    lda $46
.6299	48		pha		    pha
.629a	a5 47		lda $47		    lda $47
.629c	48		pha		    pha
.629d	a5 48		lda $48		    lda $48
.629f	48		pha		    pha
.62a0	a9 61		lda #$61	    lda #<$FD61
.62a2	85 45		sta $45		    sta $45
.62a4	a9 fd		lda #$fd	    lda #>$FD61
.62a6	85 46		sta $46		    sta $46
.62a8	a9 00		lda #$00	    lda #`$FD61
.62aa	85 47		sta $47		    sta $47
.62ac	a9 00		lda #$00	    lda #$00
.62ae	85 48		sta $48		    sta $48
.62b0	a3 00		ldz #$00	    ldz #$00
.62b2	ea		nop		    lda [$45],z
.62b3	b2 45		lda ($45),z
.62b5	4b		taz		    taz
.62b6	68		pla		    pla
.62b7	85 48		sta $48		    sta $48
.62b9	68		pla		    pla
.62ba	85 47		sta $47		    sta $47
.62bc	68		pla		    pla
.62bd	85 46		sta $46		    sta $46
.62bf	68		pla		    pla
.62c0	85 45		sta $45		    sta $45
.62c2	6b		tza		    tza
.62c3	8d 05 63	sta $6305	    sta _var_addr
.62c6	a5 45		lda $45		    lda $45
.62c8	48		pha		    pha
.62c9	a5 46		lda $46		    lda $46
.62cb	48		pha		    pha
.62cc	a5 47		lda $47		    lda $47
.62ce	48		pha		    pha
.62cf	a5 48		lda $48		    lda $48
.62d1	48		pha		    pha
.62d2	a9 62		lda #$62	    lda #<$FD62
.62d4	85 45		sta $45		    sta $45
.62d6	a9 fd		lda #$fd	    lda #>$FD62
.62d8	85 46		sta $46		    sta $46
.62da	a9 00		lda #$00	    lda #`$FD62
.62dc	85 47		sta $47		    sta $47
.62de	a9 00		lda #$00	    lda #$00
.62e0	85 48		sta $48		    sta $48
.62e2	a3 00		ldz #$00	    ldz #$00
.62e4	ea		nop		    lda [$45],z
.62e5	b2 45		lda ($45),z
.62e7	4b		taz		    taz
.62e8	68		pla		    pla
.62e9	85 48		sta $48		    sta $48
.62eb	68		pla		    pla
.62ec	85 47		sta $47		    sta $47
.62ee	68		pla		    pla
.62ef	85 46		sta $46		    sta $46
.62f1	68		pla		    pla
.62f2	85 45		sta $45		    sta $45
.62f4	6b		tza		    tza
.62f5	8d 06 63	sta $6306	    sta _var_addr+1
.62f8	a9 00		lda #$00	    lda #$00
.62fa	8d 07 d7	sta $d707	    sta $D707
>62fd	80				    .byte $80                                   ; enhanced dma - src bits 20-27
>62fe	00				    .byte $00   ; src hi
>62ff	81				    .byte $81                                   ; enhanced dma - dest bits 20-27
>6300	00				    .byte $00   ; dest hi
>6301	00				    .byte $00                                   ; end of job options
>6302	00				    .byte $00                                   ; copy
.6303					_var_len:
>6303	00				    .byte $00 ; <\length,
>6304	00				    .byte $00 ; >\length                    ; length lsb, msb
.6305					_var_addr:
>6305	00 00 01			    .byte $00, $00, $01                     ; src lsb, msb, bank 1 for string var data
.6308					_dest_addr:
>6308	b5 21 00			    .byte <host_str, >host_str, EXEC_BANK             ; dest lsb, msb, bank
>630b	00				    .byte $00                                   ; command high byte
>630c	00 00				    .word $0000                                 ; modulo (ignored)
.630e	a9 00		lda #$00	    lda #$00
.6310	ac 03 63	ldy $6303	    ldy _var_len
.6313	99 b5 21	sta $21b5,y	    sta host_str, y
.6316					_exit:
.6316	60		rts		    rts
.6317					ETH_GET_DNS_RESULT_IP:
.6317	ad 23 50	lda $5023	    lda DNS_RESULT_IP
.631a	ae 24 50	ldx $5024	    ldx DNS_RESULT_IP+1
.631d	ac 25 50	ldy $5025	    ldy DNS_RESULT_IP+2
.6320	ab 26 50	ldz $5026	    ldz DNS_RESULT_IP+3
.6323	60		rts		    rts
.6324					ETH_RX_ROTATE:
.6324	a9 01		lda #$01	    lda #$01
.6326	8d e1 d6	sta $d6e1	    sta MEGA65_ETH_CTRL2
.6329	a9 03		lda #$03	    lda #$03
.632b	8d e1 d6	sta $d6e1	    sta MEGA65_ETH_CTRL2
.632e	60		rts		    rts
.632f					ETH_RCV:
.632f	20 07 32	jsr $3207	    jsr MEGA65_IO_ENABLE
.6332	ad e1 d6	lda $d6e1	    lda MEGA65_ETH_CTRL2
.6335	29 20		and #$20	    and #%00100000                  ; check RX bit for waiting frame
.6337	d0 01		bne $633a	    bne _latch_frame
.6339	60		rts		    rts
.633a					_latch_frame:
.633a	08		php		    php
.633b	78		sei		    sei
.633c	8d 07 d7	sta $d707	    sta $D707
>633f	80				    .byte $80                   ; enhanced dma - src bits 20-27
>6340	ff				    .byte $ff                   ; ----------------------^
>6341	81				    .byte $81                   ; enhanced dma - dest bits 20-27
>6342	00				    .byte $00
>6343	00				    .byte $00                   ; end of job options
>6344	00				    .byte $00                   ; copy
>6345	02 00				    .byte $02, $00              ; length = 2 metadata bytes
>6347	00 e8 0d			    .byte $00, $e8, $0d         ; src eth RX buffer metadata ($ffde800)
>634a	b1 21 00			    .byte <RX_META0, >RX_META0, EXEC_BANK
>634d	00				    .byte $00                   ; command high byte
>634e	00 00				    .word $0000                 ; modulo (ignored)
.6350	28		plp		    plp
.6351	ad b1 21	lda $21b1	    lda RX_META0
.6354	8d f0 63	sta $63f0	    sta _len_lsb
.6357	ad b2 21	lda $21b2	    lda RX_META1
.635a	29 0f		and #$0f	    and #$0F
.635c	8d f1 63	sta $63f1	    sta _len_msb
.635f	ad f1 63	lda $63f1	    lda _len_msb
.6362	0d f0 63	ora $63f0	    ora _len_lsb
.6365	d0 04		bne $636b	    bne _len_nonzero
.6367	20 24 63	jsr $6324	    jsr ETH_RX_ROTATE
.636a	60		rts		    rts
.636b					_len_nonzero:
.636b					_chk_bad_crc:
.636b	ad b2 21	lda $21b2	    lda RX_META1
.636e	29 80		and #$80	    and #%10000000
.6370	f0 04		beq $6376	    beq _chk_multicast
.6372	20 24 63	jsr $6324	    jsr ETH_RX_ROTATE
.6375	60		rts		    rts
.6376					_chk_multicast:
.6376	ad ae 59	lda $59ae	    lda DHCP_IN_PROGRESS
.6379	d0 10		bne $638b	    bne _chk_dest_ok
.637b	ad 38 21	lda $2138	    lda TCP_LISTEN_ENABLED
.637e	d0 0b		bne $638b	    bne _chk_dest_ok
.6380	ad b2 21	lda $21b2	    lda RX_META1
.6383	29 10		and #$10	    and #%00010000
.6385	f0 04		beq $638b	    beq _chk_dest_ok
.6387	20 24 63	jsr $6324	    jsr ETH_RX_ROTATE
.638a	60		rts		    rts
.638b					_chk_dest_ok:
.638b	4c 8e 63	jmp $638e	    jmp _accept_packet
.638e					_accept_packet:
.638e	ad 27 50	lda $5027	    lda DNS_STATE
.6391	c9 01		cmp #$01	    cmp #DNS_STATE_WAIT
.6393	d0 00		bne $6395	    bne +
.6395					+
.6395	38		sec		    sec
.6396	ad f0 63	lda $63f0	    lda _len_lsb
.6399	e9 04		sbc #$04	    sbc #$04
.639b	8d f0 63	sta $63f0	    sta _len_lsb
.639e	ad f1 63	lda $63f1	    lda _len_msb
.63a1	e9 00		sbc #$00	    sbc #$00
.63a3	8d f1 63	sta $63f1	    sta _len_msb
.63a6	b0 04		bcs $63ac	    bcs _after_fcs                ; C=1 => no borrow
.63a8	20 24 63	jsr $6324	    jsr ETH_RX_ROTATE
.63ab	60		rts		    rts
.63ac					_after_fcs:
.63ac	ad f1 63	lda $63f1	    lda _len_msb
.63af	d0 0b		bne $63bc	    bne _ge14_ok
.63b1	ad f0 63	lda $63f0	    lda _len_lsb
.63b4	c9 0e		cmp #$0e	    cmp #$0E
.63b6	b0 04		bcs $63bc	    bcs _ge14_ok
.63b8	20 24 63	jsr $6324	    jsr ETH_RX_ROTATE
.63bb	60		rts		    rts
.63bc					_ge14_ok:
.63bc	ad f1 63	lda $63f1	    lda _len_msb
.63bf	c9 06		cmp #$06	    cmp #$06
.63c1	90 0d		bcc $63d0	    bcc _do_copy                 ; < 0x0600 -> safe
.63c3	d0 07		bne $63cc	    bne _drop_oversize
.63c5	ad f0 63	lda $63f0	    lda _len_lsb
.63c8	c9 4e		cmp #$4e	    cmp #$4E                      ; == 0x06 -> check low byte
.63ca	90 04		bcc $63d0	    bcc _do_copy                 ; <= 0x064D -> safe
.63cc					_drop_oversize:
.63cc	20 24 63	jsr $6324	    jsr ETH_RX_ROTATE
.63cf	60		rts		    rts
.63d0					_do_copy:
.63d0	ad f0 63	lda $63f0	    lda _len_lsb
.63d3	8d 48 21	sta $2148	    sta ETH_RX_FRAME_LEN_L
.63d6	38		sec		    sec
.63d7	e9 0e		sbc #$0e	    sbc #14
.63d9	8d 4a 21	sta $214a	    sta ETH_RX_PAYLOAD_LEN_L
.63dc	ad f1 63	lda $63f1	    lda _len_msb
.63df	8d 49 21	sta $2149	    sta ETH_RX_FRAME_LEN_H
.63e2	e9 00		sbc #$00	    sbc #0
.63e4	8d 4b 21	sta $214b	    sta ETH_RX_PAYLOAD_LEN_H
.63e7	08		php		    php
.63e8	78		sei		    sei
.63e9	8d 07 d7	sta $d707	    sta $D707
>63ec	80				    .byte $80                   ; enhanced dma - src bits 20-27
>63ed	ff				    .byte $ff                   ; ----------------------^
>63ee	00				    .byte $00                   ; end of job options
>63ef	00				    .byte $00                   ; copy
.63f0					_len_lsb:
>63f0	00				    .byte $00                   ; length lsb
.63f1					_len_msb:
>63f1	00				    .byte $00                   ; length msb
>63f2	02 e8 0d			    .byte $02, $e8, $0d         ; src eth TX/RX buffer ($ffde802) (2nd byte, skipping length bytes)
>63f5	83 28 00			    .byte <ETH_RX_FRAME_HEADER, >ETH_RX_FRAME_HEADER, EXEC_BANK   ; dest lsb, msb, bank
>63f8	00				    .byte $00                   ; command high byte
>63f9	00 00				    .word $0000                 ; modulo (ignored)
.63fb	28		plp		    plp
.63fc	20 24 63	jsr $6324	    jsr ETH_RX_ROTATE
.63ff	20 b8 64	jsr $64b8	    jsr ETH_IS_PACKET_FOR_US
.6402	8d c9 6e	sta $6ec9	    sta CONNECT_LAST_RX_DEST_CLASS
.6405	ad 8f 28	lda $288f	    lda ETH_RX_TYPE
.6408	ad 90 28	lda $2890	    lda ETH_RX_TYPE+1
.640b	ad 9a 28	lda $289a	    lda ETH_RX_FRAME_PAYLOAD+9
.640e	ad c9 6e	lda $6ec9	    lda CONNECT_LAST_RX_DEST_CLASS
.6411	d0 0b		bne $641e	    bne _chk_eth_type
.6413	ad 27 50	lda $5027	    lda DNS_STATE
.6416	c9 01		cmp #$01	    cmp #DNS_STATE_WAIT
.6418	d3 9d 00	bne $64b7	    bne _unknown_packet
.641b	4c b7 64	jmp $64b7	    jmp _unknown_packet
.641e					_chk_eth_type:
.641e	ad 8f 28	lda $288f	    lda ETH_RX_TYPE
.6421	c9 08		cmp #$08	    cmp #$08
.6423	d3 92 00	bne $64b7	    bne _unknown_packet
.6426	ad 90 28	lda $2890	    lda ETH_RX_TYPE+1
.6429	c9 06		cmp #$06	    cmp #$06                            ; is packet $0806 (ARP)?
.642b	f0 07		beq $6434	    beq _is_arp
.642d	c9 00		cmp #$00	    cmp #$00                            ; is packet $0800 (IPv4)?
.642f	f0 26		beq $6457	    beq _is_ipv4
.6431	4c b7 64	jmp $64b7	    jmp _unknown_packet
.6434					_is_arp:
.6434	ad 4b 21	lda $214b	    lda ETH_RX_PAYLOAD_LEN_H
.6437	d0 07		bne $6440	    bne _arp_len_ok
.6439	ad 4a 21	lda $214a	    lda ETH_RX_PAYLOAD_LEN_L
.643c	c9 1c		cmp #$1c	    cmp #28
.643e	90 77		bcc $64b7	    bcc _unknown_packet
.6440					_arp_len_ok:
.6440	ad 97 28	lda $2897	    lda ETH_RX_FRAME_PAYLOAD+6          ; OPER MSB
.6443	d0 72		bne $64b7	    bne _unknown_packet                 ; reject non-zero MSB
.6445	ad 98 28	lda $2898	    lda ETH_RX_FRAME_PAYLOAD+7          ; now A = OPER_hi|OPER_lo
.6448	c9 01		cmp #$01	    cmp #$01                            ; = 1 (request)?
.644a	f0 05		beq $6451	    beq _call_arp_reply
.644c	c9 02		cmp #$02	    cmp #$02                            ; = 2 (reply)?
.644e	f0 04		beq $6454	    beq _call_arp_update_cache
.6450	60		rts		    rts                                 ; neither request nor reply -> ignore
.6451					_call_arp_reply:
.6451	4c 90 4c	jmp $4c90	    jmp ARP_REPLY
.6454					_call_arp_update_cache:
.6454	4c d1 4d	jmp $4dd1	    jmp ARP_UPDATE_CACHE
.6457					_is_ipv4:
.6457	20 33 45	jsr $4533	    jsr IPV4_VALIDATE_RX
.645a	b0 5b		bcs $64b7	    bcs _unknown_packet
.645c	ad 27 50	lda $5027	    lda DNS_STATE
.645f	c9 01		cmp #$01	    cmp #DNS_STATE_WAIT
.6461	d0 00		bne $6463	    bne +
.6463					+
.6463	ad 9a 28	lda $289a	    lda ETH_RX_FRAME_HEADER+23         ; Protocol (14 + 9)
.6466	c9 01		cmp #$01	    cmp #IP_PROTO_ICMP                 ; ICMP?
.6468	f0 09		beq $6473	    beq _call_incoming_icmp
.646a	c9 06		cmp #$06	    cmp #IP_PROTO_TCP                  ; TCP?
.646c	f0 41		beq $64af	    beq _call_incoming_tcp
.646e	c9 11		cmp #$11	    cmp #IP_PROTO_UDP                  ; UDP?
.6470	f0 04		beq $6476	    beq _udp_demux
.6472	60		rts		    rts
.6473					_call_incoming_icmp:
.6473	4c 17 65	jmp $6517	    jmp ICMP_ECHO_REPLY
.6476					_udp_demux:
.6476	ad 27 50	lda $5027	    lda DNS_STATE
.6479	c9 01		cmp #$01	    cmp #DNS_STATE_WAIT
.647b	d0 00		bne $647d	    bne +
.647d					+
.647d	ad 91 28	lda $2891	    lda ETH_RX_FRAME_HEADER+14         ; Version/IHL at start of IP header
.6480	29 0f		and #$0f	    and #$0F
.6482	0a		asl a		    asl                                ; *4
.6483	0a		asl a		    asl
.6484	8d cc 59	sta $59cc	    sta DHCP_IP_IHL_BYTES
.6487	a8		tay		    tay                                ; Y = IHL in bytes (typically 20)
.6488	ad f9 45	lda $45f9	    lda IPV4_RX_TOTAL_HI
.648b	d0 0d		bne $649a	    bne _udp_header_ok
.648d	ad fa 45	lda $45fa	    lda IPV4_RX_TOTAL_LO
.6490	38		sec		    sec
.6491	ed cc 59	sbc $59cc	    sbc DHCP_IP_IHL_BYTES
.6494	90 21		bcc $64b7	    bcc _unknown_packet
.6496	c9 08		cmp #$08	    cmp #UDP_DATA_BASE
.6498	90 1d		bcc $64b7	    bcc _unknown_packet
.649a					_udp_header_ok:
.649a	b9 93 28	lda $2893,y	    lda ETH_RX_FRAME_PAYLOAD+2,y       ; dst port high
.649d	c9 00		cmp #$00	    cmp #>(UDP_PORT_DHCP_CLIENT)       ; 68
.649f	d0 0b		bne $64ac	    bne _udp_maybe_dns
.64a1	b9 94 28	lda $2894,y	    lda ETH_RX_FRAME_PAYLOAD+3,y       ; dst port low
.64a4	c9 44		cmp #$44	    cmp #<(UDP_PORT_DHCP_CLIENT)
.64a6	d0 04		bne $64ac	    bne _udp_maybe_dns
.64a8	20 02 5e	jsr $5e02	    jsr DHCP_ON_UDP
.64ab	60		rts		    rts
.64ac					_udp_maybe_dns:
.64ac	4c 82 54	jmp $5482	    jmp DNS_UDP_IN
.64af					_call_incoming_tcp:
.64af	20 4b 68	jsr $684b	    jsr TCP_RX_CHECKSUM_OK
.64b2	b0 03		bcs $64b7	    bcs _unknown_packet
.64b4	4c 29 66	jmp $6629	    jmp INCOMING_TCP_PACKET
.64b7					_unknown_packet:
.64b7	60		rts		    rts
.64b8					ETH_IS_PACKET_FOR_US:
.64b8	a2 06		ldx #$06	    ldx #$06                            ; count = 6
.64ba					_lp_mac_compare:
.64ba	ca		dex		    dex
.64bb	bd 3b 22	lda $223b,x	    lda ETH_TX_FRAME_SRC_MAC,x          ; local MAC byte
.64be	dd 83 28	cmp $2883,x	    cmp ETH_RX_FRAME_DEST_MAC,x
.64c1	d0 07		bne $64ca	    bne _check_broadcast
.64c3	e0 00		cpx #$00	    cpx #$00
.64c5	d0 f3		bne $64ba	    bne _lp_mac_compare
.64c7	a9 01		lda #$01	    lda #$01                            ; A=1 (Yes, dest mac is us)
.64c9	60		rts		    rts
.64ca					_check_broadcast:
.64ca	a2 06		ldx #$06	    ldx #$06
.64cc	a9 ff		lda #$ff	    lda #$ff
.64ce					_lp_bcast:
.64ce	ca		dex		    dex
.64cf	dd 83 28	cmp $2883,x	    cmp ETH_RX_FRAME_DEST_MAC,x
.64d2	d0 07		bne $64db	    bne _not_ours
.64d4	e0 00		cpx #$00	    cpx #$00
.64d6	d0 f6		bne $64ce	    bne _lp_bcast
.64d8	a9 02		lda #$02	    lda #$02                            ; A=2 (Yes, broadcast packet)
.64da	60		rts		    rts
.64db					_not_ours:
.64db	a9 00		lda #$00	    lda #$00                            ; A=0 (no, packet not for us)
.64dd	60		rts		    rts
.64de					TCP_SAVE_PEER_MAC:
.64de	a2 00		ldx #$00	    ldx #$00
.64e0					_save_mac:
.64e0	bd 35 22	lda $2235,x	    lda ETH_TX_FRAME_DEST_MAC,x
.64e3	9d ef 2e	sta $2eef,x	    sta TCP_PEER_MAC,x
.64e6	e8		inx		    inx
.64e7	e0 06		cpx #$06	    cpx #$06
.64e9	d0 f5		bne $64e0	    bne _save_mac
.64eb	a9 01		lda #$01	    lda #$01
.64ed	8d ee 2e	sta $2eee	    sta TCP_PEER_MAC_VALID
.64f0	60		rts		    rts
.64f1					TCP_SAVE_RX_PEER_MAC:
.64f1	a2 00		ldx #$00	    ldx #$00
.64f3					_save_rx_mac:
.64f3	bd 89 28	lda $2889,x	    lda ETH_RX_FRAME_SRC_MAC,x
.64f6	9d ef 2e	sta $2eef,x	    sta TCP_PEER_MAC,x
.64f9	e8		inx		    inx
.64fa	e0 06		cpx #$06	    cpx #$06
.64fc	d0 f5		bne $64f3	    bne _save_rx_mac
.64fe	a9 01		lda #$01	    lda #$01
.6500	8d ee 2e	sta $2eee	    sta TCP_PEER_MAC_VALID
.6503	60		rts		    rts
.6504					TCP_RESTORE_PEER_MAC:
.6504	ad ee 2e	lda $2eee	    lda TCP_PEER_MAC_VALID
.6507	f0 0d		beq $6516	    beq _restore_done
.6509	a2 00		ldx #$00	    ldx #$00
.650b					_restore_mac:
.650b	bd ef 2e	lda $2eef,x	    lda TCP_PEER_MAC,x
.650e	9d 35 22	sta $2235,x	    sta ETH_TX_FRAME_DEST_MAC,x
.6511	e8		inx		    inx
.6512	e0 06		cpx #$06	    cpx #$06
.6514	d0 f5		bne $650b	    bne _restore_mac
.6516					_restore_done:
.6516	60		rts		    rts

;******  Processing file: C:\projects\_M65\_xlar54\mega-ip-master\src\icmp.asm

.6517					ICMP_ECHO_REPLY:
.6517	ad 91 28	lda $2891	    lda ETH_RX_FRAME_PAYLOAD+0
.651a	c9 45		cmp #$45	    cmp #$45
.651c	d3 cc 00	bne $65ea	    bne _icmp_drop
.651f	ad 97 28	lda $2897	    lda ETH_RX_FRAME_PAYLOAD+6
.6522	29 3f		and #$3f	    and #$3f
.6524	0d 98 28	ora $2898	    ora ETH_RX_FRAME_PAYLOAD+7
.6527	d3 c1 00	bne $65ea	    bne _icmp_drop
.652a	a2 00		ldx #$00	    ldx #$00
.652c					_icmp_check_dst_ip:
.652c	bd a1 28	lda $28a1,x	    lda ETH_RX_FRAME_PAYLOAD+16,x
.652f	dd 00 21	cmp $2100,x	    cmp LOCAL_IP,x
.6532	d3 b6 00	bne $65ea	    bne _icmp_drop
.6535	e8		inx		    inx
.6536	e0 04		cpx #$04	    cpx #$04
.6538	d0 f2		bne $652c	    bne _icmp_check_dst_ip
.653a	ad 93 28	lda $2893	    lda ETH_RX_FRAME_PAYLOAD+2
.653d	d0 08		bne $6547	    bne _icmp_len_ok
.653f	ad 94 28	lda $2894	    lda ETH_RX_FRAME_PAYLOAD+3
.6542	c9 1c		cmp #$1c	    cmp #28
.6544	93 a4 00	bcc $65ea	    bcc _icmp_drop
.6547					_icmp_len_ok:
.6547	ad a5 28	lda $28a5	    lda ETH_RX_FRAME_PAYLOAD+20
.654a	c9 08		cmp #$08	    cmp #ICMP_TYPE_ECHO_REQUEST
.654c	d3 9c 00	bne $65ea	    bne _icmp_drop
.654f	ad a6 28	lda $28a6	    lda ETH_RX_FRAME_PAYLOAD+21
.6552	d3 96 00	bne $65ea	    bne _icmp_drop
.6555	20 fd 65	jsr $65fd	    jsr ICMP_RX_CHECKSUM_OK
.6558	b3 90 00	bcs $65ea	    bcs _icmp_drop
.655b	ad 94 28	lda $2894	    lda ETH_RX_FRAME_PAYLOAD+3
.655e	18		clc		    clc
.655f	69 0e		adc #$0e	    adc #14
.6561	8d 46 21	sta $2146	    sta ETH_TX_LEN_LSB
.6564	8d 7f 65	sta $657f	    sta _icmp_dma_len
.6567	ad 93 28	lda $2893	    lda ETH_RX_FRAME_PAYLOAD+2
.656a	69 00		adc #$00	    adc #$00
.656c	8d 47 21	sta $2147	    sta ETH_TX_LEN_MSB
.656f	8d 80 65	sta $6580	    sta _icmp_dma_len+1
.6572	08		php		    php
.6573	78		sei		    sei
.6574	a9 00		lda #$00	    lda #$00
.6576	8d 07 d7	sta $d707	    sta $D707
>6579	80				    .byte $80
>657a	00				    .byte $00
>657b	81				    .byte $81
>657c	00				    .byte $00
>657d	00				    .byte $00
>657e	00				    .byte $00
.657f					_icmp_dma_len:
>657f	00 00				    .byte $00, $00
>6581	83 28 00			    .byte <ETH_RX_FRAME_HEADER, >ETH_RX_FRAME_HEADER, EXEC_BANK
>6584	35 22 00			    .byte <ETH_TX_FRAME_HEADER, >ETH_TX_FRAME_HEADER, EXEC_BANK
>6587	00				    .byte $00
>6588	00 00				    .word $0000
.658a	28		plp		    plp
.658b	a2 00		ldx #$00	    ldx #$00
.658d					_icmp_mac_loop:
.658d	bd 89 28	lda $2889,x	    lda ETH_RX_FRAME_SRC_MAC,x
.6590	9d 35 22	sta $2235,x	    sta ETH_TX_FRAME_DEST_MAC,x
.6593	bd e9 d6	lda $d6e9,x	    lda MEGA65_ETH_MAC,x
.6596	9d 3b 22	sta $223b,x	    sta ETH_TX_FRAME_SRC_MAC,x
.6599	e8		inx		    inx
.659a	e0 06		cpx #$06	    cpx #$06
.659c	d0 ef		bne $658d	    bne _icmp_mac_loop
.659e	a9 08		lda #$08	    lda #$08
.65a0	8d 41 22	sta $2241	    sta ETH_TX_TYPE
.65a3	a9 00		lda #$00	    lda #$00
.65a5	8d 42 22	sta $2242	    sta ETH_TX_TYPE+1
.65a8	a2 00		ldx #$00	    ldx #$00
.65aa					_icmp_ip_loop:
.65aa	bd 00 21	lda $2100,x	    lda LOCAL_IP,x
.65ad	9d 4f 22	sta $224f,x	    sta ETH_TX_FRAME_PAYLOAD+12,x
.65b0	bd 9d 28	lda $289d,x	    lda ETH_RX_FRAME_PAYLOAD+12,x
.65b3	9d 53 22	sta $2253,x	    sta ETH_TX_FRAME_PAYLOAD+16,x
.65b6	e8		inx		    inx
.65b7	e0 04		cpx #$04	    cpx #$04
.65b9	d0 ef		bne $65aa	    bne _icmp_ip_loop
.65bb	a9 40		lda #$40	    lda #$40
.65bd	8d 4b 22	sta $224b	    sta ETH_TX_FRAME_PAYLOAD+8
.65c0	a9 00		lda #$00	    lda #$00
.65c2	8d 4d 22	sta $224d	    sta ETH_TX_FRAME_PAYLOAD+10
.65c5	8d 4e 22	sta $224e	    sta ETH_TX_FRAME_PAYLOAD+11
.65c8	a9 00		lda #$00	    lda #ICMP_TYPE_ECHO_REPLY
.65ca	8d 57 22	sta $2257	    sta ETH_TX_FRAME_PAYLOAD+20
.65cd	a9 00		lda #$00	    lda #$00
.65cf	8d 59 22	sta $2259	    sta ETH_TX_FRAME_PAYLOAD+22
.65d2	8d 5a 22	sta $225a	    sta ETH_TX_FRAME_PAYLOAD+23
.65d5	20 07 45	jsr $4507	    jsr CALC_IPV4_TX_CHECKSUM
.65d8	20 19 66	jsr $6619	    jsr ICMP_TX_CALC_CHECKSUM
.65db	ad 53 44	lda $4453	    lda CHECKSUM_RESULT_HI
.65de	8d 59 22	sta $2259	    sta ETH_TX_FRAME_PAYLOAD+22
.65e1	ad 54 44	lda $4454	    lda CHECKSUM_RESULT_LO
.65e4	8d 5a 22	sta $225a	    sta ETH_TX_FRAME_PAYLOAD+23
.65e7	4c 70 42	jmp $4270	    jmp ETH_PACKET_SEND
.65ea					_icmp_drop:
.65ea	60		rts		    rts
.65eb					ICMP_SET_CHECKSUM_LEN:
.65eb	ad 94 28	lda $2894	    lda ETH_RX_FRAME_PAYLOAD+3
.65ee	38		sec		    sec
.65ef	e9 14		sbc #$14	    sbc #20
.65f1	8d 51 44	sta $4451	    sta CHECKSUM_LEN_LO
.65f4	ad 93 28	lda $2893	    lda ETH_RX_FRAME_PAYLOAD+2
.65f7	e9 00		sbc #$00	    sbc #$00
.65f9	8d 52 44	sta $4452	    sta CHECKSUM_LEN_HI
.65fc	60		rts		    rts
.65fd					ICMP_RX_CHECKSUM_OK:
.65fd	a9 a5		lda #$a5	    lda #<ETH_RX_FRAME_PAYLOAD+20
.65ff	8d 4f 44	sta $444f	    sta CHECKSUM_PTR_LO
.6602	a9 28		lda #$28	    lda #>ETH_RX_FRAME_PAYLOAD+20
.6604	8d 50 44	sta $4450	    sta CHECKSUM_PTR_HI
.6607	20 eb 65	jsr $65eb	    jsr ICMP_SET_CHECKSUM_LEN
.660a	20 b5 43	jsr $43b5	    jsr CHECKSUM_ONES_COMP
.660d	ad 53 44	lda $4453	    lda CHECKSUM_RESULT_HI
.6610	0d 54 44	ora $4454	    ora CHECKSUM_RESULT_LO
.6613	d0 02		bne $6617	    bne _icmp_checksum_bad
.6615	18		clc		    clc
.6616	60		rts		    rts
.6617					_icmp_checksum_bad:
.6617	38		sec		    sec
.6618	60		rts		    rts
.6619					ICMP_TX_CALC_CHECKSUM:
.6619	a9 57		lda #$57	    lda #<ETH_TX_FRAME_PAYLOAD+20
.661b	8d 4f 44	sta $444f	    sta CHECKSUM_PTR_LO
.661e	a9 22		lda #$22	    lda #>ETH_TX_FRAME_PAYLOAD+20
.6620	8d 50 44	sta $4450	    sta CHECKSUM_PTR_HI
.6623	20 eb 65	jsr $65eb	    jsr ICMP_SET_CHECKSUM_LEN
.6626	4c b5 43	jmp $43b5	    jmp CHECKSUM_ONES_COMP

;******  Return to file: C:\projects\_M65\_xlar54\mega-ip-master\src\eth.asm


;******  Processing file: C:\projects\_M65\_xlar54\mega-ip-master\src\tcp.asm

.6629					INCOMING_TCP_PACKET:
.6629	ad 91 28	lda $2891	    lda ETH_RX_FRAME_PAYLOAD+0
.662c	29 f0		and #$f0	    and #$F0
.662e	c9 40		cmp #$40	    cmp #$40
.6630	d3 7b 01	bne $67ad	    bne _drop
.6633	ad 9a 28	lda $289a	    lda ETH_RX_FRAME_PAYLOAD+9
.6636	c9 06		cmp #$06	    cmp #$06
.6638	d3 73 01	bne $67ad	    bne _drop
.663b	ad 91 28	lda $2891	    lda ETH_RX_FRAME_PAYLOAD+0
.663e	29 0f		and #$0f	    and #$0F
.6640	0a		asl a		    asl
.6641	0a		asl a		    asl
.6642	c9 14		cmp #$14	    cmp #20
.6644	93 67 01	bcc $67ad	    bcc _drop
.6647	c9 3d		cmp #$3d	    cmp #61
.6649	b3 62 01	bcs $67ad	    bcs _drop
.664c	aa		tax		    tax                               ; X = ip header length in bytes
.664d	a0 00		ldy #$00	    ldy #0
.664f					_chk_dip:
.664f	b9 a1 28	lda $28a1,y	    lda ETH_RX_FRAME_PAYLOAD+16,y    ; IPv4 dst at +16..+19 (fixed in IPv4)
.6652	d9 00 21	cmp $2100,y	    cmp LOCAL_IP,y
.6655	d3 56 01	bne $67ad	    bne _drop
.6658	c8		iny		    iny
.6659	c0 04		cpy #$04	    cpy #4
.665b	d0 f2		bne $664f	    bne _chk_dip
.665d	bd 9e 28	lda $289e,x	    lda ETH_RX_FRAME_PAYLOAD+13,x
.6660	8d 45 21	sta $2145	    sta ETH_RX_TCP_FLAGS
.6663					_passive_try:
.6663	ad 19 21	lda $2119	    lda TCP_STATE
.6666	c9 00		cmp #$00	    cmp #TCP_STATE_CLOSED
.6668	d3 cd 00	bne $6737	    bne _passive_done
.666b	ad 38 21	lda $2138	    lda TCP_LISTEN_ENABLED
.666e	f3 c7 00	beq $6737	    beq _passive_done               ; not listening
.6671	bd 93 28	lda $2893,x	    lda ETH_RX_FRAME_PAYLOAD+2,x    ; dst port hi
.6674	cd 34 21	cmp $2134	    cmp TCP_LISTEN_PORT
.6677	d3 be 00	bne $6737	    bne _passive_done
.667a	bd 94 28	lda $2894,x	    lda ETH_RX_FRAME_PAYLOAD+3,x    ; dst port lo
.667d	cd 35 21	cmp $2135	    cmp TCP_LISTEN_PORT+1
.6680	d3 b5 00	bne $6737	    bne _passive_done
.6683	ad 45 21	lda $2145	    lda ETH_RX_TCP_FLAGS
.6686	29 17		and #$17	    and #(TCP_FLAG_SYN | TCP_FLAG_ACK | TCP_FLAG_RST | TCP_FLAG_FIN)
.6688	c9 02		cmp #$02	    cmp #TCP_FLAG_SYN
.668a	d3 ab 00	bne $6737	    bne _passive_done               ; not a pure SYN - let normal path drop it
.668d	ad 89 28	lda $2889	    lda ETH_RX_FRAME_SRC_MAC
.6690	29 01		and #$01	    and #$01
.6692	d3 19 01	bne $67ad	    bne _drop
.6695	a0 0c		ldy #$0c	    ldy #12
.6697	b9 91 28	lda $2891,y	    lda ETH_RX_FRAME_PAYLOAD+0,y
.669a	8d 06 21	sta $2106	    sta REMOTE_IP+0
.669d	b9 92 28	lda $2892,y	    lda ETH_RX_FRAME_PAYLOAD+1,y
.66a0	8d 07 21	sta $2107	    sta REMOTE_IP+1
.66a3	b9 93 28	lda $2893,y	    lda ETH_RX_FRAME_PAYLOAD+2,y
.66a6	8d 08 21	sta $2108	    sta REMOTE_IP+2
.66a9	b9 94 28	lda $2894,y	    lda ETH_RX_FRAME_PAYLOAD+3,y
.66ac	8d 09 21	sta $2109	    sta REMOTE_IP+3
.66af	bd 91 28	lda $2891,x	    lda ETH_RX_FRAME_PAYLOAD+0,x
.66b2	8d 0a 21	sta $210a	    sta REMOTE_PORT
.66b5	bd 92 28	lda $2892,x	    lda ETH_RX_FRAME_PAYLOAD+1,x
.66b8	8d 0b 21	sta $210b	    sta REMOTE_PORT+1
.66bb	ad 34 21	lda $2134	    lda TCP_LISTEN_PORT
.66be	8d 04 21	sta $2104	    sta LOCAL_PORT
.66c1	ad 35 21	lda $2135	    lda TCP_LISTEN_PORT+1
.66c4	8d 05 21	sta $2105	    sta LOCAL_PORT+1
.66c7	bd 95 28	lda $2895,x	    lda ETH_RX_FRAME_PAYLOAD+4,x
.66ca	8d 1a 21	sta $211a	    sta REMOTE_ISN+0
.66cd	bd 96 28	lda $2896,x	    lda ETH_RX_FRAME_PAYLOAD+5,x
.66d0	8d 1b 21	sta $211b	    sta REMOTE_ISN+1
.66d3	bd 97 28	lda $2897,x	    lda ETH_RX_FRAME_PAYLOAD+6,x
.66d6	8d 1c 21	sta $211c	    sta REMOTE_ISN+2
.66d9	bd 98 28	lda $2898,x	    lda ETH_RX_FRAME_PAYLOAD+7,x
.66dc	8d 1d 21	sta $211d	    sta REMOTE_ISN+3
.66df	ee 1d 21	inc $211d	    inc REMOTE_ISN+3
.66e2	d0 0d		bne $66f1	    bne +
.66e4	ee 1c 21	inc $211c	    inc REMOTE_ISN+2
.66e7	d0 08		bne $66f1	    bne +
.66e9	ee 1b 21	inc $211b	    inc REMOTE_ISN+1
.66ec	d0 03		bne $66f1	    bne +
.66ee	ee 1a 21	inc $211a	    inc REMOTE_ISN+0
.66f1					+
.66f1	a9 00		lda #$00	    lda #$00
.66f3	8d f7 30	sta $30f7	    sta TCP_DATA_PAYLOAD_SIZE
.66f6	8d f8 30	sta $30f8	    sta TCP_DATA_PAYLOAD_SIZE+1
.66f9	20 f1 64	jsr $64f1	    jsr TCP_SAVE_RX_PEER_MAC
.66fc	20 ac 41	jsr $41ac	    jsr TCP_SEED_LOCAL_ISN
.66ff	a2 00		ldx #$00	    ldx #$00
.6701					_save_synack_iss:
.6701	bd 1e 21	lda $211e,x	    lda LOCAL_ISN,x
.6704	9d 39 21	sta $2139,x	    sta TCP_SYNACK_ISS,x
.6707	e8		inx		    inx
.6708	e0 04		cpx #$04	    cpx #$04
.670a	d0 f5		bne $6701	    bne _save_synack_iss
.670c	20 1b 68	jsr $681b	    jsr TCP_PASSIVE_SEND_SYNACK
.670f	b3 9c 00	bcs $67ad	    bcs _drop
.6712	ee 21 21	inc $2121	    inc LOCAL_ISN+3
.6715	d0 0d		bne $6724	    bne +
.6717	ee 20 21	inc $2120	    inc LOCAL_ISN+2
.671a	d0 08		bne $6724	    bne +
.671c	ee 1f 21	inc $211f	    inc LOCAL_ISN+1
.671f	d0 03		bne $6724	    bne +
.6721	ee 1e 21	inc $211e	    inc LOCAL_ISN+0
.6724					+
.6724	a9 04		lda #$04	    lda #CONNECT_SYN_MAX_RETRIES
.6726	8d 29 21	sta $2129	    sta CONNECT_RETRY_LEFT
.6729	a9 3c		lda #$3c	    lda #CONNECT_SYN_RETRY_TICKS
.672b	8d 28 21	sta $2128	    sta CONNECT_RETRY_TICKS
.672e	20 7e 33	jsr $337e	    jsr CONNECT_STAMP_TIMER
.6731	a9 03		lda #$03	    lda #TCP_STATE_SYN_RECEIVED
.6733	8d 19 21	sta $2119	    sta TCP_STATE
.6736	60		rts		    rts                              ; fully handled this segment
.6737					_passive_done:
.6737	ad 19 21	lda $2119	    lda TCP_STATE
.673a	c9 00		cmp #$00	    cmp #TCP_STATE_CLOSED
.673c	d0 04		bne $6742	    bne _active_tuple_check
.673e	20 17 3e	jsr $3e17	    jsr TCP_SEND_RESET_FOR_RX
.6741	60		rts		    rts
.6742					_active_tuple_check:
.6742	a0 00		ldy #$00	    ldy #0
.6744					_chk_sip:
.6744	b9 9d 28	lda $289d,y	    lda ETH_RX_FRAME_PAYLOAD+12,y    ; IPv4 src at +12..+15
.6747	d9 06 21	cmp $2106,y	    cmp REMOTE_IP,y
.674a	d0 62		bne $67ae	    bne _reset_drop
.674c	c8		iny		    iny
.674d	c0 04		cpy #$04	    cpy #4
.674f	d0 f3		bne $6744	    bne _chk_sip
.6751	bd 93 28	lda $2893,x	    lda ETH_RX_FRAME_PAYLOAD+2,x      ; dst port hi
.6754	cd 04 21	cmp $2104	    cmp LOCAL_PORT+0
.6757	d0 55		bne $67ae	    bne _reset_drop
.6759	bd 94 28	lda $2894,x	    lda ETH_RX_FRAME_PAYLOAD+3,x      ; dst port lo
.675c	cd 05 21	cmp $2105	    cmp LOCAL_PORT+1
.675f	d0 4d		bne $67ae	    bne _reset_drop
.6761	bd 91 28	lda $2891,x	    lda ETH_RX_FRAME_PAYLOAD+0,x      ; src port hi
.6764	cd 0a 21	cmp $210a	    cmp REMOTE_PORT+0
.6767	d0 45		bne $67ae	    bne _reset_drop
.6769	bd 92 28	lda $2892,x	    lda ETH_RX_FRAME_PAYLOAD+1,x      ; src port lo
.676c	cd 0b 21	cmp $210b	    cmp REMOTE_PORT+1
.676f	d0 3d		bne $67ae	    bne _reset_drop
.6771	bd 9e 28	lda $289e,x	    lda ETH_RX_FRAME_PAYLOAD+13,x
.6774	8d 45 21	sta $2145	    sta ETH_RX_TCP_FLAGS
.6777	bd 95 28	lda $2895,x	    lda ETH_RX_FRAME_PAYLOAD+4,x
.677a	8d a1 21	sta $21a1	    sta SEG_SEQ+0
.677d	bd 96 28	lda $2896,x	    lda ETH_RX_FRAME_PAYLOAD+5,x
.6780	8d a2 21	sta $21a2	    sta SEG_SEQ+1
.6783	bd 97 28	lda $2897,x	    lda ETH_RX_FRAME_PAYLOAD+6,x
.6786	8d a3 21	sta $21a3	    sta SEG_SEQ+2
.6789	bd 98 28	lda $2898,x	    lda ETH_RX_FRAME_PAYLOAD+7,x
.678c	8d a4 21	sta $21a4	    sta SEG_SEQ+3
.678f	bd 99 28	lda $2899,x	    lda ETH_RX_FRAME_PAYLOAD+8,x
.6792	8d a5 21	sta $21a5	    sta SEG_ACK+0
.6795	bd 9a 28	lda $289a,x	    lda ETH_RX_FRAME_PAYLOAD+9,x
.6798	8d a6 21	sta $21a6	    sta SEG_ACK+1
.679b	bd 9b 28	lda $289b,x	    lda ETH_RX_FRAME_PAYLOAD+10,x
.679e	8d a7 21	sta $21a7	    sta SEG_ACK+2
.67a1	bd 9c 28	lda $289c,x	    lda ETH_RX_FRAME_PAYLOAD+11,x
.67a4	8d a8 21	sta $21a8	    sta SEG_ACK+3
.67a7	20 3d 49	jsr $493d	    jsr CALC_RX_TCP_BYTE_COUNT
.67aa	4c e1 36	jmp $36e1	    jmp TCP_STATE_HANDLER
.67ad					_drop:
.67ad	60		rts		    rts
.67ae					_reset_drop:
.67ae	20 17 3e	jsr $3e17	    jsr TCP_SEND_RESET_FOR_RX
.67b1	60		rts		    rts
.67b2					TCP_SYNACK_TICK:
.67b2	ad 19 21	lda $2119	    lda TCP_STATE
.67b5	c9 03		cmp #$03	    cmp #TCP_STATE_SYN_RECEIVED
.67b7	f0 01		beq $67ba	    beq _synack_tick_active
.67b9	60		rts		    rts
.67ba					_synack_tick_active:
.67ba	20 98 6e	jsr $6e98	    jsr CONNECT_FRAME_WRAP_TICK
.67bd	90 08		bcc $67c7	    bcc _synack_tick_done
.67bf	ad 28 21	lda $2128	    lda CONNECT_RETRY_TICKS
.67c2	f0 04		beq $67c8	    beq _synack_retry_expired
.67c4	ce 28 21	dec $2128	    dec CONNECT_RETRY_TICKS
.67c7					_synack_tick_done:
.67c7	60		rts		    rts
.67c8					_synack_retry_expired:
.67c8	ad 29 21	lda $2129	    lda CONNECT_RETRY_LEFT
.67cb	f0 1a		beq $67e7	    beq _synack_timeout
.67cd	20 f5 67	jsr $67f5	    jsr TCP_PASSIVE_RETRANSMIT_SYNACK
.67d0	b0 0c		bcs $67de	    bcs _synack_retry_busy
.67d2	ce 29 21	dec $2129	    dec CONNECT_RETRY_LEFT
.67d5	a9 3c		lda #$3c	    lda #CONNECT_SYN_RETRY_TICKS
.67d7	8d 28 21	sta $2128	    sta CONNECT_RETRY_TICKS
.67da	20 7e 33	jsr $337e	    jsr CONNECT_STAMP_TIMER
.67dd	60		rts		    rts
.67de					_synack_retry_busy:
.67de	a9 05		lda #$05	    lda #TCP_TX_BUSY_RETRY_TICKS
.67e0	8d 28 21	sta $2128	    sta CONNECT_RETRY_TICKS
.67e3	20 7e 33	jsr $337e	    jsr CONNECT_STAMP_TIMER
.67e6	60		rts		    rts
.67e7					_synack_timeout:
.67e7	a9 00		lda #$00	    lda #TCP_STATE_CLOSED
.67e9	8d 19 21	sta $2119	    sta TCP_STATE
.67ec	a9 00		lda #$00	    lda #$00
.67ee	8d 28 21	sta $2128	    sta CONNECT_RETRY_TICKS
.67f1	8d 29 21	sta $2129	    sta CONNECT_RETRY_LEFT
.67f4	60		rts		    rts
.67f5					TCP_PASSIVE_RETRANSMIT_SYNACK:
.67f5	a2 00		ldx #$00	    ldx #$00
.67f7					_synack_save_live_isn:
.67f7	bd 1e 21	lda $211e,x	    lda LOCAL_ISN,x
.67fa	9d ea 2e	sta $2eea,x	    sta TX_SAVE_LOCAL_ISN,x
.67fd	bd 39 21	lda $2139,x	    lda TCP_SYNACK_ISS,x
.6800	9d 1e 21	sta $211e,x	    sta LOCAL_ISN,x
.6803	e8		inx		    inx
.6804	e0 04		cpx #$04	    cpx #$04
.6806	d0 ef		bne $67f7	    bne _synack_save_live_isn
.6808	20 1b 68	jsr $681b	    jsr TCP_PASSIVE_SEND_SYNACK
.680b	08		php		    php
.680c	a2 00		ldx #$00	    ldx #$00
.680e					_synack_restore_live_isn:
.680e	bd ea 2e	lda $2eea,x	    lda TX_SAVE_LOCAL_ISN,x
.6811	9d 1e 21	sta $211e,x	    sta LOCAL_ISN,x
.6814	e8		inx		    inx
.6815	e0 04		cpx #$04	    cpx #$04
.6817	d0 f5		bne $680e	    bne _synack_restore_live_isn
.6819	28		plp		    plp
.681a	60		rts		    rts
.681b					TCP_PASSIVE_SEND_SYNACK:
.681b	a9 08		lda #$08	    lda #$08
.681d	8d 41 22	sta $2241	    sta ETH_TX_TYPE
.6820	a9 00		lda #$00	    lda #$00
.6822	8d 42 22	sta $2242	    sta ETH_TX_TYPE+1
.6825	8d f7 30	sta $30f7	    sta TCP_DATA_PAYLOAD_SIZE
.6828	8d f8 30	sta $30f8	    sta TCP_DATA_PAYLOAD_SIZE+1
.682b	a9 14		lda #$14	    lda #20
.682d	8d f9 30	sta $30f9	    sta TCP_HEADER_SIZE
.6830	a9 06		lda #$06	    lda #$06
.6832	20 59 44	jsr $4459	    jsr BUILD_IPV4_HEADER
.6835	a9 12		lda #$12	    lda #(TCP_FLAG_SYN|TCP_FLAG_ACK)
.6837	20 00 46	jsr $4600	    jsr BUILD_TCP_HEADER
.683a	20 04 65	jsr $6504	    jsr TCP_RESTORE_PEER_MAC
.683d	a9 3c		lda #$3c	    lda #60
.683f	8d 46 21	sta $2146	    sta ETH_TX_LEN_LSB
.6842	a9 00		lda #$00	    lda #$00
.6844	8d 47 21	sta $2147	    sta ETH_TX_LEN_MSB
.6847	20 70 42	jsr $4270	    jsr ETH_PACKET_SEND
.684a	60		rts		    rts
.684b					TCP_RX_CHECKSUM_OK:
.684b	a9 00		lda #$00	    lda #$00
.684d	8d a6 69	sta $69a6	    sta TCP_RX_SUM_LO
.6850	8d a5 69	sta $69a5	    sta TCP_RX_SUM_HI
.6853	8d a3 69	sta $69a3	    sta TCP_RX_WORD_HI
.6856	8d a4 69	sta $69a4	    sta TCP_RX_WORD_LO
.6859	ad fa 45	lda $45fa	    lda IPV4_RX_TOTAL_LO
.685c	38		sec		    sec
.685d	ed f8 45	sbc $45f8	    sbc IPV4_RX_IHL_BYTES
.6860	8d 9e 69	sta $699e	    sta TCP_RX_LEN_LO
.6863	ad f9 45	lda $45f9	    lda IPV4_RX_TOTAL_HI
.6866	e9 00		sbc #$00	    sbc #$00
.6868	8d 9f 69	sta $699f	    sta TCP_RX_LEN_HI
.686b	b0 03		bcs $6870	    bcs _tcp_rx_len_nonnegative
.686d	4c 55 69	jmp $6955	    jmp _tcp_rx_bad
.6870					_tcp_rx_len_nonnegative:
.6870	ad 9f 69	lda $699f	    lda TCP_RX_LEN_HI
.6873	d0 08		bne $687d	    bne _tcp_rx_len_ge_min
.6875	ad 9e 69	lda $699e	    lda TCP_RX_LEN_LO
.6878	c9 14		cmp #$14	    cmp #20
.687a	93 d9 00	bcc $6955	    bcc _tcp_rx_bad
.687d					_tcp_rx_len_ge_min:
.687d	a9 91		lda #$91	    lda #<ETH_RX_FRAME_PAYLOAD
.687f	18		clc		    clc
.6880	6d f8 45	adc $45f8	    adc IPV4_RX_IHL_BYTES
.6883	8d a0 69	sta $69a0	    sta TCP_RX_PTR_LO
.6886	a9 28		lda #$28	    lda #>ETH_RX_FRAME_PAYLOAD
.6888	69 00		adc #$00	    adc #$00
.688a	8d a1 69	sta $69a1	    sta TCP_RX_PTR_HI
.688d	ad a0 69	lda $69a0	    lda TCP_RX_PTR_LO
.6890	18		clc		    clc
.6891	69 0c		adc #$0c	    adc #12
.6893	8d 9f 68	sta $689f	    sta _tcp_rx_offset_read+1
.6896	ad a1 69	lda $69a1	    lda TCP_RX_PTR_HI
.6899	69 00		adc #$00	    adc #$00
.689b	8d a0 68	sta $68a0	    sta _tcp_rx_offset_read+2
.689e					_tcp_rx_offset_read:
.689e	ad ff ff	lda $ffff	    lda $ffff
.68a1	29 f0		and #$f0	    and #$f0
.68a3	4a		lsr a		    lsr
.68a4	4a		lsr a		    lsr
.68a5	4a		lsr a		    lsr
.68a6	4a		lsr a		    lsr
.68a7	0a		asl a		    asl
.68a8	0a		asl a		    asl
.68a9	8d a2 69	sta $69a2	    sta TCP_RX_HDR_LEN
.68ac	c9 14		cmp #$14	    cmp #20
.68ae	93 a5 00	bcc $6955	    bcc _tcp_rx_bad
.68b1	ad 9f 69	lda $699f	    lda TCP_RX_LEN_HI
.68b4	d0 09		bne $68bf	    bne _tcp_rx_hdr_fits
.68b6	ad 9e 69	lda $699e	    lda TCP_RX_LEN_LO
.68b9	cd a2 69	cmp $69a2	    cmp TCP_RX_HDR_LEN
.68bc	93 97 00	bcc $6955	    bcc _tcp_rx_bad
.68bf					_tcp_rx_hdr_fits:
.68bf	ad 9d 28	lda $289d	    lda ETH_RX_FRAME_PAYLOAD+12
.68c2	8d a3 69	sta $69a3	    sta TCP_RX_WORD_HI
.68c5	ad 9e 28	lda $289e	    lda ETH_RX_FRAME_PAYLOAD+13
.68c8	8d a4 69	sta $69a4	    sta TCP_RX_WORD_LO
.68cb	20 7b 69	jsr $697b	    jsr TCP_RX_ADD_WORD
.68ce	ad 9f 28	lda $289f	    lda ETH_RX_FRAME_PAYLOAD+14
.68d1	8d a3 69	sta $69a3	    sta TCP_RX_WORD_HI
.68d4	ad a0 28	lda $28a0	    lda ETH_RX_FRAME_PAYLOAD+15
.68d7	8d a4 69	sta $69a4	    sta TCP_RX_WORD_LO
.68da	20 7b 69	jsr $697b	    jsr TCP_RX_ADD_WORD
.68dd	ad a1 28	lda $28a1	    lda ETH_RX_FRAME_PAYLOAD+16
.68e0	8d a3 69	sta $69a3	    sta TCP_RX_WORD_HI
.68e3	ad a2 28	lda $28a2	    lda ETH_RX_FRAME_PAYLOAD+17
.68e6	8d a4 69	sta $69a4	    sta TCP_RX_WORD_LO
.68e9	20 7b 69	jsr $697b	    jsr TCP_RX_ADD_WORD
.68ec	ad a3 28	lda $28a3	    lda ETH_RX_FRAME_PAYLOAD+18
.68ef	8d a3 69	sta $69a3	    sta TCP_RX_WORD_HI
.68f2	ad a4 28	lda $28a4	    lda ETH_RX_FRAME_PAYLOAD+19
.68f5	8d a4 69	sta $69a4	    sta TCP_RX_WORD_LO
.68f8	20 7b 69	jsr $697b	    jsr TCP_RX_ADD_WORD
.68fb	a9 00		lda #$00	    lda #$00
.68fd	8d a3 69	sta $69a3	    sta TCP_RX_WORD_HI
.6900	a9 06		lda #$06	    lda #IP_PROTO_TCP
.6902	8d a4 69	sta $69a4	    sta TCP_RX_WORD_LO
.6905	20 7b 69	jsr $697b	    jsr TCP_RX_ADD_WORD
.6908	ad 9f 69	lda $699f	    lda TCP_RX_LEN_HI
.690b	8d a3 69	sta $69a3	    sta TCP_RX_WORD_HI
.690e	ad 9e 69	lda $699e	    lda TCP_RX_LEN_LO
.6911	8d a4 69	sta $69a4	    sta TCP_RX_WORD_LO
.6914	20 7b 69	jsr $697b	    jsr TCP_RX_ADD_WORD
.6917					_tcp_rx_sum_loop:
.6917	ad 9f 69	lda $699f	    lda TCP_RX_LEN_HI
.691a	0d 9e 69	ora $699e	    ora TCP_RX_LEN_LO
.691d	f0 26		beq $6945	    beq _tcp_rx_sum_done
.691f	20 57 69	jsr $6957	    jsr TCP_RX_READ_BYTE
.6922	8d a3 69	sta $69a3	    sta TCP_RX_WORD_HI
.6925	20 6f 69	jsr $696f	    jsr TCP_RX_DEC_LEN
.6928	ad 9f 69	lda $699f	    lda TCP_RX_LEN_HI
.692b	0d 9e 69	ora $699e	    ora TCP_RX_LEN_LO
.692e	f0 0b		beq $693b	    beq _tcp_rx_odd_byte
.6930	20 57 69	jsr $6957	    jsr TCP_RX_READ_BYTE
.6933	8d a4 69	sta $69a4	    sta TCP_RX_WORD_LO
.6936	20 6f 69	jsr $696f	    jsr TCP_RX_DEC_LEN
.6939	80 05		bra $6940	    bra _tcp_rx_add_segment_word
.693b					_tcp_rx_odd_byte:
.693b	a9 00		lda #$00	    lda #$00
.693d	8d a4 69	sta $69a4	    sta TCP_RX_WORD_LO
.6940					_tcp_rx_add_segment_word:
.6940	20 7b 69	jsr $697b	    jsr TCP_RX_ADD_WORD
.6943	80 d2		bra $6917	    bra _tcp_rx_sum_loop
.6945					_tcp_rx_sum_done:
.6945	ad a5 69	lda $69a5	    lda TCP_RX_SUM_HI
.6948	c9 ff		cmp #$ff	    cmp #$ff
.694a	d0 09		bne $6955	    bne _tcp_rx_bad
.694c	ad a6 69	lda $69a6	    lda TCP_RX_SUM_LO
.694f	c9 ff		cmp #$ff	    cmp #$ff
.6951	d0 02		bne $6955	    bne _tcp_rx_bad
.6953	18		clc		    clc
.6954	60		rts		    rts
.6955					_tcp_rx_bad:
.6955	38		sec		    sec
.6956	60		rts		    rts
.6957					TCP_RX_READ_BYTE:
.6957	ad a0 69	lda $69a0	    lda TCP_RX_PTR_LO
.695a	8d 64 69	sta $6964	    sta _tcp_rx_read_abs+1
.695d	ad a1 69	lda $69a1	    lda TCP_RX_PTR_HI
.6960	8d 65 69	sta $6965	    sta _tcp_rx_read_abs+2
.6963					_tcp_rx_read_abs:
.6963	ad ff ff	lda $ffff	    lda $ffff
.6966	ee a0 69	inc $69a0	    inc TCP_RX_PTR_LO
.6969	d0 03		bne $696e	    bne _tcp_rx_read_done
.696b	ee a1 69	inc $69a1	    inc TCP_RX_PTR_HI
.696e					_tcp_rx_read_done:
.696e	60		rts		    rts
.696f					TCP_RX_DEC_LEN:
.696f	ad 9e 69	lda $699e	    lda TCP_RX_LEN_LO
.6972	d0 03		bne $6977	    bne _tcp_rx_dec_low
.6974	ce 9f 69	dec $699f	    dec TCP_RX_LEN_HI
.6977					_tcp_rx_dec_low:
.6977	ce 9e 69	dec $699e	    dec TCP_RX_LEN_LO
.697a	60		rts		    rts
.697b					TCP_RX_ADD_WORD:
.697b	18		clc		    clc
.697c	ad a6 69	lda $69a6	    lda TCP_RX_SUM_LO
.697f	6d a4 69	adc $69a4	    adc TCP_RX_WORD_LO
.6982	8d a6 69	sta $69a6	    sta TCP_RX_SUM_LO
.6985	ad a5 69	lda $69a5	    lda TCP_RX_SUM_HI
.6988	6d a3 69	adc $69a3	    adc TCP_RX_WORD_HI
.698b	8d a5 69	sta $69a5	    sta TCP_RX_SUM_HI
.698e	90 0d		bcc $699d	    bcc _tcp_rx_add_done
.6990	ee a6 69	inc $69a6	    inc TCP_RX_SUM_LO
.6993	d0 08		bne $699d	    bne _tcp_rx_add_done
.6995	ee a5 69	inc $69a5	    inc TCP_RX_SUM_HI
.6998	d0 03		bne $699d	    bne _tcp_rx_add_done
.699a	ee a6 69	inc $69a6	    inc TCP_RX_SUM_LO
.699d					_tcp_rx_add_done:
.699d	60		rts		    rts
>699e	00				TCP_RX_LEN_LO:  .byte $00
>699f	00				TCP_RX_LEN_HI:  .byte $00
>69a0	00				TCP_RX_PTR_LO:  .byte $00
>69a1	00				TCP_RX_PTR_HI:  .byte $00
>69a2	00				TCP_RX_HDR_LEN: .byte $00
>69a3	00				TCP_RX_WORD_HI: .byte $00
>69a4	00				TCP_RX_WORD_LO: .byte $00
>69a5	00				TCP_RX_SUM_HI:  .byte $00
>69a6	00				TCP_RX_SUM_LO:  .byte $00

;******  Return to file: C:\projects\_M65\_xlar54\mega-ip-master\src\eth.asm


;******  Processing file: C:\projects\_M65\_xlar54\mega-ip-master\src\tcp_tx.asm

.69a7					TCP_TX_RESET:
.69a7	a9 00		lda #$00	    lda #$00
.69a9	8d d5 2e	sta $2ed5	    sta TXQ_HEAD
.69ac	8d d6 2e	sta $2ed6	    sta TXQ_TAIL
.69af	8d d7 2e	sta $2ed7	    sta TXQ_COUNT
.69b2	8d d8 2e	sta $2ed8	    sta TXQ_NEW_COUNT
.69b5	8d d9 2e	sta $2ed9	    sta TXQ_ENQ_LEN
.69b8	8d da 2e	sta $2eda	    sta TXQ_SEND_LEN
.69bb	8d db 2e	sta $2edb	    sta TXQ_SCAN
.69be	8d dc 2e	sta $2edc	    sta TX_UNACK_PENDING
.69c1	8d dd 2e	sta $2edd	    sta TX_UNACK_LEN
.69c4	8d de 2e	sta $2ede	    sta TX_UNACK_RETRY_TICKS
.69c7	8d df 2e	sta $2edf	    sta TX_UNACK_RETRY_LEFT
.69ca	8d e0 2e	sta $2ee0	    sta TCP_TX_LAST_RASTER_LO
.69cd	8d e1 2e	sta $2ee1	    sta TCP_TX_LAST_RASTER_HI
.69d0	8d ee 2e	sta $2eee	    sta TCP_PEER_MAC_VALID
.69d3	60		rts		    rts
.69d4					TCP_TX_ENQUEUE_CURRENT:
.69d4	ad f8 30	lda $30f8	    lda TCP_DATA_PAYLOAD_SIZE+1
.69d7	d0 37		bne $6a10	    bne _fail
.69d9	ad f7 30	lda $30f7	    lda TCP_DATA_PAYLOAD_SIZE
.69dc	f0 30		beq $6a0e	    beq _success
.69de	c9 ec		cmp #$ec	    cmp #TCP_PAYLOAD_MAX+1
.69e0	b0 2e		bcs $6a10	    bcs _fail
.69e2	8d d9 2e	sta $2ed9	    sta TXQ_ENQ_LEN
.69e5	ad d7 2e	lda $2ed7	    lda TXQ_COUNT
.69e8	18		clc		    clc
.69e9	6d d9 2e	adc $2ed9	    adc TXQ_ENQ_LEN
.69ec	b0 22		bcs $6a10	    bcs _fail
.69ee	8d d8 2e	sta $2ed8	    sta TXQ_NEW_COUNT
.69f1	a0 00		ldy #$00	    ldy #$00
.69f3					_enqueue_loop:
.69f3	cc d9 2e	cpy $2ed9	    cpy TXQ_ENQ_LEN
.69f6	f0 10		beq $6a08	    beq _enqueue_done
.69f8	ae d5 2e	ldx $2ed5	    ldx TXQ_HEAD
.69fb	b9 1b 31	lda $311b,y	    lda TCP_DATA_PAYLOAD,y
.69fe	9d 0c 2f	sta $2f0c,x	    sta TX_APP_QUEUE,x
.6a01	ee d5 2e	inc $2ed5	    inc TXQ_HEAD
.6a04	c8		iny		    iny
.6a05	4c f3 69	jmp $69f3	    jmp _enqueue_loop
.6a08					_enqueue_done:
.6a08	ad d8 2e	lda $2ed8	    lda TXQ_NEW_COUNT
.6a0b	8d d7 2e	sta $2ed7	    sta TXQ_COUNT
.6a0e					_success:
.6a0e	18		clc		    clc
.6a0f	60		rts		    rts
.6a10					_fail:
.6a10	38		sec		    sec
.6a11	60		rts		    rts
.6a12					TCP_TX_ACK_CHECK:
.6a12	ad dc 2e	lda $2edc	    lda TX_UNACK_PENDING
.6a15	f0 2b		beq $6a42	    beq _ret
.6a17	ad 45 21	lda $2145	    lda ETH_RX_TCP_FLAGS
.6a1a	29 10		and #$10	    and #TCP_FLAG_ACK
.6a1c	f0 24		beq $6a42	    beq _ret
.6a1e	20 40 6c	jsr $6c40	    jsr TCP_SEQ_CMP_SEG_SEQ_REMOTE
.6a21	d0 1f		bne $6a42	    bne _ret
.6a23	20 68 6c	jsr $6c68	    jsr TCP_SEQ_CMP_SEG_ACK_TX_UNACK_SEQ
.6a26	f0 1a		beq $6a42	    beq _ret
.6a28	30 18		bmi $6a42	    bmi _ret
.6a2a	20 90 6c	jsr $6c90	    jsr TCP_SEQ_CMP_SEG_ACK_LOCAL_ISN
.6a2d	f0 03		beq $6a32	    beq _ack_not_future
.6a2f	30 01		bmi $6a32	    bmi _ack_not_future
.6a31	60		rts		    rts
.6a32					_ack_not_future:
.6a32	20 b8 6c	jsr $6cb8	    jsr TCP_SEQ_CMP_SEG_ACK_TX_EXPECT
.6a35	30 0b		bmi $6a42	    bmi _ret
.6a37					_acked:
.6a37	a9 00		lda #$00	    lda #$00
.6a39	8d dc 2e	sta $2edc	    sta TX_UNACK_PENDING
.6a3c	8d de 2e	sta $2ede	    sta TX_UNACK_RETRY_TICKS
.6a3f	8d df 2e	sta $2edf	    sta TX_UNACK_RETRY_LEFT
.6a42					_ret:
.6a42	60		rts		    rts
.6a43					TCP_TX_TICK:
.6a43	ad 19 21	lda $2119	    lda TCP_STATE
.6a46	c9 04		cmp #$04	    cmp #TCP_STATE_ESTABLISHED
.6a48	f0 04		beq $6a4e	    beq _established
.6a4a	20 a7 69	jsr $69a7	    jsr TCP_TX_RESET
.6a4d	60		rts		    rts
.6a4e					_established:
.6a4e	ad dc 2e	lda $2edc	    lda TX_UNACK_PENDING
.6a51	f0 3b		beq $6a8e	    beq _try_send
.6a53	20 a2 6a	jsr $6aa2	    jsr TCP_TX_FRAME_WRAP_TICK
.6a56	90 08		bcc $6a60	    bcc _timer_wait
.6a58	ad de 2e	lda $2ede	    lda TX_UNACK_RETRY_TICKS
.6a5b	f0 04		beq $6a61	    beq _retry_expired
.6a5d	ce de 2e	dec $2ede	    dec TX_UNACK_RETRY_TICKS
.6a60					_timer_wait:
.6a60	60		rts		    rts
.6a61					_retry_expired:
.6a61	ad df 2e	lda $2edf	    lda TX_UNACK_RETRY_LEFT
.6a64	f0 1a		beq $6a80	    beq _timeout
.6a66	20 a3 6b	jsr $6ba3	    jsr TCP_TX_RETRANSMIT_PENDING
.6a69	b0 0c		bcs $6a77	    bcs _tx_busy
.6a6b	ce df 2e	dec $2edf	    dec TX_UNACK_RETRY_LEFT
.6a6e	a9 2d		lda #$2d	    lda #TCP_TX_RETRY_TICKS
.6a70	8d de 2e	sta $2ede	    sta TX_UNACK_RETRY_TICKS
.6a73	20 92 6a	jsr $6a92	    jsr TCP_TX_TIMER_STAMP
.6a76	60		rts		    rts
.6a77					_tx_busy:
.6a77	a9 05		lda #$05	    lda #TCP_TX_BUSY_RETRY_TICKS
.6a79	8d de 2e	sta $2ede	    sta TX_UNACK_RETRY_TICKS
.6a7c	20 92 6a	jsr $6a92	    jsr TCP_TX_TIMER_STAMP
.6a7f	60		rts		    rts
.6a80					_timeout:
.6a80	20 c9 49	jsr $49c9	    jsr TCP_HARD_RESET
.6a83	ad 19 4a	lda $4a19	    lda TCP_EVENT_FLAG
.6a86	29 fe		and #$fe	    and #$FE
.6a88	09 20		ora #$20	    ora #EV_TX_TIMEOUT
.6a8a	8d 19 4a	sta $4a19	    sta TCP_EVENT_FLAG
.6a8d	60		rts		    rts
.6a8e					_try_send:
.6a8e	20 d3 6a	jsr $6ad3	    jsr TCP_TX_TRY_SEND_QUEUED
.6a91	60		rts		    rts
.6a92					TCP_TX_TIMER_STAMP:
.6a92	20 25 4f	jsr $4f25	    jsr ARP_READ_RASTER
.6a95	ad 95 4b	lda $4b95	    lda ARP_CUR_RASTER_LO
.6a98	8d e0 2e	sta $2ee0	    sta TCP_TX_LAST_RASTER_LO
.6a9b	ad 96 4b	lda $4b96	    lda ARP_CUR_RASTER_HI
.6a9e	8d e1 2e	sta $2ee1	    sta TCP_TX_LAST_RASTER_HI
.6aa1	60		rts		    rts
.6aa2					TCP_TX_FRAME_WRAP_TICK:
.6aa2	20 25 4f	jsr $4f25	    jsr ARP_READ_RASTER
.6aa5	ad 96 4b	lda $4b96	    lda ARP_CUR_RASTER_HI
.6aa8	cd e1 2e	cmp $2ee1	    cmp TCP_TX_LAST_RASTER_HI
.6aab	90 18		bcc $6ac5	    bcc _frame_elapsed
.6aad	d0 08		bne $6ab7	    bne _no_frame
.6aaf	ad 95 4b	lda $4b95	    lda ARP_CUR_RASTER_LO
.6ab2	cd e0 2e	cmp $2ee0	    cmp TCP_TX_LAST_RASTER_LO
.6ab5	90 0e		bcc $6ac5	    bcc _frame_elapsed
.6ab7					_no_frame:
.6ab7	ad 95 4b	lda $4b95	    lda ARP_CUR_RASTER_LO
.6aba	8d e0 2e	sta $2ee0	    sta TCP_TX_LAST_RASTER_LO
.6abd	ad 96 4b	lda $4b96	    lda ARP_CUR_RASTER_HI
.6ac0	8d e1 2e	sta $2ee1	    sta TCP_TX_LAST_RASTER_HI
.6ac3	18		clc		    clc
.6ac4	60		rts		    rts
.6ac5					_frame_elapsed:
.6ac5	ad 95 4b	lda $4b95	    lda ARP_CUR_RASTER_LO
.6ac8	8d e0 2e	sta $2ee0	    sta TCP_TX_LAST_RASTER_LO
.6acb	ad 96 4b	lda $4b96	    lda ARP_CUR_RASTER_HI
.6ace	8d e1 2e	sta $2ee1	    sta TCP_TX_LAST_RASTER_HI
.6ad1	38		sec		    sec
.6ad2	60		rts		    rts
.6ad3					TCP_TX_TRY_SEND_QUEUED:
.6ad3	ad 19 21	lda $2119	    lda TCP_STATE
.6ad6	c9 04		cmp #$04	    cmp #TCP_STATE_ESTABLISHED
.6ad8	d3 c7 00	bne $6ba1	    bne _send_fail
.6adb	ad dc 2e	lda $2edc	    lda TX_UNACK_PENDING
.6ade	d3 bc 00	bne $6b9c	    bne _nothing_to_send
.6ae1	ad d7 2e	lda $2ed7	    lda TXQ_COUNT
.6ae4	f3 b6 00	beq $6b9c	    beq _nothing_to_send
.6ae7	c9 ec		cmp #$ec	    cmp #TCP_PAYLOAD_MAX+1
.6ae9	90 02		bcc $6aed	    bcc _use_queue_count
.6aeb	a9 eb		lda #$eb	    lda #TCP_PAYLOAD_MAX
.6aed					_use_queue_count:
.6aed	8d da 2e	sta $2eda	    sta TXQ_SEND_LEN
.6af0	ad d6 2e	lda $2ed6	    lda TXQ_TAIL
.6af3	8d db 2e	sta $2edb	    sta TXQ_SCAN
.6af6	a0 00		ldy #$00	    ldy #$00
.6af8					_copy_from_queue:
.6af8	cc da 2e	cpy $2eda	    cpy TXQ_SEND_LEN
.6afb	f0 10		beq $6b0d	    beq _payload_ready
.6afd	ae db 2e	ldx $2edb	    ldx TXQ_SCAN
.6b00	bd 0c 2f	lda $2f0c,x	    lda TX_APP_QUEUE,x
.6b03	99 1b 31	sta $311b,y	    sta TCP_DATA_PAYLOAD,y
.6b06	ee db 2e	inc $2edb	    inc TXQ_SCAN
.6b09	c8		iny		    iny
.6b0a	4c f8 6a	jmp $6af8	    jmp _copy_from_queue
.6b0d					_payload_ready:
.6b0d	ad da 2e	lda $2eda	    lda TXQ_SEND_LEN
.6b10	8d f7 30	sta $30f7	    sta TCP_DATA_PAYLOAD_SIZE
.6b13	a9 00		lda #$00	    lda #$00
.6b15	8d f8 30	sta $30f8	    sta TCP_DATA_PAYLOAD_SIZE+1
.6b18	a9 18		lda #$18	    lda #TCP_FLAG_PSH|TCP_FLAG_ACK
.6b1a	20 0e 43	jsr $430e	    jsr ETH_BUILD_TCPIP_PACKET
.6b1d	b0 7f		bcs $6b9e	    bcs _send_fail_clear
.6b1f	20 70 42	jsr $4270	    jsr ETH_PACKET_SEND
.6b22	b0 7a		bcs $6b9e	    bcs _send_fail_clear
.6b24	a9 00		lda #$00	    lda #$00
.6b26	8d 52 21	sta $2152	    sta ACK_REPLY_PENDING
.6b29	a2 00		ldx #$00	    ldx #$00
.6b2b					_save_seq:
.6b2b	bd 1e 21	lda $211e,x	    lda LOCAL_ISN,x
.6b2e	9d e2 2e	sta $2ee2,x	    sta TX_UNACK_SEQ,x
.6b31	9d e6 2e	sta $2ee6,x	    sta TX_UNACK_EXPECT_ACK,x
.6b34	e8		inx		    inx
.6b35	e0 04		cpx #$04	    cpx #$04
.6b37	d0 f2		bne $6b2b	    bne _save_seq
.6b39	ad e9 2e	lda $2ee9	    lda TX_UNACK_EXPECT_ACK+3
.6b3c	18		clc		    clc
.6b3d	6d da 2e	adc $2eda	    adc TXQ_SEND_LEN
.6b40	8d e9 2e	sta $2ee9	    sta TX_UNACK_EXPECT_ACK+3
.6b43	ad e8 2e	lda $2ee8	    lda TX_UNACK_EXPECT_ACK+2
.6b46	69 00		adc #$00	    adc #$00
.6b48	8d e8 2e	sta $2ee8	    sta TX_UNACK_EXPECT_ACK+2
.6b4b	ad e7 2e	lda $2ee7	    lda TX_UNACK_EXPECT_ACK+1
.6b4e	69 00		adc #$00	    adc #$00
.6b50	8d e7 2e	sta $2ee7	    sta TX_UNACK_EXPECT_ACK+1
.6b53	ad e6 2e	lda $2ee6	    lda TX_UNACK_EXPECT_ACK+0
.6b56	69 00		adc #$00	    adc #$00
.6b58	8d e6 2e	sta $2ee6	    sta TX_UNACK_EXPECT_ACK+0
.6b5b	a0 00		ldy #$00	    ldy #$00
.6b5d					_save_payload:
.6b5d	cc da 2e	cpy $2eda	    cpy TXQ_SEND_LEN
.6b60	f0 0a		beq $6b6c	    beq _payload_saved
.6b62	b9 1b 31	lda $311b,y	    lda TCP_DATA_PAYLOAD,y
.6b65	99 0c 30	sta $300c,y	    sta TX_UNACK_PAYLOAD,y
.6b68	c8		iny		    iny
.6b69	4c 5d 6b	jmp $6b5d	    jmp _save_payload
.6b6c					_payload_saved:
.6b6c	ad db 2e	lda $2edb	    lda TXQ_SCAN
.6b6f	8d d6 2e	sta $2ed6	    sta TXQ_TAIL
.6b72	ad d7 2e	lda $2ed7	    lda TXQ_COUNT
.6b75	38		sec		    sec
.6b76	ed da 2e	sbc $2eda	    sbc TXQ_SEND_LEN
.6b79	8d d7 2e	sta $2ed7	    sta TXQ_COUNT
.6b7c	ad da 2e	lda $2eda	    lda TXQ_SEND_LEN
.6b7f	8d dd 2e	sta $2edd	    sta TX_UNACK_LEN
.6b82	a9 01		lda #$01	    lda #$01
.6b84	8d dc 2e	sta $2edc	    sta TX_UNACK_PENDING
.6b87	a9 2d		lda #$2d	    lda #TCP_TX_RETRY_TICKS
.6b89	8d de 2e	sta $2ede	    sta TX_UNACK_RETRY_TICKS
.6b8c	a9 06		lda #$06	    lda #TCP_TX_MAX_RETRIES
.6b8e	8d df 2e	sta $2edf	    sta TX_UNACK_RETRY_LEFT
.6b91	20 92 6a	jsr $6a92	    jsr TCP_TX_TIMER_STAMP
.6b94	20 a9 48	jsr $48a9	    jsr CALC_LOCAL_ISN
.6b97	20 93 48	jsr $4893	    jsr CLEAR_TCP_PAYLOAD
.6b9a	18		clc		    clc
.6b9b	60		rts		    rts
.6b9c					_nothing_to_send:
.6b9c	18		clc		    clc
.6b9d	60		rts		    rts
.6b9e					_send_fail_clear:
.6b9e	20 93 48	jsr $4893	    jsr CLEAR_TCP_PAYLOAD
.6ba1					_send_fail:
.6ba1	38		sec		    sec
.6ba2	60		rts		    rts
.6ba3					TCP_TX_RETRANSMIT_PENDING:
.6ba3	ad dc 2e	lda $2edc	    lda TX_UNACK_PENDING
.6ba6	f0 63		beq $6c0b	    beq _no_pending
.6ba8	ad dd 2e	lda $2edd	    lda TX_UNACK_LEN
.6bab	f0 59		beq $6c06	    beq _clear_pending
.6bad	a2 00		ldx #$00	    ldx #$00
.6baf					_save_current_isn:
.6baf	bd 1e 21	lda $211e,x	    lda LOCAL_ISN,x
.6bb2	9d ea 2e	sta $2eea,x	    sta TX_SAVE_LOCAL_ISN,x
.6bb5	bd e2 2e	lda $2ee2,x	    lda TX_UNACK_SEQ,x
.6bb8	9d 1e 21	sta $211e,x	    sta LOCAL_ISN,x
.6bbb	e8		inx		    inx
.6bbc	e0 04		cpx #$04	    cpx #$04
.6bbe	d0 ef		bne $6baf	    bne _save_current_isn
.6bc0	a0 00		ldy #$00	    ldy #$00
.6bc2					_copy_unack_payload:
.6bc2	cc dd 2e	cpy $2edd	    cpy TX_UNACK_LEN
.6bc5	f0 0a		beq $6bd1	    beq _unack_payload_ready
.6bc7	b9 0c 30	lda $300c,y	    lda TX_UNACK_PAYLOAD,y
.6bca	99 1b 31	sta $311b,y	    sta TCP_DATA_PAYLOAD,y
.6bcd	c8		iny		    iny
.6bce	4c c2 6b	jmp $6bc2	    jmp _copy_unack_payload
.6bd1					_unack_payload_ready:
.6bd1	ad dd 2e	lda $2edd	    lda TX_UNACK_LEN
.6bd4	8d f7 30	sta $30f7	    sta TCP_DATA_PAYLOAD_SIZE
.6bd7	a9 00		lda #$00	    lda #$00
.6bd9	8d f8 30	sta $30f8	    sta TCP_DATA_PAYLOAD_SIZE+1
.6bdc	a9 18		lda #$18	    lda #TCP_FLAG_PSH|TCP_FLAG_ACK
.6bde	20 0e 43	jsr $430e	    jsr ETH_BUILD_TCPIP_PACKET
.6be1	08		php		    php
.6be2	a2 00		ldx #$00	    ldx #$00
.6be4					_restore_isn_after_build:
.6be4	bd ea 2e	lda $2eea,x	    lda TX_SAVE_LOCAL_ISN,x
.6be7	9d 1e 21	sta $211e,x	    sta LOCAL_ISN,x
.6bea	e8		inx		    inx
.6beb	e0 04		cpx #$04	    cpx #$04
.6bed	d0 f5		bne $6be4	    bne _restore_isn_after_build
.6bef	28		plp		    plp
.6bf0	b0 0f		bcs $6c01	    bcs _retransmit_fail
.6bf2	20 70 42	jsr $4270	    jsr ETH_PACKET_SEND
.6bf5	b0 0a		bcs $6c01	    bcs _retransmit_fail
.6bf7	a9 00		lda #$00	    lda #$00
.6bf9	8d 52 21	sta $2152	    sta ACK_REPLY_PENDING
.6bfc	20 93 48	jsr $4893	    jsr CLEAR_TCP_PAYLOAD
.6bff	18		clc		    clc
.6c00	60		rts		    rts
.6c01					_retransmit_fail:
.6c01	20 93 48	jsr $4893	    jsr CLEAR_TCP_PAYLOAD
.6c04	38		sec		    sec
.6c05	60		rts		    rts
.6c06					_clear_pending:
.6c06	a9 00		lda #$00	    lda #$00
.6c08	8d dc 2e	sta $2edc	    sta TX_UNACK_PENDING
.6c0b					_no_pending:
.6c0b	18		clc		    clc
.6c0c	60		rts		    rts

;******  Return to file: C:\projects\_M65\_xlar54\mega-ip-master\src\eth.asm

.6c0d					CHAR_TRANSLATE:
.6c0d	4c b2 6d	jmp $6db2	    jmp CHAR_TRANSLATE_IMPL
.6c10					SEND_TRANSLATE_PAYLOAD:
.6c10	ad 51 21	lda $2151	    lda CHARACTER_MODE
.6c13	f0 14		beq $6c29	    beq _send_xlate_done
.6c15	a0 00		ldy #$00	    ldy #$00
.6c17					_send_xlate_loop:
.6c17	cc f7 30	cpy $30f7	    cpy TCP_DATA_PAYLOAD_SIZE
.6c1a	f0 0d		beq $6c29	    beq _send_xlate_done
.6c1c	b9 1b 31	lda $311b,y	    lda TCP_DATA_PAYLOAD,y
.6c1f	20 2a 6c	jsr $6c2a	    jsr PETSCII_TO_ASCII
.6c22	99 1b 31	sta $311b,y	    sta TCP_DATA_PAYLOAD,y
.6c25	c8		iny		    iny
.6c26	4c 17 6c	jmp $6c17	    jmp _send_xlate_loop
.6c29					_send_xlate_done:
.6c29	60		rts		    rts
.6c2a					PETSCII_TO_ASCII:
.6c2a	c9 c1		cmp #$c1	    cmp #$c1
.6c2c	90 07		bcc $6c35	    bcc _petscii_maybe_lower
.6c2e	c9 db		cmp #$db	    cmp #$db
.6c30	b0 03		bcs $6c35	    bcs _petscii_maybe_lower
.6c32	29 7f		and #$7f	    and #$7f
.6c34	60		rts		    rts
.6c35					_petscii_maybe_lower:
.6c35	c9 41		cmp #$41	    cmp #$41
.6c37	90 06		bcc $6c3f	    bcc _petscii_ascii_done
.6c39	c9 5b		cmp #$5b	    cmp #$5b
.6c3b	b0 02		bcs $6c3f	    bcs _petscii_ascii_done
.6c3d	09 20		ora #$20	    ora #$20
.6c3f					_petscii_ascii_done:
.6c3f	60		rts		    rts

;******  Processing file: C:\projects\_M65\_xlar54\mega-ip-master\src\tcp_seq.asm

.6c40					TCP_SEQ_CMP_SEG_SEQ_REMOTE:
.6c40	38		sec		    sec
.6c41	ad a4 21	lda $21a4	    lda SEG_SEQ+3
.6c44	ed 1d 21	sbc $211d	    sbc REMOTE_ISN+3
.6c47	8d ff 6c	sta $6cff	    sta TCP_SEQ_DIFF+3
.6c4a	ad a3 21	lda $21a3	    lda SEG_SEQ+2
.6c4d	ed 1c 21	sbc $211c	    sbc REMOTE_ISN+2
.6c50	8d fe 6c	sta $6cfe	    sta TCP_SEQ_DIFF+2
.6c53	ad a2 21	lda $21a2	    lda SEG_SEQ+1
.6c56	ed 1b 21	sbc $211b	    sbc REMOTE_ISN+1
.6c59	8d fd 6c	sta $6cfd	    sta TCP_SEQ_DIFF+1
.6c5c	ad a1 21	lda $21a1	    lda SEG_SEQ+0
.6c5f	ed 1a 21	sbc $211a	    sbc REMOTE_ISN+0
.6c62	8d fc 6c	sta $6cfc	    sta TCP_SEQ_DIFF+0
.6c65	4c e0 6c	jmp $6ce0	    jmp TCP_SEQ_FINISH_CMP
.6c68					TCP_SEQ_CMP_SEG_ACK_TX_UNACK_SEQ:
.6c68	38		sec		    sec
.6c69	ad a8 21	lda $21a8	    lda SEG_ACK+3
.6c6c	ed e5 2e	sbc $2ee5	    sbc TX_UNACK_SEQ+3
.6c6f	8d ff 6c	sta $6cff	    sta TCP_SEQ_DIFF+3
.6c72	ad a7 21	lda $21a7	    lda SEG_ACK+2
.6c75	ed e4 2e	sbc $2ee4	    sbc TX_UNACK_SEQ+2
.6c78	8d fe 6c	sta $6cfe	    sta TCP_SEQ_DIFF+2
.6c7b	ad a6 21	lda $21a6	    lda SEG_ACK+1
.6c7e	ed e3 2e	sbc $2ee3	    sbc TX_UNACK_SEQ+1
.6c81	8d fd 6c	sta $6cfd	    sta TCP_SEQ_DIFF+1
.6c84	ad a5 21	lda $21a5	    lda SEG_ACK+0
.6c87	ed e2 2e	sbc $2ee2	    sbc TX_UNACK_SEQ+0
.6c8a	8d fc 6c	sta $6cfc	    sta TCP_SEQ_DIFF+0
.6c8d	4c e0 6c	jmp $6ce0	    jmp TCP_SEQ_FINISH_CMP
.6c90					TCP_SEQ_CMP_SEG_ACK_LOCAL_ISN:
.6c90	38		sec		    sec
.6c91	ad a8 21	lda $21a8	    lda SEG_ACK+3
.6c94	ed 21 21	sbc $2121	    sbc LOCAL_ISN+3
.6c97	8d ff 6c	sta $6cff	    sta TCP_SEQ_DIFF+3
.6c9a	ad a7 21	lda $21a7	    lda SEG_ACK+2
.6c9d	ed 20 21	sbc $2120	    sbc LOCAL_ISN+2
.6ca0	8d fe 6c	sta $6cfe	    sta TCP_SEQ_DIFF+2
.6ca3	ad a6 21	lda $21a6	    lda SEG_ACK+1
.6ca6	ed 1f 21	sbc $211f	    sbc LOCAL_ISN+1
.6ca9	8d fd 6c	sta $6cfd	    sta TCP_SEQ_DIFF+1
.6cac	ad a5 21	lda $21a5	    lda SEG_ACK+0
.6caf	ed 1e 21	sbc $211e	    sbc LOCAL_ISN+0
.6cb2	8d fc 6c	sta $6cfc	    sta TCP_SEQ_DIFF+0
.6cb5	4c e0 6c	jmp $6ce0	    jmp TCP_SEQ_FINISH_CMP
.6cb8					TCP_SEQ_CMP_SEG_ACK_TX_EXPECT:
.6cb8	38		sec		    sec
.6cb9	ad a8 21	lda $21a8	    lda SEG_ACK+3
.6cbc	ed e9 2e	sbc $2ee9	    sbc TX_UNACK_EXPECT_ACK+3
.6cbf	8d ff 6c	sta $6cff	    sta TCP_SEQ_DIFF+3
.6cc2	ad a7 21	lda $21a7	    lda SEG_ACK+2
.6cc5	ed e8 2e	sbc $2ee8	    sbc TX_UNACK_EXPECT_ACK+2
.6cc8	8d fe 6c	sta $6cfe	    sta TCP_SEQ_DIFF+2
.6ccb	ad a6 21	lda $21a6	    lda SEG_ACK+1
.6cce	ed e7 2e	sbc $2ee7	    sbc TX_UNACK_EXPECT_ACK+1
.6cd1	8d fd 6c	sta $6cfd	    sta TCP_SEQ_DIFF+1
.6cd4	ad a5 21	lda $21a5	    lda SEG_ACK+0
.6cd7	ed e6 2e	sbc $2ee6	    sbc TX_UNACK_EXPECT_ACK+0
.6cda	8d fc 6c	sta $6cfc	    sta TCP_SEQ_DIFF+0
.6cdd	4c e0 6c	jmp $6ce0	    jmp TCP_SEQ_FINISH_CMP
.6ce0					TCP_SEQ_FINISH_CMP:
.6ce0	ad fc 6c	lda $6cfc	    lda TCP_SEQ_DIFF+0
.6ce3	0d fd 6c	ora $6cfd	    ora TCP_SEQ_DIFF+1
.6ce6	0d fe 6c	ora $6cfe	    ora TCP_SEQ_DIFF+2
.6ce9	0d ff 6c	ora $6cff	    ora TCP_SEQ_DIFF+3
.6cec	f0 0b		beq $6cf9	    beq TCP_SEQ_CMP_EQUAL
.6cee	ad fc 6c	lda $6cfc	    lda TCP_SEQ_DIFF+0
.6cf1	30 03		bmi $6cf6	    bmi TCP_SEQ_CMP_LESS
.6cf3	a9 01		lda #$01	    lda #$01
.6cf5	60		rts		    rts
.6cf6					TCP_SEQ_CMP_LESS:
.6cf6	a9 ff		lda #$ff	    lda #$ff
.6cf8	60		rts		    rts
.6cf9					TCP_SEQ_CMP_EQUAL:
.6cf9	a9 00		lda #$00	    lda #$00
.6cfb	60		rts		    rts
>6cfc	00 00 00 00			TCP_SEQ_DIFF: .byte $00, $00, $00, $00

;******  Return to file: C:\projects\_M65\_xlar54\mega-ip-master\src\eth.asm

.6d00					ETH_SET_LOCAL_PORT:
.6d00	8d 04 21	sta $2104	    sta LOCAL_PORT+0
.6d03	8e 05 21	stx $2105	    stx LOCAL_PORT+1
.6d06	60		rts		    rts
.6d07					ETH_GET_LOCAL_IP:
.6d07	ad 00 21	lda $2100	    lda LOCAL_IP+0
.6d0a	ae 01 21	ldx $2101	    ldx LOCAL_IP+1
.6d0d	ac 02 21	ldy $2102	    ldy LOCAL_IP+2
.6d10	ab 03 21	ldz $2103	    ldz LOCAL_IP+3
.6d13	60		rts		    rts
.6d14					ETH_GET_GATEWAY_IP:
.6d14	ad 0c 21	lda $210c	    lda GATEWAY_IP+0
.6d17	ae 0d 21	ldx $210d	    ldx GATEWAY_IP+1
.6d1a	ac 0e 21	ldy $210e	    ldy GATEWAY_IP+2
.6d1d	ab 0f 21	ldz $210f	    ldz GATEWAY_IP+3
.6d20	60		rts		    rts
.6d21					ETH_GET_SUBNET_MASK:
.6d21	ad 10 21	lda $2110	    lda SUBNET_MASK+0
.6d24	ae 11 21	ldx $2111	    ldx SUBNET_MASK+1
.6d27	ac 12 21	ldy $2112	    ldy SUBNET_MASK+2
.6d2a	ab 13 21	ldz $2113	    ldz SUBNET_MASK+3
.6d2d	60		rts		    rts
.6d2e					ETH_GET_PRIMARY_DNS:
.6d2e	ad 14 21	lda $2114	    lda PRIMARY_DNS+0
.6d31	ae 15 21	ldx $2115	    ldx PRIMARY_DNS+1
.6d34	ac 16 21	ldy $2116	    ldy PRIMARY_DNS+2
.6d37	ab 17 21	ldz $2117	    ldz PRIMARY_DNS+3
.6d3a	60		rts		    rts
.6d3b					ETH_GET_REMOTE_IP:
.6d3b	ad 06 21	lda $2106	    lda REMOTE_IP+0
.6d3e	ae 07 21	ldx $2107	    ldx REMOTE_IP+1
.6d41	ac 08 21	ldy $2108	    ldy REMOTE_IP+2
.6d44	ab 09 21	ldz $2109	    ldz REMOTE_IP+3
.6d47	60		rts		    rts
.6d48					ETH_TCP_FORCE_CLOSE:
.6d48	20 c9 49	jsr $49c9	    jsr TCP_HARD_RESET
.6d4b	a9 00		lda #$00	    lda #$00
.6d4d	8d 19 4a	sta $4a19	    sta TCP_EVENT_FLAG
.6d50	8d 38 21	sta $2138	    sta TCP_LISTEN_ENABLED
.6d53	8d 37 21	sta $2137	    sta TCP_ACCEPT_FLAGS
.6d56	8d 25 21	sta $2125	    sta CONNECT_ACTIVE
.6d59	8d 26 21	sta $2126	    sta CONNECT_SYN_SENT
.6d5c	8d 27 21	sta $2127	    sta CONNECT_FAIL_LATCH
.6d5f	8d 28 21	sta $2128	    sta CONNECT_RETRY_TICKS
.6d62	8d 29 21	sta $2129	    sta CONNECT_RETRY_LEFT
.6d65	8d 90 4b	sta $4b90	    sta ARP_STATE
.6d68	8d 91 4b	sta $4b91	    sta ARP_RETRY_TICKS
.6d6b	8d 92 4b	sta $4b92	    sta ARP_RETRY_LEFT
.6d6e	8d 27 50	sta $5027	    sta DNS_STATE
.6d71	8d 28 50	sta $5028	    sta DNS_RETRY_LEFT
.6d74	8d 29 50	sta $5029	    sta DNS_RETRY_TICKS
.6d77	8d 2b 50	sta $502b	    sta DNS_FRAME_TICKS
.6d7a	8d 52 21	sta $2152	    sta ACK_REPLY_PENDING
.6d7d	8d 53 21	sta $2153	    sta ACK_REPLY_LEN_L
.6d80	8d 54 21	sta $2154	    sta ACK_REPLY_LEN_H
.6d83	60		rts		    rts
.6d84					ETH_GET_ABI_INFO:
.6d84	a9 01		lda #$01	    lda #$01
.6d86	a2 00		ldx #$00	    ldx #$00
.6d88	a0 01		ldy #$01	    ldy #%00000001       ; config getters / force-close are present
.6d8a	a3 01		ldz #$01	    ldz #%00000001       ; ML buffer/byte extension table is present
.6d8c	60		rts		    rts
.6d8d					ETH_DNS_START_ASTR:
.6d8d	20 54 62	jsr $6254	    jsr COPY_ASTR_TO_DNS_HOST
.6d90	ad b5 21	lda $21b5	    lda host_str
.6d93	f0 0c		beq $6da1	    beq _dns_start_astr_fail
.6d95	a9 b5		lda #$b5	    lda #<host_str
.6d97	a2 21		ldx #$21	    ldx #>host_str
.6d99	20 65 53	jsr $5365	    jsr DNS_RESOLVE_START
.6d9c	b0 03		bcs $6da1	    bcs _dns_start_astr_fail
.6d9e	a9 01		lda #$01	    lda #$01
.6da0	60		rts		    rts
.6da1					_dns_start_astr_fail:
.6da1	a9 00		lda #$00	    lda #$00
.6da3	60		rts		    rts
.6da4					ETH_TCP_TX_IDLE:
.6da4	ad d7 2e	lda $2ed7	    lda TXQ_COUNT
.6da7	0d dc 2e	ora $2edc	    ora TX_UNACK_PENDING
.6daa	f0 03		beq $6daf	    beq _tcp_tx_idle_yes
.6dac	a9 00		lda #$00	    lda #$00
.6dae	60		rts		    rts
.6daf					_tcp_tx_idle_yes:
.6daf	a9 01		lda #$01	    lda #$01
.6db1	60		rts		    rts
.6db2					CHAR_TRANSLATE_IMPL:
.6db2	48		pha		    pha
.6db3	ad 51 21	lda $2151	    lda CHARACTER_MODE
.6db6	f0 18		beq $6dd0	    beq _char_no_translate
.6db8	68		pla		    pla
.6db9	c9 41		cmp #$41	    cmp #$41
.6dbb	90 07		bcc $6dc4	    bcc _char_check_lower
.6dbd	c9 5b		cmp #$5b	    cmp #$5B
.6dbf	b0 03		bcs $6dc4	    bcs _char_check_lower
.6dc1	09 80		ora #$80	    ora #$80                    ; ASCII A-Z ($41-$5A) -> PETSCII upper ($C1-$DA)
.6dc3	60		rts		    rts
.6dc4					_char_check_lower:
.6dc4	c9 61		cmp #$61	    cmp #$61
.6dc6	90 07		bcc $6dcf	    bcc _char_printable
.6dc8	c9 7b		cmp #$7b	    cmp #$7B
.6dca	b0 03		bcs $6dcf	    bcs _char_printable
.6dcc	29 df		and #$df	    and #$DF                    ; ASCII a-z ($61-$7A) -> PETSCII lower ($41-$5A)
.6dce	60		rts		    rts
.6dcf					_char_printable:
.6dcf	60		rts		    rts
.6dd0					_char_no_translate:
.6dd0	68		pla		    pla
.6dd1	60		rts		    rts
.6dd2					READ_TAIL_ATOMIC:
.6dd2					_again:
.6dd2	ad 94 21	lda $2194	    lda RBUF_TAIL_HI
.6dd5	8d 96 21	sta $2196	    sta TMP_TAIL_HI
.6dd8	ad 93 21	lda $2193	    lda RBUF_TAIL_LO
.6ddb	8d 95 21	sta $2195	    sta TMP_TAIL_LO
.6dde	ad 94 21	lda $2194	    lda RBUF_TAIL_HI
.6de1	cd 96 21	cmp $2196	    cmp TMP_TAIL_HI
.6de4	d0 ec		bne $6dd2	    bne _again
.6de6	60		rts		    rts
.6de7					READ_HEAD_ATOMIC:
.6de7					_again:
.6de7	ad 92 21	lda $2192	    lda RBUF_HEAD_HI
.6dea	8d 98 21	sta $2198	    sta TMP_HEAD_HI
.6ded	ad 91 21	lda $2191	    lda RBUF_HEAD_LO
.6df0	8d 97 21	sta $2197	    sta TMP_HEAD_LO
.6df3	ad 92 21	lda $2192	    lda RBUF_HEAD_HI
.6df6	cd 98 21	cmp $2198	    cmp TMP_HEAD_HI
.6df9	d0 ec		bne $6de7	    bne _again
.6dfb	60		rts		    rts
.6dfc					ETH_CLEAR_DRIVER_STATE:
.6dfc	a9 00		lda #$00	    lda #$00
.6dfe	8d 92 21	sta $2192	    sta RBUF_HEAD_HI
.6e01	8d 91 21	sta $2191	    sta RBUF_HEAD_LO
.6e04	8d 94 21	sta $2194	    sta RBUF_TAIL_HI
.6e07	8d 93 21	sta $2193	    sta RBUF_TAIL_LO
.6e0a	8d 90 4b	sta $4b90	    sta ARP_STATE
.6e0d	8d 91 4b	sta $4b91	    sta ARP_RETRY_TICKS
.6e10	8d 92 4b	sta $4b92	    sta ARP_RETRY_LEFT
.6e13	8d 93 4b	sta $4b93	    sta ARP_LAST_RASTER_LO
.6e16	8d 94 4b	sta $4b94	    sta ARP_LAST_RASTER_HI
.6e19	8d 27 50	sta $5027	    sta DNS_STATE
.6e1c	8d 28 50	sta $5028	    sta DNS_RETRY_LEFT
.6e1f	8d 29 50	sta $5029	    sta DNS_RETRY_TICKS
.6e22	8d 2a 50	sta $502a	    sta DNS_LAST_BACKOFF
.6e25	8d 2b 50	sta $502b	    sta DNS_FRAME_TICKS
.6e28	8d ae 59	sta $59ae	    sta DHCP_IN_PROGRESS
.6e2b	8d af 59	sta $59af	    sta DHCP_STATE
.6e2e	8d b0 59	sta $59b0	    sta DHCP_RETRY_TICKS
.6e31	8d b2 59	sta $59b2	    sta DHCP_FRAME_TICKS
.6e34	8d d2 59	sta $59d2	    sta DHCP_RENEW_ACTIVE
.6e37	8d d3 59	sta $59d3	    sta DHCP_RENEW_SUBTICKS
.6e3a	8d d4 59	sta $59d4	    sta DHCP_RENEW_SECS_LO
.6e3d	8d d5 59	sta $59d5	    sta DHCP_RENEW_SECS_HI
.6e40	8d d8 59	sta $59d8	    sta DHCP_REQUEST_IS_RENEW
.6e43	8d 19 4a	sta $4a19	    sta TCP_EVENT_FLAG
.6e46	8d 18 21	sta $2118	    sta ETH_STATE
.6e49	8d 19 21	sta $2119	    sta TCP_STATE
.6e4c	8d 4c 21	sta $214c	    sta TIME_WAIT_COUNTER_LO
.6e4f	8d 4d 21	sta $214d	    sta TIME_WAIT_COUNTER_HI
.6e52	8d 4e 21	sta $214e	    sta TIME_WAIT_FRAME_TICKS
.6e55	8d 4f 21	sta $214f	    sta TIME_WAIT_LAST_RASTER_LO
.6e58	8d 50 21	sta $2150	    sta TIME_WAIT_LAST_RASTER_HI
.6e5b	8d 25 21	sta $2125	    sta CONNECT_ACTIVE
.6e5e	8d 26 21	sta $2126	    sta CONNECT_SYN_SENT
.6e61	8d 27 21	sta $2127	    sta CONNECT_FAIL_LATCH
.6e64	8d 28 21	sta $2128	    sta CONNECT_RETRY_TICKS
.6e67	8d 29 21	sta $2129	    sta CONNECT_RETRY_LEFT
.6e6a	8d 2a 21	sta $212a	    sta CONNECT_LAST_RASTER_LO
.6e6d	8d 2b 21	sta $212b	    sta CONNECT_LAST_RASTER_HI
.6e70	8d 36 21	sta $2136	    sta TCP_LISTEN_STATE
.6e73	8d 37 21	sta $2137	    sta TCP_ACCEPT_FLAGS
.6e76	8d 38 21	sta $2138	    sta TCP_LISTEN_ENABLED
.6e79	8d 52 21	sta $2152	    sta ACK_REPLY_PENDING
.6e7c	8d 53 21	sta $2153	    sta ACK_REPLY_LEN_L
.6e7f	8d 54 21	sta $2154	    sta ACK_REPLY_LEN_H
.6e82	8d 45 21	sta $2145	    sta ETH_RX_TCP_FLAGS
.6e85	8d 06 32	sta $3206	    sta TCP_DATA_PAYLOAD_PAD
.6e88	20 a7 69	jsr $69a7	    jsr TCP_TX_RESET
.6e8b	20 6c 48	jsr $486c	    jsr CLEAR_LOCAL_ISN
.6e8e	20 7e 48	jsr $487e	    jsr CLEAR_REMOTE_ISN
.6e91	20 dc 3b	jsr $3bdc	    jsr TCP_OOO_CLEAR
.6e94	20 93 48	jsr $4893	    jsr CLEAR_TCP_PAYLOAD
.6e97	60		rts		    rts
.6e98					CONNECT_FRAME_WRAP_TICK:
.6e98	20 25 4f	jsr $4f25	    jsr ARP_READ_RASTER
.6e9b	ad 96 4b	lda $4b96	    lda ARP_CUR_RASTER_HI
.6e9e	cd 2b 21	cmp $212b	    cmp CONNECT_LAST_RASTER_HI
.6ea1	90 18		bcc $6ebb	    bcc _connect_frame_elapsed
.6ea3	d0 08		bne $6ead	    bne _connect_no_frame
.6ea5	ad 95 4b	lda $4b95	    lda ARP_CUR_RASTER_LO
.6ea8	cd 2a 21	cmp $212a	    cmp CONNECT_LAST_RASTER_LO
.6eab	90 0e		bcc $6ebb	    bcc _connect_frame_elapsed
.6ead					_connect_no_frame:
.6ead	ad 95 4b	lda $4b95	    lda ARP_CUR_RASTER_LO
.6eb0	8d 2a 21	sta $212a	    sta CONNECT_LAST_RASTER_LO
.6eb3	ad 96 4b	lda $4b96	    lda ARP_CUR_RASTER_HI
.6eb6	8d 2b 21	sta $212b	    sta CONNECT_LAST_RASTER_HI
.6eb9	18		clc		    clc
.6eba	60		rts		    rts
.6ebb					_connect_frame_elapsed:
.6ebb	ad 95 4b	lda $4b95	    lda ARP_CUR_RASTER_LO
.6ebe	8d 2a 21	sta $212a	    sta CONNECT_LAST_RASTER_LO
.6ec1	ad 96 4b	lda $4b96	    lda ARP_CUR_RASTER_HI
.6ec4	8d 2b 21	sta $212b	    sta CONNECT_LAST_RASTER_HI
.6ec7	38		sec		    sec
.6ec8	60		rts		    rts
>6ec9	00				CONNECT_LAST_RX_DEST_CLASS:  .byte $00
.6eca					ETH_INIT_ML_SAFE:
.6eca	08		php		    php
.6ecb	78		sei		    sei
.6ecc	20 07 32	jsr $3207	    jsr MEGA65_IO_ENABLE
.6ecf	ad e5 d6	lda $d6e5	    lda MEGA65_ETH_CTRL3
.6ed2	29 df		and #$df	    and #%11011111
.6ed4	09 11		ora #$11	    ora #%00010001
.6ed6	8d e5 d6	sta $d6e5	    sta MEGA65_ETH_CTRL3
.6ed9	ad e5 d6	lda $d6e5	    lda MEGA65_ETH_CTRL3
.6edc	29 f3		and #$f3	    and #%11110011
.6ede	09 04		ora #$04	    ora #%00000100
.6ee0	8d e5 d6	sta $d6e5	    sta MEGA65_ETH_CTRL3
.6ee3	ad e5 d6	lda $d6e5	    lda MEGA65_ETH_CTRL3
.6ee6	29 3f		and #$3f	    and #%00111111
.6ee8	09 40		ora #$40	    ora #%01000000
.6eea	8d e5 d6	sta $d6e5	    sta MEGA65_ETH_CTRL3
.6eed	ad e9 d6	lda $d6e9	    lda MEGA65_ETH_MAC+0
.6ef0	8d 3b 22	sta $223b	    sta ETH_TX_FRAME_SRC_MAC+0
.6ef3	ad ea d6	lda $d6ea	    lda MEGA65_ETH_MAC+1
.6ef6	8d 3c 22	sta $223c	    sta ETH_TX_FRAME_SRC_MAC+1
.6ef9	ad eb d6	lda $d6eb	    lda MEGA65_ETH_MAC+2
.6efc	8d 3d 22	sta $223d	    sta ETH_TX_FRAME_SRC_MAC+2
.6eff	ad ec d6	lda $d6ec	    lda MEGA65_ETH_MAC+3
.6f02	8d 3e 22	sta $223e	    sta ETH_TX_FRAME_SRC_MAC+3
.6f05	ad ed d6	lda $d6ed	    lda MEGA65_ETH_MAC+4
.6f08	8d 3f 22	sta $223f	    sta ETH_TX_FRAME_SRC_MAC+4
.6f0b	ad ee d6	lda $d6ee	    lda MEGA65_ETH_MAC+5
.6f0e	8d 40 22	sta $2240	    sta ETH_TX_FRAME_SRC_MAC+5
.6f11	a9 03		lda #$03	    lda #$03
.6f13	8d e0 d6	sta $d6e0	    sta MEGA65_ETH_CTRL1
.6f16	8d e1 d6	sta $d6e1	    sta MEGA65_ETH_CTRL2
.6f19	a9 00		lda #$00	    lda #$00
.6f1b	8d e1 d6	sta $d6e1	    sta MEGA65_ETH_CTRL2
.6f1e	20 fc 6d	jsr $6dfc	    jsr ETH_CLEAR_DRIVER_STATE
.6f21	28		plp		    plp
.6f22	60		rts		    rts
.6f23					DNS2_COPY_CNAME_RDATA:
.6f23	ad 8f 59	lda $598f	    lda DNS2_RD_LO
.6f26	8d a8 59	sta $59a8	    sta DNS2_NAME_LO
.6f29	ad 90 59	lda $5990	    lda DNS2_RD_HI
.6f2c	8d a9 59	sta $59a9	    sta DNS2_NAME_HI
.6f2f	a9 00		lda #$00	    lda #$00
.6f31	8d 85 59	sta $5985	    sta q_out
.6f34	8d 86 59	sta $5986	    sta q_guard
.6f37					DNS2_COPY_NAME_LOOP:
.6f37	ee 86 59	inc $5986	    inc q_guard
.6f3a	ad 86 59	lda $5986	    lda q_guard
.6f3d	c9 40		cmp #$40	    cmp #$40
.6f3f	b3 95 00	bcs $6fd6	    bcs DNS2_COPY_NAME_BAD
.6f42	20 d8 6f	jsr $6fd8	    jsr DNS2_READ_NAME_BYTE
.6f45	aa		tax		    tax
.6f46	ad a6 59	lda $59a6	    lda DNS2_BOUNDS_FAIL
.6f49	d3 8b 00	bne $6fd6	    bne DNS2_COPY_NAME_BAD
.6f4c	8a		txa		    txa
.6f4d	f0 75		beq $6fc4	    beq DNS2_COPY_NAME_ZERO
.6f4f	29 c0		and #$c0	    and #$C0
.6f51	f0 07		beq $6f5a	    beq DNS2_COPY_NAME_LABEL
.6f53	c9 c0		cmp #$c0	    cmp #$C0
.6f55	f0 45		beq $6f9c	    beq DNS2_COPY_NAME_POINTER
.6f57	4c d6 6f	jmp $6fd6	    jmp DNS2_COPY_NAME_BAD
.6f5a					DNS2_COPY_NAME_LABEL:
.6f5a	8a		txa		    txa
.6f5b	29 3f		and #$3f	    and #$3F
.6f5d	f0 77		beq $6fd6	    beq DNS2_COPY_NAME_BAD
.6f5f	8d 87 59	sta $5987	    sta lbl_len
.6f62	ae 85 59	ldx $5985	    ldx q_out
.6f65	e0 80		cpx #$80	    cpx #128
.6f67	b0 6d		bcs $6fd6	    bcs DNS2_COPY_NAME_BAD
.6f69	ad 87 59	lda $5987	    lda lbl_len
.6f6c	9d 33 50	sta $5033,x	    sta DNS_QNAME,x
.6f6f	e8		inx		    inx
.6f70	8e 85 59	stx $5985	    stx q_out
.6f73	ad 87 59	lda $5987	    lda lbl_len
.6f76	8d 8b 59	sta $598b	    sta lbl_cnt
.6f79					DNS2_COPY_LABEL_BYTE:
.6f79	20 d8 6f	jsr $6fd8	    jsr DNS2_READ_NAME_BYTE
.6f7c	a8		tay		    tay
.6f7d	ad a6 59	lda $59a6	    lda DNS2_BOUNDS_FAIL
.6f80	d0 54		bne $6fd6	    bne DNS2_COPY_NAME_BAD
.6f82	98		tya		    tya
.6f83	20 c3 58	jsr $58c3	    jsr DNS2_MATCH_LOWER_A
.6f86	ae 85 59	ldx $5985	    ldx q_out
.6f89	e0 80		cpx #$80	    cpx #128
.6f8b	b0 49		bcs $6fd6	    bcs DNS2_COPY_NAME_BAD
.6f8d	9d 33 50	sta $5033,x	    sta DNS_QNAME,x
.6f90	e8		inx		    inx
.6f91	8e 85 59	stx $5985	    stx q_out
.6f94	ce 8b 59	dec $598b	    dec lbl_cnt
.6f97	d0 e0		bne $6f79	    bne DNS2_COPY_LABEL_BYTE
.6f99	4c 37 6f	jmp $6f37	    jmp DNS2_COPY_NAME_LOOP
.6f9c					DNS2_COPY_NAME_POINTER:
.6f9c	8a		txa		    txa
.6f9d	29 3f		and #$3f	    and #$3F
.6f9f	8d 89 59	sta $5989	    sta ptr_hi
.6fa2	20 d8 6f	jsr $6fd8	    jsr DNS2_READ_NAME_BYTE
.6fa5	a8		tay		    tay
.6fa6	ad a6 59	lda $59a6	    lda DNS2_BOUNDS_FAIL
.6fa9	d0 2b		bne $6fd6	    bne DNS2_COPY_NAME_BAD
.6fab	8c 8a 59	sty $598a	    sty ptr_lo
.6fae	ad 8d 59	lda $598d	    lda DNS2_BASE_LO
.6fb1	18		clc		    clc
.6fb2	6d 8a 59	adc $598a	    adc ptr_lo
.6fb5	8d a8 59	sta $59a8	    sta DNS2_NAME_LO
.6fb8	ad 8e 59	lda $598e	    lda DNS2_BASE_HI
.6fbb	6d 89 59	adc $5989	    adc ptr_hi
.6fbe	8d a9 59	sta $59a9	    sta DNS2_NAME_HI
.6fc1	4c 37 6f	jmp $6f37	    jmp DNS2_COPY_NAME_LOOP
.6fc4					DNS2_COPY_NAME_ZERO:
.6fc4	ae 85 59	ldx $5985	    ldx q_out
.6fc7	e0 80		cpx #$80	    cpx #128
.6fc9	b0 0b		bcs $6fd6	    bcs DNS2_COPY_NAME_BAD
.6fcb	a9 00		lda #$00	    lda #$00
.6fcd	9d 33 50	sta $5033,x	    sta DNS_QNAME,x
.6fd0	e8		inx		    inx
.6fd1	8e b3 50	stx $50b3	    stx DNS_QNAME_LEN
.6fd4	18		clc		    clc
.6fd5	60		rts		    rts
.6fd6					DNS2_COPY_NAME_BAD:
.6fd6	38		sec		    sec
.6fd7	60		rts		    rts
.6fd8					DNS2_READ_NAME_BYTE:
.6fd8	ad a9 59	lda $59a9	    lda DNS2_NAME_HI
.6fdb	cd 92 59	cmp $5992	    cmp DNS2_END_HI
.6fde	90 13		bcc $6ff3	    bcc DNS2_READ_NAME_OK
.6fe0	d0 08		bne $6fea	    bne DNS2_READ_NAME_BAD
.6fe2	ad a8 59	lda $59a8	    lda DNS2_NAME_LO
.6fe5	cd 91 59	cmp $5991	    cmp DNS2_END_LO
.6fe8	90 09		bcc $6ff3	    bcc DNS2_READ_NAME_OK
.6fea					DNS2_READ_NAME_BAD:
.6fea	a9 01		lda #$01	    lda #$01
.6fec	8d a6 59	sta $59a6	    sta DNS2_BOUNDS_FAIL
.6fef	a9 00		lda #$00	    lda #$00
.6ff1	38		sec		    sec
.6ff2	60		rts		    rts
.6ff3					DNS2_READ_NAME_OK:
.6ff3	ad a8 59	lda $59a8	    lda DNS2_NAME_LO
.6ff6	8d 00 70	sta $7000	    sta DNS2_NAME_READ_ABS+1
.6ff9	ad a9 59	lda $59a9	    lda DNS2_NAME_HI
.6ffc	8d 01 70	sta $7001	    sta DNS2_NAME_READ_ABS+2
.6fff					DNS2_NAME_READ_ABS:
.6fff	ad ff ff	lda $ffff	    lda $ffff
.7002	48		pha		    pha
.7003	ee a8 59	inc $59a8	    inc DNS2_NAME_LO
.7006	d0 03		bne $700b	    bne DNS2_NAME_ADV_DONE
.7008	ee a9 59	inc $59a9	    inc DNS2_NAME_HI
.700b					DNS2_NAME_ADV_DONE:
.700b	68		pla		    pla
.700c	18		clc		    clc
.700d	60		rts		    rts
.700e					DNS2_REQUERY_CNAME:
.700e	ad 2e 50	lda $502e	    lda DNS_CNAME_HOPS
.7011	f0 52		beq $7065	    beq DNS2_REQUERY_CNAME_FAIL
.7013	ce 2e 50	dec $502e	    dec DNS_CNAME_HOPS
.7016	a9 08		lda #$08	    lda #DNS_MAX_RETRIES
.7018	8d 28 50	sta $5028	    sta DNS_RETRY_LEFT
.701b	a9 02		lda #$02	    lda #DNS_TIMEOUT_TICKS_BASE
.701d	8d 29 50	sta $5029	    sta DNS_RETRY_TICKS
.7020	8d 2a 50	sta $502a	    sta DNS_LAST_BACKOFF
.7023	a9 06		lda #$06	    lda #DNS_TICK_FRAMES
.7025	8d 2b 50	sta $502b	    sta DNS_FRAME_TICKS
.7028	20 25 4f	jsr $4f25	    jsr ARP_READ_RASTER
.702b	ad 95 4b	lda $4b95	    lda ARP_CUR_RASTER_LO
.702e	8d 2c 50	sta $502c	    sta DNS_LAST_RASTER_LO
.7031	ad 96 4b	lda $4b96	    lda ARP_CUR_RASTER_HI
.7034	8d 2d 50	sta $502d	    sta DNS_LAST_RASTER_HI
.7037	ee 31 50	inc $5031	    inc DNS_CLIENT_PORT_HI
.703a	ad 32 50	lda $5032	    lda DNS_CLIENT_PORT_LO
.703d	18		clc		    clc
.703e	69 3d		adc #$3d	    adc #$3D
.7040	8d 32 50	sta $5032	    sta DNS_CLIENT_PORT_LO
.7043	90 03		bcc $7048	    bcc DNS2_REQUERY_PORT_OK
.7045	ee 31 50	inc $5031	    inc DNS_CLIENT_PORT_HI
.7048					DNS2_REQUERY_PORT_OK:
.7048	ee 30 50	inc $5030	    inc DNS_MSG_ID_LO
.704b	d0 03		bne $7050	    bne DNS2_REQUERY_ID_OK
.704d	ee 2f 50	inc $502f	    inc DNS_MSG_ID_HI
.7050					DNS2_REQUERY_ID_OK:
.7050	a9 01		lda #$01	    lda #DNS_STATE_WAIT
.7052	8d 27 50	sta $5027	    sta DNS_STATE
.7055	20 40 51	jsr $5140	    jsr DNS_SEND_QUERY
.7058	90 0a		bcc $7064	    bcc DNS2_REQUERY_DONE
.705a	a9 01		lda #$01	    lda #$01
.705c	8d 29 50	sta $5029	    sta DNS_RETRY_TICKS
.705f	a9 28		lda #$28	    lda #40
.7061	8d b4 50	sta $50b4	    sta DNS_ARP_DEFERS
.7064					DNS2_REQUERY_DONE:
.7064	60		rts		    rts
.7065					DNS2_REQUERY_CNAME_FAIL:
.7065	a9 03		lda #$03	    lda #DNS_STATE_FAIL
.7067	8d 27 50	sta $5027	    sta DNS_STATE
.706a	60		rts		    rts
.706b					ETH_RBUF_GET_BLOCK:
.706b	8d 34 71	sta $7134	    sta RBUF_BLOCK_DEST_LO
.706e	8e 35 71	stx $7135	    stx RBUF_BLOCK_DEST_HI
.7071	8c 36 71	sty $7136	    sty RBUF_BLOCK_DEST_BANK
.7074	6b		tza		    tza
.7075	8d 37 71	sta $7137	    sta RBUF_BLOCK_MAX
.7078	a9 00		lda #$00	    lda #$00
.707a	8d 38 71	sta $7138	    sta RBUF_BLOCK_COUNT
.707d	08		php		    php
.707e	78		sei		    sei
.707f	a5 45		lda $45		    lda $45
.7081	8d 39 71	sta $7139	    sta RBUF_BLOCK_SAVE45
.7084	a5 46		lda $46		    lda $46
.7086	8d 3a 71	sta $713a	    sta RBUF_BLOCK_SAVE46
.7089	a5 47		lda $47		    lda $47
.708b	8d 3b 71	sta $713b	    sta RBUF_BLOCK_SAVE47
.708e	a5 48		lda $48		    lda $48
.7090	8d 3c 71	sta $713c	    sta RBUF_BLOCK_SAVE48
.7093	ad 34 71	lda $7134	    lda RBUF_BLOCK_DEST_LO
.7096	85 45		sta $45		    sta $45
.7098	ad 35 71	lda $7135	    lda RBUF_BLOCK_DEST_HI
.709b	85 46		sta $46		    sta $46
.709d	ad 36 71	lda $7136	    lda RBUF_BLOCK_DEST_BANK
.70a0	85 47		sta $47		    sta $47
.70a2	a9 00		lda #$00	    lda #$00
.70a4	85 48		sta $48		    sta $48
.70a6	20 48 41	jsr $4148	    jsr RBUF_SAVE_PTR_ZP
.70a9	20 e7 6d	jsr $6de7	    jsr READ_HEAD_ATOMIC
.70ac	ad 93 21	lda $2193	    lda RBUF_TAIL_LO
.70af	8d 9b 21	sta $219b	    sta HLO
.70b2	ad 94 21	lda $2194	    lda RBUF_TAIL_HI
.70b5	8d 9c 21	sta $219c	    sta HHI
.70b8	a9 00		lda #$00	    lda #<RING_BUFFER_BASE
.70ba	85 fb		sta $fb		    sta RBUF_PTR_LO
.70bc	a9 00		lda #$00	    lda #>RING_BUFFER_BASE
.70be	18		clc		    clc
.70bf	6d 9c 21	adc $219c	    adc HHI
.70c2	85 fc		sta $fc		    sta RBUF_PTR_HI
.70c4	a9 05		lda #$05	    lda #RING_BUFFER_BANK
.70c6	85 fd		sta $fd		    sta RBUF_PTR_BANK
.70c8	a9 00		lda #$00	    lda #RING_BUFFER_BANK_HI
.70ca	85 fe		sta $fe		    sta RBUF_PTR_TOP
.70cc					_rbuf_block_loop:
.70cc	ad 38 71	lda $7138	    lda RBUF_BLOCK_COUNT
.70cf	cd 37 71	cmp $7137	    cmp RBUF_BLOCK_MAX
.70d2	b0 36		bcs $710a	    bcs _rbuf_block_done
.70d4	ad 9b 21	lda $219b	    lda HLO
.70d7	cd 97 21	cmp $2197	    cmp TMP_HEAD_LO
.70da	d0 08		bne $70e4	    bne _rbuf_block_not_empty
.70dc	ad 9c 21	lda $219c	    lda HHI
.70df	cd 98 21	cmp $2198	    cmp TMP_HEAD_HI
.70e2	f0 26		beq $710a	    beq _rbuf_block_done
.70e4					_rbuf_block_not_empty:
.70e4	ab 9b 21	ldz $219b	    ldz HLO
.70e7	ea		nop		    lda [RBUF_PTR_LO],z
.70e8	b2 fb		lda ($fb),z
.70ea	ab 38 71	ldz $7138	    ldz RBUF_BLOCK_COUNT
.70ed	ea		nop		    sta [$45],z
.70ee	92 45		sta ($45),z
.70f0	ee 38 71	inc $7138	    inc RBUF_BLOCK_COUNT
.70f3	ee 9b 21	inc $219b	    inc HLO
.70f6	d0 d4		bne $70cc	    bne _rbuf_block_loop
.70f8	ee 9c 21	inc $219c	    inc HHI
.70fb	ad 9c 21	lda $219c	    lda HHI
.70fe	29 0f		and #$0f	    and #RING_BUFFER_PAGE_MASK
.7100	8d 9c 21	sta $219c	    sta HHI
.7103	18		clc		    clc
.7104	69 00		adc #$00	    adc #>RING_BUFFER_BASE
.7106	85 fc		sta $fc		    sta RBUF_PTR_HI
.7108	80 c2		bra $70cc	    bra _rbuf_block_loop
.710a					_rbuf_block_done:
.710a	ad 9b 21	lda $219b	    lda HLO
.710d	8d 93 21	sta $2193	    sta RBUF_TAIL_LO
.7110	ad 9c 21	lda $219c	    lda HHI
.7113	8d 94 21	sta $2194	    sta RBUF_TAIL_HI
.7116	20 5d 41	jsr $415d	    jsr RBUF_RESTORE_PTR_ZP
.7119	ad 39 71	lda $7139	    lda RBUF_BLOCK_SAVE45
.711c	85 45		sta $45		    sta $45
.711e	ad 3a 71	lda $713a	    lda RBUF_BLOCK_SAVE46
.7121	85 46		sta $46		    sta $46
.7123	ad 3b 71	lda $713b	    lda RBUF_BLOCK_SAVE47
.7126	85 47		sta $47		    sta $47
.7128	ad 3c 71	lda $713c	    lda RBUF_BLOCK_SAVE48
.712b	85 48		sta $48		    sta $48
.712d	ad 38 71	lda $7138	    lda RBUF_BLOCK_COUNT
.7130	aa		tax		    tax
.7131	4b		taz		    taz
.7132	28		plp		    plp
.7133	60		rts		    rts
>7134	00				RBUF_BLOCK_DEST_LO:   .byte $00
>7135	00				RBUF_BLOCK_DEST_HI:   .byte $00
>7136	00				RBUF_BLOCK_DEST_BANK: .byte $00
>7137	00				RBUF_BLOCK_MAX:       .byte $00
>7138	00				RBUF_BLOCK_COUNT:     .byte $00
>7139	00				RBUF_BLOCK_SAVE45:    .byte $00
>713a	00				RBUF_BLOCK_SAVE46:    .byte $00
>713b	00				RBUF_BLOCK_SAVE47:    .byte $00
>713c	00				RBUF_BLOCK_SAVE48:    .byte $00
.713d					ETH_RESERVED_ZERO:
.713d	a9 00		lda #$00	    lda #$00
.713f	aa		tax		    tax
.7140	a8		tay		    tay
.7141	4b		taz		    taz
.7142	60		rts		    rts
.7143					DHCP_BOUND_TICK_IMPL:
.7143	ad d2 59	lda $59d2	    lda DHCP_RENEW_ACTIVE
.7146	f0 6b		beq $71b3	    beq _dhcp_bound_done
.7148	20 ec 5a	jsr $5aec	    jsr DHCP_FRAME_TICK
.714b	90 66		bcc $71b3	    bcc _dhcp_bound_done
.714d	ee d3 59	inc $59d3	    inc DHCP_RENEW_SUBTICKS
.7150	ad d3 59	lda $59d3	    lda DHCP_RENEW_SUBTICKS
.7153	c9 0a		cmp #$0a	    cmp #10
.7155	90 5c		bcc $71b3	    bcc _dhcp_bound_done
.7157	a9 00		lda #$00	    lda #$00
.7159	8d d3 59	sta $59d3	    sta DHCP_RENEW_SUBTICKS
.715c	ad d4 59	lda $59d4	    lda DHCP_RENEW_SECS_LO
.715f	0d d5 59	ora $59d5	    ora DHCP_RENEW_SECS_HI
.7162	f0 1e		beq $7182	    beq _dhcp_renew_now
.7164	ad d4 59	lda $59d4	    lda DHCP_RENEW_SECS_LO
.7167	d0 0e		bne $7177	    bne _dhcp_renew_dec_lo
.7169	ad d5 59	lda $59d5	    lda DHCP_RENEW_SECS_HI
.716c	f0 14		beq $7182	    beq _dhcp_renew_now
.716e	ce d5 59	dec $59d5	    dec DHCP_RENEW_SECS_HI
.7171	a9 ff		lda #$ff	    lda #$ff
.7173	8d d4 59	sta $59d4	    sta DHCP_RENEW_SECS_LO
.7176	60		rts		    rts
.7177					_dhcp_renew_dec_lo:
.7177	ce d4 59	dec $59d4	    dec DHCP_RENEW_SECS_LO
.717a	ad d4 59	lda $59d4	    lda DHCP_RENEW_SECS_LO
.717d	0d d5 59	ora $59d5	    ora DHCP_RENEW_SECS_HI
.7180	d0 31		bne $71b3	    bne _dhcp_bound_done
.7182					_dhcp_renew_now:
.7182	20 0c 5c	jsr $5c0c	    jsr DHCP_SEND_REQUEST
.7185	b0 1d		bcs $71a4	    bcs _dhcp_renew_busy
.7187	a9 01		lda #$01	    lda #$01
.7189	8d d8 59	sta $59d8	    sta DHCP_REQUEST_IS_RENEW
.718c	a9 03		lda #$03	    lda #DHCP_STATE_REQUEST_SENT
.718e	8d af 59	sta $59af	    sta DHCP_STATE
.7191	a9 01		lda #$01	    lda #$01
.7193	8d ae 59	sta $59ae	    sta DHCP_IN_PROGRESS
.7196	a9 00		lda #$00	    lda #$00
.7198	8d d2 59	sta $59d2	    sta DHCP_RENEW_ACTIVE
.719b	8d b0 59	sta $59b0	    sta DHCP_RETRY_TICKS
.719e	a9 0a		lda #$0a	    lda #DHCP_INITIAL_BACKOFF
.71a0	8d b1 59	sta $59b1	    sta DHCP_RETRY_BACKOFF
.71a3	60		rts		    rts
.71a4					_dhcp_renew_busy:
.71a4	a9 09		lda #$09	    lda #$09
.71a6	8d d3 59	sta $59d3	    sta DHCP_RENEW_SUBTICKS
.71a9	a9 01		lda #$01	    lda #$01
.71ab	8d d4 59	sta $59d4	    sta DHCP_RENEW_SECS_LO
.71ae	a9 00		lda #$00	    lda #$00
.71b0	8d d5 59	sta $59d5	    sta DHCP_RENEW_SECS_HI
.71b3					_dhcp_bound_done:
.71b3	60		rts		    rts
.71b4					DHCP_REMEMBER_OFFER_SERVER_IMPL:
.71b4	ad b9 59	lda $59b9	    lda DHCP_SERVER_ID+0
.71b7	0d ba 59	ora $59ba	    ora DHCP_SERVER_ID+1
.71ba	0d bb 59	ora $59bb	    ora DHCP_SERVER_ID+2
.71bd	0d bc 59	ora $59bc	    ora DHCP_SERVER_ID+3
.71c0	f0 0f		beq $71d1	    beq DHCP_REMEMBER_OFFER_BAD
.71c2	a2 00		ldx #$00	    ldx #$00
.71c4					DHCP_REMEMBER_OFFER_COPY:
.71c4	bd b9 59	lda $59b9,x	    lda DHCP_SERVER_ID,x
.71c7	9d bd 59	sta $59bd,x	    sta DHCP_SELECTED_SERVER_ID,x
.71ca	e8		inx		    inx
.71cb	e0 04		cpx #$04	    cpx #$04
.71cd	d0 f5		bne $71c4	    bne DHCP_REMEMBER_OFFER_COPY
.71cf	18		clc		    clc
.71d0	60		rts		    rts
.71d1					DHCP_REMEMBER_OFFER_BAD:
.71d1	38		sec		    sec
.71d2	60		rts		    rts
.71d3					DHCP_ACK_SANITY_IMPL:
.71d3	ad c1 59	lda $59c1	    lda DHCP_OFFER_IP+0
.71d6	0d c2 59	ora $59c2	    ora DHCP_OFFER_IP+1
.71d9	0d c3 59	ora $59c3	    ora DHCP_OFFER_IP+2
.71dc	0d c4 59	ora $59c4	    ora DHCP_OFFER_IP+3
.71df	f3 91 00	beq $7272	    beq DHCP_ACK_SANITY_BAD
.71e2	ad db 59	lda $59db	    lda opt_mask+0
.71e5	0d dc 59	ora $59dc	    ora opt_mask+1
.71e8	0d dd 59	ora $59dd	    ora opt_mask+2
.71eb	0d de 59	ora $59de	    ora opt_mask+3
.71ee	d0 20		bne $7210	    bne DHCP_ACK_MASK_READY
.71f0	ad d8 59	lda $59d8	    lda DHCP_REQUEST_IS_RENEW
.71f3	f0 7d		beq $7272	    beq DHCP_ACK_SANITY_BAD
.71f5	ad 10 21	lda $2110	    lda SUBNET_MASK+0
.71f8	0d 11 21	ora $2111	    ora SUBNET_MASK+1
.71fb	0d 12 21	ora $2112	    ora SUBNET_MASK+2
.71fe	0d 13 21	ora $2113	    ora SUBNET_MASK+3
.7201	f0 6f		beq $7272	    beq DHCP_ACK_SANITY_BAD
.7203	a2 00		ldx #$00	    ldx #$00
.7205					DHCP_ACK_KEEP_MASK_LOOP:
.7205	bd 10 21	lda $2110,x	    lda SUBNET_MASK,x
.7208	9d db 59	sta $59db,x	    sta opt_mask,x
.720b	e8		inx		    inx
.720c	e0 04		cpx #$04	    cpx #$04
.720e	d0 f5		bne $7205	    bne DHCP_ACK_KEEP_MASK_LOOP
.7210					DHCP_ACK_MASK_READY:
.7210	20 74 72	jsr $7274	    jsr DHCP_MASK_CONTIGUOUS
.7213	b0 5d		bcs $7272	    bcs DHCP_ACK_SANITY_BAD
.7215	a9 b5		lda #$b5	    lda #<ETH_RX_FRAME_PAYLOAD+8+$1c
.7217	18		clc		    clc
.7218	6d cc 59	adc $59cc	    adc DHCP_IP_IHL_BYTES
.721b	8d 28 72	sta $7228	    sta DHCP_ACK_CHADDR_READ+1
.721e	a9 28		lda #$28	    lda #>ETH_RX_FRAME_PAYLOAD+8+$1c
.7220	69 00		adc #$00	    adc #$00
.7222	8d 29 72	sta $7229	    sta DHCP_ACK_CHADDR_READ+2
.7225	a2 00		ldx #$00	    ldx #$00
.7227					DHCP_ACK_CHADDR_LOOP:
.7227					DHCP_ACK_CHADDR_READ:
.7227	bd ff ff	lda $ffff,x	    lda $ffff,x
.722a	dd 3b 22	cmp $223b,x	    cmp ETH_TX_FRAME_SRC_MAC,x
.722d	d0 43		bne $7272	    bne DHCP_ACK_SANITY_BAD
.722f	e8		inx		    inx
.7230	e0 06		cpx #$06	    cpx #$06
.7232	d0 f3		bne $7227	    bne DHCP_ACK_CHADDR_LOOP
.7234	ad bd 59	lda $59bd	    lda DHCP_SELECTED_SERVER_ID+0
.7237	0d be 59	ora $59be	    ora DHCP_SELECTED_SERVER_ID+1
.723a	0d bf 59	ora $59bf	    ora DHCP_SELECTED_SERVER_ID+2
.723d	0d c0 59	ora $59c0	    ora DHCP_SELECTED_SERVER_ID+3
.7240	f0 30		beq $7272	    beq DHCP_ACK_SANITY_BAD
.7242	ad b9 59	lda $59b9	    lda DHCP_SERVER_ID+0
.7245	0d ba 59	ora $59ba	    ora DHCP_SERVER_ID+1
.7248	0d bb 59	ora $59bb	    ora DHCP_SERVER_ID+2
.724b	0d bc 59	ora $59bc	    ora DHCP_SERVER_ID+3
.724e	f0 11		beq $7261	    beq DHCP_ACK_MATCH_SOURCE
.7250	a2 00		ldx #$00	    ldx #$00
.7252					DHCP_ACK_SERVER_ID_LOOP:
.7252	bd b9 59	lda $59b9,x	    lda DHCP_SERVER_ID,x
.7255	dd bd 59	cmp $59bd,x	    cmp DHCP_SELECTED_SERVER_ID,x
.7258	d0 18		bne $7272	    bne DHCP_ACK_SANITY_BAD
.725a	e8		inx		    inx
.725b	e0 04		cpx #$04	    cpx #$04
.725d	d0 f3		bne $7252	    bne DHCP_ACK_SERVER_ID_LOOP
.725f	18		clc		    clc
.7260	60		rts		    rts
.7261					DHCP_ACK_MATCH_SOURCE:
.7261	a2 00		ldx #$00	    ldx #$00
.7263					DHCP_ACK_SOURCE_LOOP:
.7263	bd 9d 28	lda $289d,x	    lda ETH_RX_FRAME_PAYLOAD+12,x
.7266	dd bd 59	cmp $59bd,x	    cmp DHCP_SELECTED_SERVER_ID,x
.7269	d0 07		bne $7272	    bne DHCP_ACK_SANITY_BAD
.726b	e8		inx		    inx
.726c	e0 04		cpx #$04	    cpx #$04
.726e	d0 f3		bne $7263	    bne DHCP_ACK_SOURCE_LOOP
.7270	18		clc		    clc
.7271	60		rts		    rts
.7272					DHCP_ACK_SANITY_BAD:
.7272	38		sec		    sec
.7273	60		rts		    rts
.7274					DHCP_MASK_CONTIGUOUS:
.7274	a2 00		ldx #$00	    ldx #$00
.7276	a0 00		ldy #$00	    ldy #$00
.7278					DHCP_MASK_CONTIGUOUS_LOOP:
.7278	bd db 59	lda $59db,x	    lda opt_mask,x
.727b	c0 00		cpy #$00	    cpy #$00
.727d	f0 06		beq $7285	    beq DHCP_MASK_HEAD
.727f	c9 00		cmp #$00	    cmp #$00
.7281	d0 26		bne $72a9	    bne DHCP_MASK_BAD
.7283	f0 28		beq $72ad	    beq DHCP_MASK_NEXT
.7285					DHCP_MASK_HEAD:
.7285	c9 ff		cmp #$ff	    cmp #$ff
.7287	f0 24		beq $72ad	    beq DHCP_MASK_NEXT
.7289	c9 00		cmp #$00	    cmp #$00
.728b	f0 1e		beq $72ab	    beq DHCP_MASK_ENTER_TAIL
.728d	c9 fe		cmp #$fe	    cmp #$fe
.728f	f0 1a		beq $72ab	    beq DHCP_MASK_ENTER_TAIL
.7291	c9 fc		cmp #$fc	    cmp #$fc
.7293	f0 16		beq $72ab	    beq DHCP_MASK_ENTER_TAIL
.7295	c9 f8		cmp #$f8	    cmp #$f8
.7297	f0 12		beq $72ab	    beq DHCP_MASK_ENTER_TAIL
.7299	c9 f0		cmp #$f0	    cmp #$f0
.729b	f0 0e		beq $72ab	    beq DHCP_MASK_ENTER_TAIL
.729d	c9 e0		cmp #$e0	    cmp #$e0
.729f	f0 0a		beq $72ab	    beq DHCP_MASK_ENTER_TAIL
.72a1	c9 c0		cmp #$c0	    cmp #$c0
.72a3	f0 06		beq $72ab	    beq DHCP_MASK_ENTER_TAIL
.72a5	c9 80		cmp #$80	    cmp #$80
.72a7	f0 02		beq $72ab	    beq DHCP_MASK_ENTER_TAIL
.72a9					DHCP_MASK_BAD:
.72a9	38		sec		    sec
.72aa	60		rts		    rts
.72ab					DHCP_MASK_ENTER_TAIL:
.72ab	a0 01		ldy #$01	    ldy #$01
.72ad					DHCP_MASK_NEXT:
.72ad	e8		inx		    inx
.72ae	e0 04		cpx #$04	    cpx #$04
.72b0	d0 c6		bne $7278	    bne DHCP_MASK_CONTIGUOUS_LOOP
.72b2	18		clc		    clc
.72b3	60		rts		    rts
.72b4					DHCP_SCHEDULE_RENEWAL_IMPL:
.72b4	ad c5 59	lda $59c5	    lda DHCP_LEASE_SECS+0
.72b7	0d c6 59	ora $59c6	    ora DHCP_LEASE_SECS+1
.72ba	0d c7 59	ora $59c7	    ora DHCP_LEASE_SECS+2
.72bd	0d c8 59	ora $59c8	    ora DHCP_LEASE_SECS+3
.72c0	d0 0f		bne $72d1	    bne _dhcp_lease_present
.72c2	a9 00		lda #$00	    lda #$00
.72c4	8d d2 59	sta $59d2	    sta DHCP_RENEW_ACTIVE
.72c7	8d d3 59	sta $59d3	    sta DHCP_RENEW_SUBTICKS
.72ca	8d d4 59	sta $59d4	    sta DHCP_RENEW_SECS_LO
.72cd	8d d5 59	sta $59d5	    sta DHCP_RENEW_SECS_HI
.72d0	60		rts		    rts
.72d1					_dhcp_lease_present:
.72d1	ad c5 59	lda $59c5	    lda DHCP_LEASE_SECS+0
.72d4	8d d6 59	sta $59d6	    sta DHCP_RENEW_TMP0
.72d7	ad c6 59	lda $59c6	    lda DHCP_LEASE_SECS+1
.72da	8d d7 59	sta $59d7	    sta DHCP_RENEW_TMP1
.72dd	ad c7 59	lda $59c7	    lda DHCP_LEASE_SECS+2
.72e0	8d d5 59	sta $59d5	    sta DHCP_RENEW_SECS_HI
.72e3	ad c8 59	lda $59c8	    lda DHCP_LEASE_SECS+3
.72e6	8d d4 59	sta $59d4	    sta DHCP_RENEW_SECS_LO
.72e9	4e d6 59	lsr $59d6	    lsr DHCP_RENEW_TMP0
.72ec	6e d7 59	ror $59d7	    ror DHCP_RENEW_TMP1
.72ef	6e d5 59	ror $59d5	    ror DHCP_RENEW_SECS_HI
.72f2	6e d4 59	ror $59d4	    ror DHCP_RENEW_SECS_LO
.72f5	ad d6 59	lda $59d6	    lda DHCP_RENEW_TMP0
.72f8	0d d7 59	ora $59d7	    ora DHCP_RENEW_TMP1
.72fb	f0 0a		beq $7307	    beq _dhcp_renew_not_capped
.72fd	a9 ff		lda #$ff	    lda #$ff
.72ff	8d d5 59	sta $59d5	    sta DHCP_RENEW_SECS_HI
.7302	8d d4 59	sta $59d4	    sta DHCP_RENEW_SECS_LO
.7305	80 11		bra $7318	    bra _dhcp_renew_enable
.7307					_dhcp_renew_not_capped:
.7307	ad d5 59	lda $59d5	    lda DHCP_RENEW_SECS_HI
.730a	d0 0c		bne $7318	    bne _dhcp_renew_enable
.730c	ad d4 59	lda $59d4	    lda DHCP_RENEW_SECS_LO
.730f	c9 3c		cmp #$3c	    cmp #60
.7311	b0 05		bcs $7318	    bcs _dhcp_renew_enable
.7313	a9 3c		lda #$3c	    lda #60
.7315	8d d4 59	sta $59d4	    sta DHCP_RENEW_SECS_LO
.7318					_dhcp_renew_enable:
.7318	a9 00		lda #$00	    lda #$00
.731a	8d d3 59	sta $59d3	    sta DHCP_RENEW_SUBTICKS
.731d	a9 06		lda #$06	    lda #DHCP_TICK_FRAMES
.731f	8d b2 59	sta $59b2	    sta DHCP_FRAME_TICKS
.7322	20 25 4f	jsr $4f25	    jsr ARP_READ_RASTER
.7325	ad 95 4b	lda $4b95	    lda ARP_CUR_RASTER_LO
.7328	8d b3 59	sta $59b3	    sta DHCP_LAST_RASTER_LO
.732b	ad 96 4b	lda $4b96	    lda ARP_CUR_RASTER_HI
.732e	8d b4 59	sta $59b4	    sta DHCP_LAST_RASTER_HI
.7331	a9 01		lda #$01	    lda #$01
.7333	8d d2 59	sta $59d2	    sta DHCP_RENEW_ACTIVE
.7336	60		rts		    rts
.7337					TCP_TIME_WAIT_FIN_SEQ_OK:
.7337	38		sec		    sec
.7338	ad 1d 21	lda $211d	    lda REMOTE_ISN+3
.733b	ed a4 21	sbc $21a4	    sbc SEG_SEQ+3
.733e	8d ff 6c	sta $6cff	    sta TCP_SEQ_DIFF+3
.7341	ad 1c 21	lda $211c	    lda REMOTE_ISN+2
.7344	ed a3 21	sbc $21a3	    sbc SEG_SEQ+2
.7347	8d fe 6c	sta $6cfe	    sta TCP_SEQ_DIFF+2
.734a	ad 1b 21	lda $211b	    lda REMOTE_ISN+1
.734d	ed a2 21	sbc $21a2	    sbc SEG_SEQ+1
.7350	8d fd 6c	sta $6cfd	    sta TCP_SEQ_DIFF+1
.7353	ad 1a 21	lda $211a	    lda REMOTE_ISN+0
.7356	ed a1 21	sbc $21a1	    sbc SEG_SEQ+0
.7359	8d fc 6c	sta $6cfc	    sta TCP_SEQ_DIFF+0
.735c	ad d3 2e	lda $2ed3	    lda TCP_RX_DATA_PAYLOAD_SIZE
.735f	18		clc		    clc
.7360	69 01		adc #$01	    adc #$01
.7362	8d 23 21	sta $2123	    sta REMOTE_ISN_TMP
.7365	ad d4 2e	lda $2ed4	    lda TCP_RX_DATA_PAYLOAD_SIZE+1
.7368	69 00		adc #$00	    adc #$00
.736a	8d 24 21	sta $2124	    sta REMOTE_ISN_TMP+1
.736d	ad fc 6c	lda $6cfc	    lda TCP_SEQ_DIFF+0
.7370	0d fd 6c	ora $6cfd	    ora TCP_SEQ_DIFF+1
.7373	d0 12		bne $7387	    bne _time_wait_seq_bad
.7375	ad fe 6c	lda $6cfe	    lda TCP_SEQ_DIFF+2
.7378	cd 24 21	cmp $2124	    cmp REMOTE_ISN_TMP+1
.737b	d0 0a		bne $7387	    bne _time_wait_seq_bad
.737d	ad ff 6c	lda $6cff	    lda TCP_SEQ_DIFF+3
.7380	cd 23 21	cmp $2123	    cmp REMOTE_ISN_TMP
.7383	d0 02		bne $7387	    bne _time_wait_seq_bad
.7385	18		clc		    clc
.7386	60		rts		    rts
.7387					_time_wait_seq_bad:
.7387	38		sec		    sec
.7388	60		rts		    rts
.7389					TCP_FIN_RETRY_INIT:
.7389	a9 06		lda #$06	    lda #TCP_TX_MAX_RETRIES
.738b	8d 29 21	sta $2129	    sta CONNECT_RETRY_LEFT
.738e	a9 2d		lda #$2d	    lda #TCP_TX_RETRY_TICKS
.7390	8d 28 21	sta $2128	    sta CONNECT_RETRY_TICKS
.7393	20 7e 33	jsr $337e	    jsr CONNECT_STAMP_TIMER
.7396	60		rts		    rts
.7397					TCP_FIN_RETRY_TICK:
.7397	20 98 6e	jsr $6e98	    jsr CONNECT_FRAME_WRAP_TICK
.739a	90 08		bcc $73a4	    bcc _fin_retry_wait
.739c	ad 28 21	lda $2128	    lda CONNECT_RETRY_TICKS
.739f	f0 04		beq $73a5	    beq _fin_retry_expired
.73a1	ce 28 21	dec $2128	    dec CONNECT_RETRY_TICKS
.73a4					_fin_retry_wait:
.73a4	60		rts		    rts
.73a5					_fin_retry_expired:
.73a5	ad 29 21	lda $2129	    lda CONNECT_RETRY_LEFT
.73a8	f0 1a		beq $73c4	    beq _fin_retry_timeout
.73aa	20 da 73	jsr $73da	    jsr TCP_RETRANSMIT_FIN
.73ad	b0 0c		bcs $73bb	    bcs _fin_retry_busy
.73af	ce 29 21	dec $2129	    dec CONNECT_RETRY_LEFT
.73b2	a9 2d		lda #$2d	    lda #TCP_TX_RETRY_TICKS
.73b4	8d 28 21	sta $2128	    sta CONNECT_RETRY_TICKS
.73b7	20 7e 33	jsr $337e	    jsr CONNECT_STAMP_TIMER
.73ba	60		rts		    rts
.73bb					_fin_retry_busy:
.73bb	a9 05		lda #$05	    lda #TCP_TX_BUSY_RETRY_TICKS
.73bd	8d 28 21	sta $2128	    sta CONNECT_RETRY_TICKS
.73c0	20 7e 33	jsr $337e	    jsr CONNECT_STAMP_TIMER
.73c3	60		rts		    rts
.73c4					_fin_retry_timeout:
.73c4	a9 00		lda #$00	    lda #$00
.73c6	8d 28 21	sta $2128	    sta CONNECT_RETRY_TICKS
.73c9	8d 29 21	sta $2129	    sta CONNECT_RETRY_LEFT
.73cc	a9 00		lda #$00	    lda #TCP_STATE_CLOSED
.73ce	8d 19 21	sta $2119	    sta TCP_STATE
.73d1	ad 19 4a	lda $4a19	    lda TCP_EVENT_FLAG
.73d4	09 04		ora #$04	    ora #EV_LOCAL_CLOSE
.73d6	8d 19 4a	sta $4a19	    sta TCP_EVENT_FLAG
.73d9	60		rts		    rts
.73da					TCP_RETRANSMIT_FIN:
.73da	a2 00		ldx #$00	    ldx #$00
.73dc					_fin_save_isn:
.73dc	bd 1e 21	lda $211e,x	    lda LOCAL_ISN,x
.73df	9d ea 2e	sta $2eea,x	    sta TX_SAVE_LOCAL_ISN,x
.73e2	e8		inx		    inx
.73e3	e0 04		cpx #$04	    cpx #$04
.73e5	d0 f5		bne $73dc	    bne _fin_save_isn
.73e7	ad 21 21	lda $2121	    lda LOCAL_ISN+3
.73ea	d0 13		bne $73ff	    bne _fin_dec_low
.73ec	ad 20 21	lda $2120	    lda LOCAL_ISN+2
.73ef	d0 0b		bne $73fc	    bne _fin_borrow_2
.73f1	ad 1f 21	lda $211f	    lda LOCAL_ISN+1
.73f4	d0 03		bne $73f9	    bne _fin_borrow_1
.73f6	ce 1e 21	dec $211e	    dec LOCAL_ISN+0
.73f9					_fin_borrow_1:
.73f9	ce 1f 21	dec $211f	    dec LOCAL_ISN+1
.73fc					_fin_borrow_2:
.73fc	ce 20 21	dec $2120	    dec LOCAL_ISN+2
.73ff					_fin_dec_low:
.73ff	ce 21 21	dec $2121	    dec LOCAL_ISN+3
.7402	a9 00		lda #$00	    lda #$00
.7404	8d f7 30	sta $30f7	    sta TCP_DATA_PAYLOAD_SIZE
.7407	8d f8 30	sta $30f8	    sta TCP_DATA_PAYLOAD_SIZE+1
.740a	a9 11		lda #$11	    lda #TCP_FLAG_FIN|TCP_FLAG_ACK
.740c	20 0e 43	jsr $430e	    jsr ETH_BUILD_TCPIP_PACKET
.740f	08		php		    php
.7410	a2 00		ldx #$00	    ldx #$00
.7412					_fin_restore_isn:
.7412	bd ea 2e	lda $2eea,x	    lda TX_SAVE_LOCAL_ISN,x
.7415	9d 1e 21	sta $211e,x	    sta LOCAL_ISN,x
.7418	e8		inx		    inx
.7419	e0 04		cpx #$04	    cpx #$04
.741b	d0 f5		bne $7412	    bne _fin_restore_isn
.741d	28		plp		    plp
.741e	b0 07		bcs $7427	    bcs _fin_retx_fail
.7420	20 70 42	jsr $4270	    jsr ETH_PACKET_SEND
.7423	b0 02		bcs $7427	    bcs _fin_retx_fail
.7425	18		clc		    clc
.7426	60		rts		    rts
.7427					_fin_retx_fail:
.7427	38		sec		    sec
.7428	60		rts		    rts
.7600	4c 30 76	jmp $7630	    jmp ETH_TCP_SEND_BYTE
.7603	4c 61 76	jmp $7661	    jmp ETH_DNS_LOOKUP_BUFFER
.7606	4c ca 6e	jmp $6eca	    jmp ETH_INIT_ML_SAFE
.7609	4c 3d 71	jmp $713d	    jmp ETH_RESERVED_ZERO
.760c	4c 3d 71	jmp $713d	    jmp ETH_RESERVED_ZERO
.760f	4c 6c 76	jmp $766c	    jmp ETH_DNS_START_BUFFER
.7612	4c 3d 71	jmp $713d	    jmp ETH_RESERVED_ZERO
.7615	4c 3d 71	jmp $713d	    jmp ETH_RESERVED_ZERO
.7618	4c 80 76	jmp $7680	    jmp ETH_DNS_START_BUFFER_YLEN
.761b	4c 0d 77	jmp $770d	    jmp ETH_ML_CALL_STAGED
.761e	4c 01 77	jmp $7701	    jmp ETH_RBUF_GET_BYTE
.7621	4c 6b 70	jmp $706b	    jmp ETH_RBUF_GET_BLOCK
.7624	4c 3d 71	jmp $713d	    jmp ETH_RESERVED_ZERO
.7627	4c 3d 71	jmp $713d	    jmp ETH_RESERVED_ZERO
.762a	4c 3d 71	jmp $713d	    jmp ETH_RESERVED_ZERO
.762d	4c 3d 71	jmp $713d	    jmp ETH_RESERVED_ZERO
.7630					ETH_TCP_SEND_BYTE:
.7630	8d 3f 76	sta $763f	    sta _eth_send_loop + 1
.7633	8e 40 76	stx $7640	    stx _eth_send_loop + 2
.7636	8c f7 30	sty $30f7	    sty tcp_data_payload_size
.7639	9c f8 30	stz $30f8	    stz tcp_data_payload_size + 1
.763c	a0 00		ldy #$00	    ldy #0
.763e					_eth_send_loop:
.763e	b9 00 a0	lda $a000,y	    lda $A000, y
.7641	99 1b 31	sta $311b,y	    sta TCP_DATA_PAYLOAD, y
.7644	c8		iny		    iny
.7645	cc f7 30	cpy $30f7	    cpy tcp_data_payload_size
.7648	d0 f4		bne $763e	    bne _eth_send_loop
.764a	ad 19 21	lda $2119	    lda TCP_STATE
.764d	c9 04		cmp #$04	    cmp #TCP_STATE_ESTABLISHED
.764f	d0 09		bne $765a	    bne _send_byte_fail
.7651	20 90 35	jsr $3590	    jsr ETH_TCP_SEND
.7654	b0 04		bcs $765a	    bcs _send_byte_fail
.7656	a9 01		lda #$01	    lda #$01
.7658	18		clc		    clc
.7659	60		rts		    rts
.765a					_send_byte_fail:
.765a	20 93 48	jsr $4893	    jsr CLEAR_TCP_PAYLOAD
.765d	a9 00		lda #$00	    lda #$00
.765f	38		sec		    sec
.7660	60		rts		    rts
.7661					ETH_DNS_LOOKUP_BUFFER:
.7661	20 91 76	jsr $7691	    jsr ETH_DNS_COPY_BUFFER
.7664	b0 03		bcs $7669	    bcs ETH_DNS_LOOKUP_BUFFER_FAIL
.7666	4c 0a 62	jmp $620a	    jmp DNS_LOOKUP_HOSTSTR
.7669					ETH_DNS_LOOKUP_BUFFER_FAIL:
.7669	4c 3f 62	jmp $623f	    jmp DNS_LOOKUP_FAIL
.766c					ETH_DNS_START_BUFFER:
.766c	20 91 76	jsr $7691	    jsr ETH_DNS_COPY_BUFFER
.766f	b0 0c		bcs $767d	    bcs ETH_DNS_START_BUFFER_FAIL
.7671	a9 b5		lda #$b5	    lda #<host_str
.7673	a2 21		ldx #$21	    ldx #>host_str
.7675	20 65 53	jsr $5365	    jsr DNS_RESOLVE_START
.7678	b0 03		bcs $767d	    bcs ETH_DNS_START_BUFFER_FAIL
.767a	a9 01		lda #$01	    lda #$01
.767c	60		rts		    rts
.767d					ETH_DNS_START_BUFFER_FAIL:
.767d	a9 00		lda #$00	    lda #$00
.767f	60		rts		    rts
.7680					ETH_DNS_START_BUFFER_YLEN:
.7680	20 a0 76	jsr $76a0	    jsr ETH_DNS_COPY_BUFFER_YLEN_BANK1
.7683	b0 f8		bcs $767d	    bcs ETH_DNS_START_BUFFER_FAIL
.7685	a9 b5		lda #$b5	    lda #<host_str
.7687	a2 21		ldx #$21	    ldx #>host_str
.7689	20 65 53	jsr $5365	    jsr DNS_RESOLVE_START
.768c	b0 ef		bcs $767d	    bcs ETH_DNS_START_BUFFER_FAIL
.768e	a9 01		lda #$01	    lda #$01
.7690	60		rts		    rts
.7691					ETH_DNS_COPY_BUFFER:
.7691	8d e0 76	sta $76e0	    sta DNS_COPY_SRC_ADDR+0
.7694	8e e1 76	stx $76e1	    stx DNS_COPY_SRC_ADDR+1
.7697	8c e2 76	sty $76e2	    sty DNS_COPY_SRC_ADDR+2
.769a	a9 30		lda #$30	    lda #$30
.769c	6b		tza		    tza
.769d	4c c5 76	jmp $76c5	    jmp ETH_DNS_COPY_BUFFER_LEN_A
.76a0					ETH_DNS_COPY_BUFFER_YLEN_BANK1:
.76a0	8d e0 76	sta $76e0	    sta DNS_COPY_SRC_ADDR+0
.76a3	8e e1 76	stx $76e1	    stx DNS_COPY_SRC_ADDR+1
.76a6	a9 01		lda #$01	    lda #$01
.76a8	8d e2 76	sta $76e2	    sta DNS_COPY_SRC_ADDR+2
.76ab	a9 32		lda #$32	    lda #$32
.76ad	e0 20		cpx #$20	    cpx #BANK1_WORKSPACE_LOW_HI
.76af	90 42		bcc $76f3	    bcc ETH_DNS_COPY_BUFFER_BANK1_RANGE_FAIL
.76b1	e0 f8		cpx #$f8	    cpx #BANK1_COLOR_SHADOW_HI
.76b3	b0 3e		bcs $76f3	    bcs ETH_DNS_COPY_BUFFER_BANK1_RANGE_FAIL
.76b5	e0 f7		cpx #$f7	    cpx #BANK1_COLOR_SHADOW_HI-1
.76b7	d0 0b		bne $76c4	    bne _bank1_range_ok
.76b9	98		tya		    tya
.76ba	18		clc		    clc
.76bb	6d e0 76	adc $76e0	    adc DNS_COPY_SRC_ADDR+0
.76be	90 04		bcc $76c4	    bcc _bank1_range_ok
.76c0	f0 02		beq $76c4	    beq _bank1_range_ok
.76c2	80 2f		bra $76f3	    bra ETH_DNS_COPY_BUFFER_BANK1_RANGE_FAIL
.76c4					_bank1_range_ok:
.76c4	98		tya		    tya
.76c5					ETH_DNS_COPY_BUFFER_LEN_A:
.76c5	f0 36		beq $76fd	    beq ETH_DNS_COPY_BUFFER_FAIL
.76c7	c9 80		cmp #$80	    cmp #DNS_HOST_BUFFER_SIZE
.76c9	b0 32		bcs $76fd	    bcs ETH_DNS_COPY_BUFFER_FAIL
.76cb	8d de 76	sta $76de	    sta DNS_COPY_BUF_LEN+0
.76ce	a9 00		lda #$00	    lda #$00
.76d0	8d df 76	sta $76df	    sta DNS_COPY_BUF_LEN+1
.76d3	a9 00		lda #$00	    lda #$00
.76d5	8d 07 d7	sta $d707	    sta $D707
>76d8	80				    .byte $80                                   ; enhanced DMA - src bits 20-27
>76d9	00				    .byte $00
>76da	81				    .byte $81                                   ; enhanced DMA - dest bits 20-27
>76db	00				    .byte $00
>76dc	00				    .byte $00                                   ; end of job options
>76dd	00				    .byte $00                                   ; copy
.76de					DNS_COPY_BUF_LEN:
>76de	00 00				    .byte $00, $00                              ; length lsb, msb
.76e0					DNS_COPY_SRC_ADDR:
>76e0	00 00 00			    .byte $00, $00, $00                         ; source lsb, msb, bank
.76e3					DNS_COPY_DEST_ADDR:
>76e3	b5 21 00			    .byte <host_str, >host_str, EXEC_BANK       ; dest lsb, msb, bank
>76e6	00				    .byte $00                                   ; command high byte
>76e7	00 00				    .word $0000                                 ; modulo (ignored)
.76e9	ac de 76	ldy $76de	    ldy DNS_COPY_BUF_LEN+0
.76ec	a9 00		lda #$00	    lda #$00
.76ee	99 b5 21	sta $21b5,y	    sta host_str,y
.76f1	18		clc		    clc
.76f2	60		rts		    rts
.76f3					ETH_DNS_COPY_BUFFER_BANK1_RANGE_FAIL:
.76f3	a9 33		lda #$33	    lda #$33
.76f5	ad e1 76	lda $76e1	    lda DNS_COPY_SRC_ADDR+1
.76f8	ad e0 76	lda $76e0	    lda DNS_COPY_SRC_ADDR+0
.76fb	38		sec		    sec
.76fc	60		rts		    rts
.76fd					ETH_DNS_COPY_BUFFER_FAIL:
.76fd	a9 31		lda #$31	    lda #$31
.76ff	38		sec		    sec
.7700	60		rts		    rts
.7701					ETH_RBUF_GET_BYTE:
.7701	20 d7 40	jsr $40d7	    jsr RBUF_GET
.7704	b0 03		bcs $7709	    bcs _ml_rbuf_empty
.7706	a2 01		ldx #$01	    ldx #$01
.7708	60		rts		    rts
.7709					_ml_rbuf_empty:
.7709	a9 00		lda #$00	    lda #$00
.770b	aa		tax		    tax
.770c	60		rts		    rts
.770d					ETH_ML_CALL_STAGED:
.770d	ad c0 77	lda $77c0	    lda ML_CALL_TARGET_LO
.7710	8d 27 77	sta $7727	    sta _ml_call_jsr+1
.7713	ad c1 77	lda $77c1	    lda ML_CALL_TARGET_HI
.7716	8d 28 77	sta $7728	    sta _ml_call_jsr+2
.7719	ad c5 77	lda $77c5	    lda ML_CALL_ARG_Z
.771c	4b		taz		    taz
.771d	ac c4 77	ldy $77c4	    ldy ML_CALL_ARG_Y
.7720	ae c3 77	ldx $77c3	    ldx ML_CALL_ARG_X
.7723	ad c2 77	lda $77c2	    lda ML_CALL_ARG_A
.7726					_ml_call_jsr:
.7726	20 ff ff	jsr $ffff	    jsr $ffff
.7729	08		php		    php
.772a	8d c6 77	sta $77c6	    sta ML_CALL_RET_A
.772d	8e c7 77	stx $77c7	    stx ML_CALL_RET_X
.7730	8c c8 77	sty $77c8	    sty ML_CALL_RET_Y
.7733	6b		tza		    tza
.7734	8d c9 77	sta $77c9	    sta ML_CALL_RET_Z
.7737	a9 00		lda #$00	    lda #$00
.7739	5b		tad		    tab
.773a	ad c9 77	lda $77c9	    lda ML_CALL_RET_Z
.773d	4b		taz		    taz
.773e	ac c8 77	ldy $77c8	    ldy ML_CALL_RET_Y
.7741	ae c7 77	ldx $77c7	    ldx ML_CALL_RET_X
.7744	ad c6 77	lda $77c6	    lda ML_CALL_RET_A
.7747	28		plp		    plp
.7748	60		rts		    rts
>77c0	00				ML_CALL_TARGET_LO:      .byte $00
>77c1	00				ML_CALL_TARGET_HI:      .byte $00
>77c2	00				ML_CALL_ARG_A:          .byte $00
>77c3	00				ML_CALL_ARG_X:          .byte $00
>77c4	00				ML_CALL_ARG_Y:          .byte $00
>77c5	00				ML_CALL_ARG_Z:          .byte $00
>77c6	00				ML_CALL_RET_A:          .byte $00
>77c7	00				ML_CALL_RET_X:          .byte $00
>77c8	00				ML_CALL_RET_Y:          .byte $00
>77c9	00				ML_CALL_RET_Z:          .byte $00

;******  End of listing
